order_id,order_date,customer_id,customer_name,product,category,region,quantity,unit_price,revenue,discount,profit
1,2025-11-24,CUST0058,Customer 0058,Laptop,Electronics,North,3,65000,185250.0,0.05,20506.87
2,2025-12-13,CUST0380,Customer 0380,Jeans,Fashion,North,1,2500,2200.0,0.12,191.38
3,2025-04-22,CUST0120,Customer 0120,Jeans,Fashion,West,5,2500,12375.0,0.01,1531.34
4,2025-04-23,CUST0230,Customer 0230,Coffee,Grocery,South,3,500,1260.0,0.16,102.6
5,2025-12-24,CUST0217,Customer 0217,Desk,Furniture,East,3,12000,34920.0,0.03,10147.29
6,2025-02-22,CUST0048,Customer 0048,Shoes,Fashion,East,1,4000,3720.0,0.07,579.09
7,2025-01-23,CUST0374,Customer 0374,T-Shirt,Fashion,North,5,1200,5880.0,0.02,1663.48
8,2025-10-10,CUST0151,Customer 0151,Rice,Grocery,South,5,1000,4100.0,0.18,654.19
9,2025-12-27,CUST0036,Customer 0036,Laptop,Electronics,South,2,65000,110500.0,0.15,32790.74
10,2025-02-21,CUST0195,Customer 0195,Chair,Furniture,East,4,7000,24360.0,0.13,3904.01
11,2025-07-01,CUST0108,Customer 0108,Rice,Grocery,North,3,1000,2580.0,0.14,594.38
12,2025-11-08,CUST0326,Customer 0326,Headphones,Electronics,West,5,3000,12750.0,0.15,1478.34
13,2025-05-19,CUST0474,Customer 0474,Rice,Grocery,North,5,1000,4800.0,0.04,726.44
14,2025-04-28,CUST0421,Customer 0421,Laptop,Electronics,East,3,65000,179400.0,0.08,16964.33
15,2025-04-19,CUST0336,Customer 0336,T-Shirt,Fashion,South,4,1200,3936.0,0.18,871.54
16,2025-05-16,CUST0072,Customer 0072,Keyboard,Electronics,West,5,2500,11125.0,0.11,2718.32
17,2025-10-26,CUST0205,Customer 0205,Desk,Furniture,West,2,12000,19200.0,0.2,2120.31
18,2025-02-16,CUST0387,Customer 0387,Laptop,Electronics,West,1,65000,63050.0,0.03,7263.11
19,2025-11-02,CUST0033,Customer 0033,Shoes,Fashion,East,4,4000,14080.0,0.12,2576.23
20,2025-10-11,CUST0441,Customer 0441,Laptop,Electronics,East,1,65000,55900.0,0.14,11075.66
21,2025-11-25,CUST0175,Customer 0175,Phone,Electronics,East,3,30000,81900.0,0.09,14727.19
22,2025-09-14,CUST0391,Customer 0391,Headphones,Electronics,East,5,3000,12300.0,0.18,3339.62
23,2025-11-24,CUST0260,Customer 0260,Coffee,Grocery,North,2,500,970.0,0.03,240.32
24,2025-11-03,CUST0166,Customer 0166,T-Shirt,Fashion,East,1,1200,1176.0,0.02,187.99
25,2025-05-03,CUST0030,Customer 0030,Keyboard,Electronics,West,5,2500,10125.0,0.19,1000.79
26,2025-02-05,CUST0390,Customer 0390,Jeans,Fashion,South,2,2500,4850.0,0.03,895.13
27,2025-05-16,CUST0271,Customer 0271,Coffee,Grocery,South,4,500,1620.0,0.19,460.66
28,2025-06-09,CUST0205,Customer 0205,Rice,Grocery,North,3,1000,2730.0,0.09,529.26
29,2025-05-07,CUST0116,Customer 0116,Phone,Electronics,South,3,30000,90000.0,0.0,18167.65
30,2025-01-04,CUST0037,Customer 0037,Oil,Grocery,East,1,1500,1425.0,0.05,397.85
31,2025-02-06,CUST0264,Customer 0264,Keyboard,Electronics,South,3,2500,6525.0,0.13,829.54
32,2025-10-20,CUST0296,Customer 0296,T-Shirt,Fashion,South,2,1200,2016.0,0.16,519.42
33,2025-02-18,CUST0050,Customer 0050,Rice,Grocery,North,4,1000,3720.0,0.07,634.05
34,2025-12-11,CUST0335,Customer 0335,Rice,Grocery,North,1,1000,990.0,0.01,237.8
35,2025-05-08,CUST0099,Customer 0099,Keyboard,Electronics,East,5,2500,11375.0,0.09,1965.76
36,2025-08-25,CUST0128,Customer 0128,Phone,Electronics,North,4,30000,100800.0,0.16,27045.92
37,2025-01-26,CUST0334,Customer 0334,Jeans,Fashion,South,1,2500,2025.0,0.19,574.7
38,2025-03-27,CUST0209,Customer 0209,T-Shirt,Fashion,North,4,1200,4608.0,0.04,775.2
39,2025-03-26,CUST0195,Customer 0195,Laptop,Electronics,West,4,65000,247000.0,0.05,62366.4
40,2025-05-27,CUST0217,Customer 0217,Oil,Grocery,South,5,1500,6525.0,0.13,1220.62
41,2025-06-01,CUST0112,Customer 0112,Laptop,Electronics,East,5,65000,276250.0,0.15,25804.7
42,2025-01-30,CUST0026,Customer 0026,Coffee,Grocery,South,4,500,1800.0,0.1,481.68
43,2025-01-30,CUST0492,Customer 0492,Jeans,Fashion,North,1,2500,2075.0,0.17,197.28
44,2025-12-12,CUST0442,Customer 0442,Keyboard,Electronics,South,4,2500,9800.0,0.02,2703.46
45,2025-10-24,CUST0305,Customer 0305,Laptop,Electronics,East,5,65000,318500.0,0.02,71542.14
46,2025-05-14,CUST0105,Customer 0105,Rice,Grocery,East,3,1000,2850.0,0.05,476.16
47,2025-08-23,CUST0162,Customer 0162,Phone,Electronics,North,1,30000,27300.0,0.09,8180.72
48,2025-02-07,CUST0276,Customer 0276,Keyboard,Electronics,North,5,2500,11875.0,0.05,3388.14
49,2025-05-06,CUST0190,Customer 0190,Chair,Furniture,East,2,7000,12740.0,0.09,2541.73
50,2025-11-10,CUST0414,Customer 0414,Rice,Grocery,East,5,1000,5000.0,0.0,1298.81
51,2025-12-06,CUST0054,Customer 0054,Headphones,Electronics,South,3,3000,8820.0,0.02,913.29
52,2025-05-20,CUST0145,Customer 0145,Coffee,Grocery,East,2,500,860.0,0.14,107.32
53,2025-09-16,CUST0251,Customer 0251,Chair,Furniture,East,1,7000,6860.0,0.02,1188.06
54,2025-01-23,CUST0002,Customer 0002,Desk,Furniture,West,2,12000,20880.0,0.13,2873.72
55,2025-10-10,CUST0362,Customer 0362,Shoes,Fashion,South,5,4000,20000.0,0.0,1931.07
56,2025-10-07,CUST0019,Customer 0019,Desk,Furniture,North,5,12000,53400.0,0.11,9321.13
57,2025-06-07,CUST0187,Customer 0187,Laptop,Electronics,North,3,65000,187200.0,0.04,25252.63
58,2025-07-01,CUST0400,Customer 0400,Jeans,Fashion,South,4,2500,8100.0,0.19,1983.57
59,2025-03-25,CUST0500,Customer 0500,Headphones,Electronics,East,4,3000,12000.0,0.0,2904.53
60,2025-07-30,CUST0411,Customer 0411,Rice,Grocery,North,2,1000,1900.0,0.05,481.12
61,2025-07-15,CUST0447,Customer 0447,Laptop,Electronics,West,4,65000,249600.0,0.04,64808.4
62,2025-06-29,CUST0157,Customer 0157,Keyboard,Electronics,East,2,2500,5000.0,0.0,612.44
63,2025-05-23,CUST0443,Customer 0443,Phone,Electronics,East,3,30000,83700.0,0.07,16076.2
64,2025-01-15,CUST0060,Customer 0060,Chair,Furniture,North,2,7000,12320.0,0.12,3651.42
65,2025-02-25,CUST0306,Customer 0306,Shoes,Fashion,North,3,4000,10200.0,0.15,1519.89
66,2025-07-17,CUST0461,Customer 0461,Coffee,Grocery,North,2,500,950.0,0.05,224.14
67,2025-09-24,CUST0474,Customer 0474,Jeans,Fashion,East,2,2500,4650.0,0.07,443.58
68,2025-11-16,CUST0161,Customer 0161,Rice,Grocery,East,1,1000,860.0,0.14,125.62
69,2025-12-08,CUST0210,Customer 0210,Desk,Furniture,South,4,12000,41280.0,0.14,8337.35
70,2025-08-04,CUST0341,Customer 0341,Shoes,Fashion,North,2,4000,7040.0,0.12,1029.31
71,2025-06-05,CUST0147,Customer 0147,Keyboard,Electronics,East,4,2500,8400.0,0.16,1793.11
72,2025-08-27,CUST0227,Customer 0227,T-Shirt,Fashion,South,2,1200,2160.0,0.1,549.98
73,2025-12-04,CUST0044,Customer 0044,Chair,Furniture,North,5,7000,30450.0,0.13,6584.43
74,2025-05-01,CUST0345,Customer 0345,Chair,Furniture,North,2,7000,11760.0,0.16,1322.03
75,2025-05-06,CUST0244,Customer 0244,Coffee,Grocery,South,1,500,455.0,0.09,125.1
76,2025-12-23,CUST0197,Customer 0197,T-Shirt,Fashion,North,4,1200,4560.0,0.05,1022.96
77,2025-02-24,CUST0399,Customer 0399,Shoes,Fashion,West,2,4000,7680.0,0.04,2232.98
78,2025-01-26,CUST0286,Customer 0286,Keyboard,Electronics,East,1,2500,2275.0,0.09,583.11
79,2025-08-15,CUST0314,Customer 0314,Oil,Grocery,West,5,1500,6825.0,0.09,1907.64
80,2025-03-23,CUST0381,Customer 0381,T-Shirt,Fashion,East,4,1200,4560.0,0.05,612.83
81,2025-09-24,CUST0249,Customer 0249,Rice,Grocery,East,2,1000,1900.0,0.05,184.39
82,2025-05-01,CUST0140,Customer 0140,Desk,Furniture,South,3,12000,29520.0,0.18,2884.9
83,2025-04-29,CUST0197,Customer 0197,Oil,Grocery,West,2,1500,2580.0,0.14,242.86
84,2025-06-19,CUST0278,Customer 0278,T-Shirt,Fashion,West,4,1200,4752.0,0.01,1250.9
85,2025-10-27,CUST0485,Customer 0485,Oil,Grocery,West,1,1500,1245.0,0.17,309.3
86,2025-09-02,CUST0004,Customer 0004,Desk,Furniture,West,3,12000,30600.0,0.15,8193.41
87,2025-10-03,CUST0383,Customer 0383,Oil,Grocery,West,5,1500,6300.0,0.16,1748.37
88,2025-04-23,CUST0140,Customer 0140,Shoes,Fashion,West,4,4000,15840.0,0.01,2438.54
89,2025-03-26,CUST0431,Customer 0431,T-Shirt,Fashion,West,2,1200,1920.0,0.2,379.21
90,2025-10-31,CUST0289,Customer 0289,Rice,Grocery,West,1,1000,980.0,0.02,170.81
91,2025-04-04,CUST0026,Customer 0026,Chair,Furniture,East,4,7000,26040.0,0.07,4688.08
92,2025-07-14,CUST0143,Customer 0143,Shoes,Fashion,North,3,4000,9960.0,0.17,1827.34
93,2025-06-29,CUST0115,Customer 0115,Rice,Grocery,North,1,1000,840.0,0.16,187.64
94,2025-05-07,CUST0103,Customer 0103,Laptop,Electronics,North,5,65000,315250.0,0.03,33974.06
95,2025-10-16,CUST0486,Customer 0486,Keyboard,Electronics,South,4,2500,8600.0,0.14,2138.97
96,2025-11-07,CUST0311,Customer 0311,Oil,Grocery,East,1,1500,1260.0,0.16,146.2
97,2025-02-25,CUST0297,Customer 0297,Laptop,Electronics,West,3,65000,171600.0,0.12,48007.8
98,2025-07-23,CUST0483,Customer 0483,Oil,Grocery,South,2,1500,2940.0,0.02,681.89
99,2025-02-22,CUST0357,Customer 0357,Chair,Furniture,North,5,7000,29400.0,0.16,7502.0
100,2025-06-27,CUST0273,Customer 0273,Shoes,Fashion,North,3,4000,11880.0,0.01,2642.82
101,2025-08-04,CUST0422,Customer 0422,T-Shirt,Fashion,West,1,1200,1092.0,0.09,174.37
102,2025-12-29,CUST0079,Customer 0079,Shoes,Fashion,East,2,4000,6800.0,0.15,1988.35
103,2025-11-12,CUST0414,Customer 0414,Jeans,Fashion,East,4,2500,9100.0,0.09,2381.12
104,2025-06-15,CUST0437,Customer 0437,Keyboard,Electronics,West,1,2500,2350.0,0.06,421.06
105,2025-10-19,CUST0313,Customer 0313,Rice,Grocery,East,4,1000,3720.0,0.07,702.14
106,2025-04-04,CUST0250,Customer 0250,Keyboard,Electronics,East,3,2500,6300.0,0.16,975.71
107,2025-10-12,CUST0006,Customer 0006,Jeans,Fashion,West,2,2500,4900.0,0.02,1168.24
108,2025-10-12,CUST0389,Customer 0389,Keyboard,Electronics,North,4,2500,8700.0,0.13,1635.43
109,2025-02-17,CUST0151,Customer 0151,Keyboard,Electronics,East,4,2500,8600.0,0.14,1267.34
110,2025-08-31,CUST0284,Customer 0284,Jeans,Fashion,East,3,2500,6825.0,0.09,1666.02
111,2025-06-30,CUST0360,Customer 0360,T-Shirt,Fashion,South,3,1200,3384.0,0.06,442.35
112,2025-06-11,CUST0062,Customer 0062,Oil,Grocery,South,5,1500,6075.0,0.19,1408.4
113,2025-04-21,CUST0379,Customer 0379,T-Shirt,Fashion,East,3,1200,3096.0,0.14,912.87
114,2025-02-21,CUST0427,Customer 0427,Keyboard,Electronics,North,3,2500,7125.0,0.05,851.27
115,2025-12-29,CUST0274,Customer 0274,Headphones,Electronics,East,3,3000,8910.0,0.01,819.68
116,2025-12-24,CUST0484,Customer 0484,Headphones,Electronics,East,4,3000,11760.0,0.02,972.53
117,2025-08-29,CUST0246,Customer 0246,T-Shirt,Fashion,West,3,1200,3456.0,0.04,315.54
118,2025-02-28,CUST0421,Customer 0421,Phone,Electronics,North,4,30000,108000.0,0.1,22350.02
119,2025-03-19,CUST0077,Customer 0077,Coffee,Grocery,West,3,500,1470.0,0.02,197.86
120,2025-11-07,CUST0306,Customer 0306,Coffee,Grocery,West,2,500,840.0,0.16,137.49
121,2025-06-02,CUST0441,Customer 0441,Coffee,Grocery,North,4,500,1880.0,0.06,407.26
122,2025-04-17,CUST0321,Customer 0321,Keyboard,Electronics,South,3,2500,6525.0,0.13,747.46
123,2025-10-10,CUST0039,Customer 0039,Headphones,Electronics,West,1,3000,2760.0,0.08,639.39
124,2025-05-30,CUST0017,Customer 0017,Keyboard,Electronics,West,3,2500,6450.0,0.14,1513.54
125,2025-02-06,CUST0352,Customer 0352,Keyboard,Electronics,South,3,2500,6300.0,0.16,1370.33
126,2025-08-06,CUST0059,Customer 0059,Jeans,Fashion,South,2,2500,4350.0,0.13,1217.35
127,2025-02-06,CUST0031,Customer 0031,Headphones,Electronics,East,3,3000,7920.0,0.12,2069.76
128,2025-08-13,CUST0064,Customer 0064,T-Shirt,Fashion,West,3,1200,3096.0,0.14,889.76
129,2025-08-13,CUST0042,Customer 0042,Coffee,Grocery,East,1,500,410.0,0.18,99.05
130,2025-01-14,CUST0047,Customer 0047,Keyboard,Electronics,East,5,2500,11000.0,0.12,930.2
131,2025-10-23,CUST0021,Customer 0021,Headphones,Electronics,East,4,3000,10800.0,0.1,1914.74
132,2025-04-03,CUST0300,Customer 0300,Shoes,Fashion,West,4,4000,12960.0,0.19,2376.89
133,2025-06-20,CUST0165,Customer 0165,Rice,Grocery,West,1,1000,830.0,0.17,126.62
134,2025-05-28,CUST0340,Customer 0340,Shoes,Fashion,East,5,4000,19800.0,0.01,1967.59
135,2025-06-15,CUST0060,Customer 0060,Shoes,Fashion,West,5,4000,16800.0,0.16,1348.25
136,2025-07-31,CUST0028,Customer 0028,Keyboard,Electronics,West,5,2500,11625.0,0.07,2864.6
137,2025-01-27,CUST0105,Customer 0105,Chair,Furniture,West,5,7000,33950.0,0.03,4867.29
138,2025-03-04,CUST0015,Customer 0015,Rice,Grocery,East,5,1000,4200.0,0.16,991.84
139,2025-10-10,CUST0008,Customer 0008,Jeans,Fashion,North,4,2500,9800.0,0.02,2923.31
140,2025-08-25,CUST0485,Customer 0485,Phone,Electronics,East,2,30000,54000.0,0.1,12833.25
141,2025-08-01,CUST0428,Customer 0428,T-Shirt,Fashion,West,4,1200,4560.0,0.05,917.83
142,2025-04-08,CUST0472,Customer 0472,Coffee,Grocery,North,5,500,2125.0,0.15,233.82
143,2025-05-22,CUST0396,Customer 0396,Shoes,Fashion,North,3,4000,9720.0,0.19,1863.35
144,2025-05-25,CUST0372,Customer 0372,Chair,Furniture,South,5,7000,30800.0,0.12,6935.76
145,2025-08-17,CUST0276,Customer 0276,T-Shirt,Fashion,West,3,1200,3348.0,0.07,829.74
146,2025-08-22,CUST0478,Customer 0478,Desk,Furniture,West,2,12000,19200.0,0.2,2544.71
147,2025-04-30,CUST0439,Customer 0439,Shoes,Fashion,West,1,4000,3760.0,0.06,692.05
148,2025-07-17,CUST0340,Customer 0340,Rice,Grocery,East,2,1000,1800.0,0.1,158.66
149,2025-02-21,CUST0448,Customer 0448,T-Shirt,Fashion,South,1,1200,1068.0,0.11,192.8
150,2025-07-29,CUST0446,Customer 0446,Rice,Grocery,East,2,1000,1980.0,0.01,498.83
151,2025-06-23,CUST0320,Customer 0320,Oil,Grocery,West,4,1500,5220.0,0.13,1395.77
152,2025-06-12,CUST0321,Customer 0321,Oil,Grocery,North,4,1500,4980.0,0.17,437.73
153,2025-05-01,CUST0324,Customer 0324,Rice,Grocery,West,3,1000,2400.0,0.2,586.29
154,2025-02-20,CUST0390,Customer 0390,Rice,Grocery,North,1,1000,910.0,0.09,211.74
155,2025-01-24,CUST0167,Customer 0167,Laptop,Electronics,South,3,65000,181350.0,0.07,31691.11
156,2025-09-29,CUST0211,Customer 0211,Coffee,Grocery,West,2,500,970.0,0.03,94.45
157,2025-11-14,CUST0350,Customer 0350,Keyboard,Electronics,West,4,2500,8200.0,0.18,914.18
158,2025-11-23,CUST0131,Customer 0131,T-Shirt,Fashion,West,3,1200,3132.0,0.13,869.94
159,2025-05-28,CUST0347,Customer 0347,Jeans,Fashion,East,2,2500,4950.0,0.01,1425.36
160,2025-11-24,CUST0493,Customer 0493,Shoes,Fashion,West,3,4000,10920.0,0.09,1599.42
161,2025-09-05,CUST0055,Customer 0055,Keyboard,Electronics,East,4,2500,8900.0,0.11,1837.48
162,2025-01-12,CUST0425,Customer 0425,Rice,Grocery,North,4,1000,3800.0,0.05,777.12
163,2025-11-07,CUST0382,Customer 0382,T-Shirt,Fashion,East,3,1200,3024.0,0.16,395.01
164,2025-04-23,CUST0326,Customer 0326,Keyboard,Electronics,South,5,2500,11875.0,0.05,2923.95
165,2025-11-18,CUST0050,Customer 0050,Rice,Grocery,East,1,1000,940.0,0.06,166.36
166,2025-03-09,CUST0047,Customer 0047,Chair,Furniture,South,3,7000,17850.0,0.15,2117.74
167,2025-10-04,CUST0449,Customer 0449,Desk,Furniture,South,5,12000,54000.0,0.1,7557.62
168,2025-05-12,CUST0468,Customer 0468,T-Shirt,Fashion,North,3,1200,3060.0,0.15,472.82
169,2025-08-28,CUST0494,Customer 0494,Phone,Electronics,West,2,30000,51000.0,0.15,6611.4
170,2025-10-13,CUST0188,Customer 0188,Phone,Electronics,West,4,30000,120000.0,0.0,23765.51
171,2025-07-08,CUST0345,Customer 0345,Oil,Grocery,East,3,1500,3960.0,0.12,1033.29
172,2025-02-25,CUST0346,Customer 0346,Keyboard,Electronics,East,4,2500,9900.0,0.01,2717.86
173,2025-11-09,CUST0114,Customer 0114,Rice,Grocery,East,1,1000,870.0,0.13,158.46
174,2025-11-29,CUST0210,Customer 0210,Phone,Electronics,West,2,30000,59400.0,0.01,5238.29
175,2025-03-01,CUST0050,Customer 0050,Keyboard,Electronics,West,5,2500,12125.0,0.03,2180.09
176,2025-10-28,CUST0381,Customer 0381,Oil,Grocery,West,2,1500,2460.0,0.18,551.24
177,2025-11-12,CUST0209,Customer 0209,Chair,Furniture,West,1,7000,6020.0,0.14,769.35
178,2025-05-01,CUST0438,Customer 0438,Desk,Furniture,East,1,12000,9600.0,0.2,1543.81
179,2025-02-01,CUST0204,Customer 0204,Chair,Furniture,West,2,7000,11340.0,0.19,3274.79
180,2025-02-16,CUST0340,Customer 0340,Keyboard,Electronics,East,5,2500,10125.0,0.19,922.66
181,2025-05-05,CUST0065,Customer 0065,Coffee,Grocery,South,2,500,990.0,0.01,245.85
182,2025-10-28,CUST0111,Customer 0111,Keyboard,Electronics,North,3,2500,6375.0,0.15,1616.07
183,2025-05-22,CUST0440,Customer 0440,Headphones,Electronics,North,2,3000,5340.0,0.11,1365.29
184,2025-12-05,CUST0444,Customer 0444,Laptop,Electronics,South,2,65000,130000.0,0.0,32993.56
185,2025-10-29,CUST0166,Customer 0166,Laptop,Electronics,West,2,65000,123500.0,0.05,13324.03
186,2025-09-27,CUST0059,Customer 0059,Oil,Grocery,North,1,1500,1350.0,0.1,339.07
187,2025-08-20,CUST0258,Customer 0258,Keyboard,Electronics,East,5,2500,12375.0,0.01,3122.34
188,2025-08-23,CUST0330,Customer 0330,Laptop,Electronics,West,1,65000,52000.0,0.2,13853.1
189,2025-12-18,CUST0056,Customer 0056,T-Shirt,Fashion,South,4,1200,4752.0,0.01,464.62
190,2025-02-03,CUST0065,Customer 0065,Chair,Furniture,East,5,7000,30450.0,0.13,6109.44
191,2025-07-15,CUST0306,Customer 0306,Jeans,Fashion,North,3,2500,6825.0,0.09,1455.05
192,2025-12-26,CUST0059,Customer 0059,Rice,Grocery,West,5,1000,4300.0,0.14,547.41
193,2025-04-27,CUST0212,Customer 0212,Desk,Furniture,East,4,12000,44160.0,0.08,10621.13
194,2025-08-07,CUST0161,Customer 0161,Rice,Grocery,West,3,1000,2790.0,0.07,316.89
195,2025-02-04,CUST0047,Customer 0047,Phone,Electronics,East,1,30000,27300.0,0.09,6656.0
196,2025-03-08,CUST0285,Customer 0285,Laptop,Electronics,North,5,65000,263250.0,0.19,53589.89
197,2025-07-30,CUST0182,Customer 0182,Rice,Grocery,East,4,1000,3320.0,0.17,792.26
198,2025-11-04,CUST0160,Customer 0160,Desk,Furniture,West,1,12000,10560.0,0.12,1339.03
199,2025-04-25,CUST0434,Customer 0434,Phone,Electronics,East,3,30000,74700.0,0.17,12016.5
200,2025-10-21,CUST0116,Customer 0116,Shoes,Fashion,North,5,4000,16200.0,0.19,4212.87
201,2025-11-08,CUST0476,Customer 0476,Rice,Grocery,East,3,1000,2970.0,0.01,416.15
202,2025-06-23,CUST0180,Customer 0180,Laptop,Electronics,West,2,65000,107900.0,0.17,22075.33
203,2025-02-05,CUST0073,Customer 0073,Oil,Grocery,West,1,1500,1470.0,0.02,289.16
204,2025-08-03,CUST0233,Customer 0233,Desk,Furniture,North,2,12000,22320.0,0.07,5328.92
205,2025-01-27,CUST0080,Customer 0080,Headphones,Electronics,West,5,3000,14850.0,0.01,1454.53
206,2025-12-05,CUST0218,Customer 0218,T-Shirt,Fashion,North,5,1200,5460.0,0.09,764.93
207,2025-06-26,CUST0221,Customer 0221,Phone,Electronics,East,3,30000,77400.0,0.14,16291.89
208,2025-01-24,CUST0113,Customer 0113,Shoes,Fashion,South,5,4000,19800.0,0.01,2474.47
209,2025-03-12,CUST0392,Customer 0392,Chair,Furniture,West,3,7000,19530.0,0.07,1595.61
210,2025-03-31,CUST0067,Customer 0067,Shoes,Fashion,East,5,4000,17200.0,0.14,3268.99
211,2025-02-06,CUST0204,Customer 0204,Oil,Grocery,North,1,1500,1365.0,0.09,247.26
212,2025-06-10,CUST0295,Customer 0295,Shoes,Fashion,East,5,4000,18400.0,0.08,4063.29
213,2025-02-28,CUST0208,Customer 0208,Laptop,Electronics,West,3,65000,189150.0,0.03,54565.07
214,2025-12-20,CUST0471,Customer 0471,Desk,Furniture,West,1,12000,10920.0,0.09,1127.93
215,2025-10-29,CUST0206,Customer 0206,Jeans,Fashion,East,1,2500,2300.0,0.08,341.0
216,2025-04-24,CUST0171,Customer 0171,Headphones,Electronics,South,1,3000,2700.0,0.1,283.73
217,2025-06-28,CUST0180,Customer 0180,Oil,Grocery,South,2,1500,2850.0,0.05,319.82
218,2025-03-30,CUST0309,Customer 0309,Headphones,Electronics,West,1,3000,2880.0,0.04,720.08
219,2025-08-26,CUST0387,Customer 0387,Coffee,Grocery,East,5,500,2275.0,0.09,644.54
220,2025-11-18,CUST0162,Customer 0162,Headphones,Electronics,East,4,3000,11880.0,0.01,2106.15
221,2025-05-21,CUST0303,Customer 0303,Laptop,Electronics,West,3,65000,175500.0,0.1,26024.85
222,2025-01-20,CUST0030,Customer 0030,Desk,Furniture,North,3,12000,35280.0,0.02,9530.36
223,2025-11-11,CUST0305,Customer 0305,Jeans,Fashion,North,4,2500,9100.0,0.09,1837.74
224,2025-08-19,CUST0466,Customer 0466,Coffee,Grocery,South,2,500,940.0,0.06,173.56
225,2025-02-01,CUST0231,Customer 0231,Phone,Electronics,South,3,30000,72000.0,0.2,7095.77
226,2025-01-21,CUST0127,Customer 0127,Oil,Grocery,South,4,1500,4800.0,0.2,937.42
227,2025-07-06,CUST0191,Customer 0191,Chair,Furniture,North,4,7000,25760.0,0.08,3978.39
228,2025-11-20,CUST0332,Customer 0332,Desk,Furniture,West,1,12000,11160.0,0.07,2262.71
229,2025-05-26,CUST0130,Customer 0130,Oil,Grocery,South,5,1500,6225.0,0.17,954.54
230,2025-06-29,CUST0159,Customer 0159,Rice,Grocery,North,4,1000,3880.0,0.03,915.46
231,2025-06-08,CUST0287,Customer 0287,Shoes,Fashion,North,3,4000,10080.0,0.16,2292.45
232,2025-11-27,CUST0344,Customer 0344,Shoes,Fashion,South,5,4000,18600.0,0.07,2971.75
233,2025-04-20,CUST0175,Customer 0175,T-Shirt,Fashion,North,2,1200,2280.0,0.05,251.4
234,2025-06-01,CUST0433,Customer 0433,Phone,Electronics,North,5,30000,127500.0,0.15,33625.11
235,2025-12-05,CUST0173,Customer 0173,Coffee,Grocery,South,2,500,880.0,0.12,100.26
236,2025-12-21,CUST0395,Customer 0395,Coffee,Grocery,East,2,500,860.0,0.14,77.07
237,2025-12-13,CUST0369,Customer 0369,Keyboard,Electronics,West,4,2500,8800.0,0.12,2160.63
238,2025-04-30,CUST0274,Customer 0274,Keyboard,Electronics,South,3,2500,6075.0,0.19,1534.31
239,2025-07-08,CUST0348,Customer 0348,Coffee,Grocery,West,4,500,1820.0,0.09,258.42
240,2025-09-15,CUST0271,Customer 0271,Shoes,Fashion,South,2,4000,6720.0,0.16,1722.18
241,2025-05-09,CUST0027,Customer 0027,Rice,Grocery,North,4,1000,3320.0,0.17,670.64
242,2025-12-31,CUST0434,Customer 0434,Jeans,Fashion,East,1,2500,2350.0,0.06,582.53
243,2025-08-19,CUST0464,Customer 0464,Jeans,Fashion,South,2,2500,4150.0,0.17,415.73
244,2025-08-19,CUST0453,Customer 0453,Desk,Furniture,East,1,12000,11040.0,0.08,1846.11
245,2025-05-01,CUST0198,Customer 0198,Phone,Electronics,North,3,30000,86400.0,0.04,12969.56
246,2025-11-29,CUST0172,Customer 0172,Headphones,Electronics,West,2,3000,5940.0,0.01,1674.05
247,2025-12-23,CUST0426,Customer 0426,Headphones,Electronics,North,4,3000,10920.0,0.09,886.22
248,2025-01-10,CUST0132,Customer 0132,Keyboard,Electronics,West,2,2500,4450.0,0.11,1067.96
249,2025-02-26,CUST0398,Customer 0398,Chair,Furniture,West,2,7000,13160.0,0.06,1191.04
250,2025-11-24,CUST0407,Customer 0407,Coffee,Grocery,West,4,500,1980.0,0.01,522.86
251,2025-11-02,CUST0275,Customer 0275,Laptop,Electronics,East,5,65000,286000.0,0.12,68090.81
252,2025-08-08,CUST0001,Customer 0001,Coffee,Grocery,North,3,500,1425.0,0.05,244.59
253,2025-09-26,CUST0500,Customer 0500,Desk,Furniture,North,1,12000,9720.0,0.19,1941.06
254,2025-07-19,CUST0448,Customer 0448,T-Shirt,Fashion,East,1,1200,1044.0,0.13,308.85
255,2025-01-09,CUST0183,Customer 0183,Phone,Electronics,North,3,30000,85500.0,0.05,19200.13
256,2025-10-25,CUST0377,Customer 0377,Desk,Furniture,South,2,12000,23760.0,0.01,4754.92
257,2025-12-17,CUST0238,Customer 0238,Oil,Grocery,North,4,1500,5220.0,0.13,1349.52
258,2025-08-23,CUST0019,Customer 0019,Chair,Furniture,North,2,7000,13860.0,0.01,1717.02
259,2025-06-11,CUST0478,Customer 0478,Chair,Furniture,West,5,7000,32200.0,0.08,8352.34
260,2025-05-10,CUST0019,Customer 0019,Rice,Grocery,North,2,1000,1880.0,0.06,506.98
261,2025-12-02,CUST0170,Customer 0170,Chair,Furniture,West,1,7000,5880.0,0.16,1035.64
262,2025-08-14,CUST0459,Customer 0459,Shoes,Fashion,West,3,4000,9720.0,0.19,1838.68
263,2025-07-08,CUST0474,Customer 0474,Jeans,Fashion,North,3,2500,6300.0,0.16,1511.73
264,2025-08-09,CUST0309,Customer 0309,Headphones,Electronics,East,5,3000,14100.0,0.06,1446.26
265,2025-12-05,CUST0152,Customer 0152,Chair,Furniture,West,4,7000,24640.0,0.12,4281.09
266,2025-06-29,CUST0229,Customer 0229,Laptop,Electronics,North,3,65000,171600.0,0.12,30147.87
267,2025-02-08,CUST0344,Customer 0344,Rice,Grocery,South,4,1000,3720.0,0.07,953.22
268,2025-01-16,CUST0074,Customer 0074,Coffee,Grocery,East,4,500,1980.0,0.01,187.69
269,2025-07-05,CUST0197,Customer 0197,Coffee,Grocery,East,1,500,440.0,0.12,100.93
270,2025-07-10,CUST0228,Customer 0228,Phone,Electronics,East,5,30000,145500.0,0.03,23386.07
271,2025-11-29,CUST0143,Customer 0143,Keyboard,Electronics,West,1,2500,2475.0,0.01,299.3
272,2025-10-15,CUST0061,Customer 0061,Chair,Furniture,East,3,7000,18060.0,0.14,2297.33
273,2025-12-22,CUST0470,Customer 0470,T-Shirt,Fashion,West,2,1200,2352.0,0.02,629.45
274,2025-03-30,CUST0461,Customer 0461,Oil,Grocery,East,4,1500,4800.0,0.2,1239.9
275,2025-12-08,CUST0178,Customer 0178,Oil,Grocery,East,1,1500,1335.0,0.11,192.08
276,2025-03-22,CUST0365,Customer 0365,Oil,Grocery,North,2,1500,2520.0,0.16,483.65
277,2025-04-13,CUST0406,Customer 0406,Headphones,Electronics,East,2,3000,5040.0,0.16,432.34
278,2025-08-28,CUST0412,Customer 0412,Jeans,Fashion,East,2,2500,4400.0,0.12,435.46
279,2025-07-23,CUST0368,Customer 0368,Oil,Grocery,North,4,1500,5340.0,0.11,1330.81
280,2025-03-06,CUST0498,Customer 0498,Desk,Furniture,East,1,12000,10920.0,0.09,2507.49
281,2025-03-07,CUST0450,Customer 0450,Jeans,Fashion,West,5,2500,12000.0,0.04,3510.94
282,2025-09-15,CUST0467,Customer 0467,Laptop,Electronics,South,1,65000,58500.0,0.1,8594.08
283,2025-06-15,CUST0479,Customer 0479,Oil,Grocery,East,2,1500,2790.0,0.07,800.73
284,2025-02-10,CUST0129,Customer 0129,Keyboard,Electronics,North,5,2500,11875.0,0.05,2582.87
285,2025-09-15,CUST0329,Customer 0329,Headphones,Electronics,East,5,3000,12150.0,0.19,1384.16
286,2025-10-16,CUST0022,Customer 0022,Laptop,Electronics,East,1,65000,64350.0,0.01,14229.06
287,2025-11-30,CUST0108,Customer 0108,Coffee,Grocery,East,4,500,1760.0,0.12,152.53
288,2025-11-25,CUST0490,Customer 0490,Chair,Furniture,West,4,7000,26600.0,0.05,6852.61
289,2025-06-02,CUST0233,Customer 0233,Phone,Electronics,West,1,30000,29100.0,0.03,4988.81
290,2025-04-15,CUST0175,Customer 0175,Coffee,Grocery,East,2,500,940.0,0.06,223.76
291,2025-07-24,CUST0067,Customer 0067,Desk,Furniture,West,5,12000,53400.0,0.11,8020.97
292,2025-03-04,CUST0137,Customer 0137,T-Shirt,Fashion,West,2,1200,2328.0,0.03,212.16
293,2025-11-12,CUST0215,Customer 0215,Keyboard,Electronics,East,2,2500,4200.0,0.16,1198.79
294,2025-04-08,CUST0391,Customer 0391,Headphones,Electronics,East,4,3000,9600.0,0.2,1753.91
295,2025-09-12,CUST0012,Customer 0012,Phone,Electronics,South,4,30000,108000.0,0.1,31608.47
296,2025-10-26,CUST0181,Customer 0181,Laptop,Electronics,West,1,65000,61100.0,0.06,12919.85
297,2025-05-27,CUST0275,Customer 0275,Laptop,Electronics,East,1,65000,59150.0,0.09,16215.4
298,2025-07-26,CUST0188,Customer 0188,Laptop,Electronics,East,4,65000,257400.0,0.01,52406.57
299,2025-10-11,CUST0148,Customer 0148,Phone,Electronics,East,4,30000,108000.0,0.1,26802.24
300,2025-11-16,CUST0349,Customer 0349,Coffee,Grocery,East,1,500,485.0,0.03,49.12
301,2025-06-23,CUST0286,Customer 0286,Desk,Furniture,North,2,12000,23040.0,0.04,4423.84
302,2025-01-24,CUST0020,Customer 0020,Headphones,Electronics,South,3,3000,7560.0,0.16,1468.55
303,2025-11-07,CUST0458,Customer 0458,Jeans,Fashion,South,2,2500,4650.0,0.07,999.17
304,2025-07-21,CUST0316,Customer 0316,Oil,Grocery,West,3,1500,3960.0,0.12,758.77
305,2025-12-29,CUST0289,Customer 0289,Chair,Furniture,North,4,7000,23520.0,0.16,3787.63
306,2025-08-02,CUST0299,Customer 0299,Chair,Furniture,South,1,7000,6160.0,0.12,852.65
307,2025-01-27,CUST0299,Customer 0299,T-Shirt,Fashion,West,2,1200,2160.0,0.1,515.51
308,2025-03-17,CUST0421,Customer 0421,Rice,Grocery,North,2,1000,1980.0,0.01,571.44
309,2025-04-08,CUST0010,Customer 0010,T-Shirt,Fashion,South,3,1200,3312.0,0.08,565.86
310,2025-07-30,CUST0257,Customer 0257,Coffee,Grocery,North,4,500,1660.0,0.17,401.53
311,2025-12-28,CUST0071,Customer 0071,Jeans,Fashion,West,2,2500,4450.0,0.11,1333.16
312,2025-09-27,CUST0193,Customer 0193,Desk,Furniture,East,2,12000,21840.0,0.09,4308.77
313,2025-12-13,CUST0396,Customer 0396,Oil,Grocery,South,3,1500,3960.0,0.12,484.3
314,2025-05-23,CUST0286,Customer 0286,Chair,Furniture,East,2,7000,11340.0,0.19,3357.74
315,2025-12-27,CUST0107,Customer 0107,Oil,Grocery,East,4,1500,5640.0,0.06,883.99
316,2025-05-28,CUST0063,Customer 0063,Coffee,Grocery,East,5,500,2300.0,0.08,679.96
317,2025-03-16,CUST0149,Customer 0149,Laptop,Electronics,West,3,65000,157950.0,0.19,15382.19
318,2025-12-02,CUST0132,Customer 0132,Oil,Grocery,East,4,1500,5760.0,0.04,1509.98
319,2025-10-15,CUST0357,Customer 0357,Chair,Furniture,South,2,7000,13720.0,0.02,3333.91
320,2025-05-05,CUST0026,Customer 0026,Rice,Grocery,North,5,1000,4750.0,0.05,623.31
321,2025-07-31,CUST0170,Customer 0170,Oil,Grocery,North,4,1500,5880.0,0.02,1467.46
322,2025-10-09,CUST0476,Customer 0476,Headphones,Electronics,West,4,3000,10440.0,0.13,2857.87
323,2025-09-02,CUST0334,Customer 0334,Keyboard,Electronics,North,3,2500,7050.0,0.06,1565.79
324,2025-11-30,CUST0294,Customer 0294,Keyboard,Electronics,North,5,2500,10625.0,0.15,2837.65
325,2025-03-31,CUST0214,Customer 0214,Headphones,Electronics,West,1,3000,2400.0,0.2,401.61
326,2025-04-06,CUST0480,Customer 0480,Oil,Grocery,North,3,1500,3690.0,0.18,302.72
327,2025-06-21,CUST0146,Customer 0146,T-Shirt,Fashion,South,5,1200,5400.0,0.1,1488.44
328,2025-09-16,CUST0240,Customer 0240,Chair,Furniture,West,2,7000,11760.0,0.16,1796.35
329,2025-11-28,CUST0132,Customer 0132,Oil,Grocery,East,2,1500,3000.0,0.0,462.49
330,2025-10-18,CUST0346,Customer 0346,Keyboard,Electronics,West,2,2500,4400.0,0.12,970.29
331,2025-08-07,CUST0264,Customer 0264,Desk,Furniture,South,1,12000,11040.0,0.08,1114.87
332,2025-09-02,CUST0166,Customer 0166,Keyboard,Electronics,East,1,2500,2375.0,0.05,313.06
333,2025-06-18,CUST0155,Customer 0155,Coffee,Grocery,South,5,500,2500.0,0.0,559.53
334,2025-02-01,CUST0342,Customer 0342,Phone,Electronics,East,4,30000,112800.0,0.06,19084.82
335,2025-12-20,CUST0061,Customer 0061,Rice,Grocery,South,3,1000,2790.0,0.07,358.76
336,2025-09-02,CUST0079,Customer 0079,T-Shirt,Fashion,West,5,1200,5580.0,0.07,1308.1
337,2025-10-03,CUST0411,Customer 0411,Rice,Grocery,North,2,1000,1700.0,0.15,390.45
338,2025-09-27,CUST0229,Customer 0229,Jeans,Fashion,North,3,2500,7350.0,0.02,1500.26
339,2025-10-08,CUST0463,Customer 0463,Jeans,Fashion,East,2,2500,4450.0,0.11,502.71
340,2025-09-24,CUST0227,Customer 0227,Phone,Electronics,West,2,30000,51600.0,0.14,9677.18
341,2025-01-29,CUST0233,Customer 0233,Headphones,Electronics,West,5,3000,13800.0,0.08,2816.03
342,2025-12-11,CUST0414,Customer 0414,Chair,Furniture,South,1,7000,6440.0,0.08,1671.95
343,2025-10-24,CUST0038,Customer 0038,Laptop,Electronics,North,4,65000,241800.0,0.07,22735.77
344,2025-02-05,CUST0479,Customer 0479,T-Shirt,Fashion,South,1,1200,1128.0,0.06,134.9
345,2025-11-25,CUST0374,Customer 0374,Rice,Grocery,West,4,1000,3720.0,0.07,1027.07
346,2025-07-13,CUST0193,Customer 0193,Phone,Electronics,North,5,30000,145500.0,0.03,39177.77
347,2025-04-02,CUST0276,Customer 0276,Shoes,Fashion,North,5,4000,19400.0,0.03,5729.2
348,2025-01-12,CUST0153,Customer 0153,T-Shirt,Fashion,South,5,1200,5520.0,0.08,902.19
349,2025-05-07,CUST0236,Customer 0236,Desk,Furniture,North,2,12000,22560.0,0.06,6457.36
350,2025-01-17,CUST0415,Customer 0415,Rice,Grocery,North,4,1000,3520.0,0.12,1006.62
351,2025-05-04,CUST0106,Customer 0106,Phone,Electronics,North,1,30000,26400.0,0.12,4704.93
352,2025-05-06,CUST0380,Customer 0380,Laptop,Electronics,North,4,65000,236600.0,0.09,47023.58
353,2025-03-13,CUST0258,Customer 0258,Chair,Furniture,East,2,7000,11760.0,0.16,2833.38
354,2025-10-23,CUST0307,Customer 0307,Rice,Grocery,South,3,1000,2850.0,0.05,777.41
355,2025-07-31,CUST0154,Customer 0154,Chair,Furniture,South,1,7000,6230.0,0.11,1309.34
356,2025-11-17,CUST0348,Customer 0348,Shoes,Fashion,West,5,4000,18000.0,0.1,5290.27
357,2025-09-26,CUST0164,Customer 0164,Oil,Grocery,South,4,1500,5520.0,0.08,805.78
358,2025-10-03,CUST0243,Customer 0243,Keyboard,Electronics,West,2,2500,4700.0,0.06,1107.63
359,2025-01-30,CUST0288,Customer 0288,Shoes,Fashion,South,4,4000,14240.0,0.11,1559.29
360,2025-05-11,CUST0105,Customer 0105,Desk,Furniture,North,1,12000,9840.0,0.18,2621.07
361,2025-10-02,CUST0371,Customer 0371,Keyboard,Electronics,North,1,2500,2375.0,0.05,541.99
362,2025-02-07,CUST0097,Customer 0097,Coffee,Grocery,East,5,500,2400.0,0.04,302.29
363,2025-06-05,CUST0490,Customer 0490,Laptop,Electronics,North,2,65000,105300.0,0.19,30711.49
364,2025-09-03,CUST0469,Customer 0469,Keyboard,Electronics,South,5,2500,10750.0,0.14,1798.03
365,2025-10-10,CUST0165,Customer 0165,Chair,Furniture,East,4,7000,25480.0,0.09,5674.87
366,2025-05-14,CUST0185,Customer 0185,Jeans,Fashion,West,4,2500,9100.0,0.09,2335.24
367,2025-06-13,CUST0469,Customer 0469,Keyboard,Electronics,South,3,2500,7050.0,0.06,634.9
368,2025-03-16,CUST0009,Customer 0009,Chair,Furniture,West,5,7000,28350.0,0.19,5880.11
369,2025-06-01,CUST0079,Customer 0079,Keyboard,Electronics,South,3,2500,7125.0,0.05,1463.15
370,2025-09-13,CUST0282,Customer 0282,Rice,Grocery,West,3,1000,2850.0,0.05,743.14
371,2025-08-24,CUST0087,Customer 0087,Oil,Grocery,West,3,1500,4365.0,0.03,1040.92
372,2025-04-05,CUST0470,Customer 0470,Jeans,Fashion,North,1,2500,2250.0,0.1,595.34
373,2025-12-09,CUST0025,Customer 0025,Laptop,Electronics,North,4,65000,252200.0,0.03,55169.85
374,2025-12-29,CUST0078,Customer 0078,Laptop,Electronics,West,2,65000,117000.0,0.1,18966.19
375,2025-12-04,CUST0250,Customer 0250,Laptop,Electronics,North,1,65000,57850.0,0.11,9863.11
376,2025-09-29,CUST0370,Customer 0370,Chair,Furniture,West,5,7000,28000.0,0.2,2345.6
377,2025-04-02,CUST0055,Customer 0055,Phone,Electronics,East,5,30000,145500.0,0.03,17783.75
378,2025-07-01,CUST0137,Customer 0137,Shoes,Fashion,South,1,4000,3720.0,0.07,629.89
379,2025-12-23,CUST0116,Customer 0116,Chair,Furniture,North,1,7000,6090.0,0.13,1637.04
380,2025-02-17,CUST0208,Customer 0208,Shoes,Fashion,North,4,4000,14240.0,0.11,1315.0
381,2025-12-26,CUST0088,Customer 0088,Phone,Electronics,East,4,30000,99600.0,0.17,22099.21
382,2025-10-17,CUST0440,Customer 0440,Phone,Electronics,West,5,30000,123000.0,0.18,16057.48
383,2025-05-19,CUST0024,Customer 0024,Phone,Electronics,North,3,30000,73800.0,0.18,15053.15
384,2025-04-02,CUST0476,Customer 0476,Desk,Furniture,West,1,12000,9720.0,0.19,2032.92
385,2025-02-09,CUST0154,Customer 0154,Headphones,Electronics,West,5,3000,14250.0,0.05,3756.63
386,2025-12-13,CUST0460,Customer 0460,Jeans,Fashion,North,3,2500,6900.0,0.08,1674.93
387,2025-09-14,CUST0382,Customer 0382,Desk,Furniture,North,1,12000,11760.0,0.02,1541.4
388,2025-06-24,CUST0310,Customer 0310,Coffee,Grocery,North,5,500,2300.0,0.08,575.42
389,2025-11-21,CUST0140,Customer 0140,T-Shirt,Fashion,West,4,1200,4560.0,0.05,919.61
390,2025-08-10,CUST0096,Customer 0096,Rice,Grocery,East,5,1000,4350.0,0.13,430.01
391,2025-05-07,CUST0366,Customer 0366,Phone,Electronics,South,1,30000,28500.0,0.05,4662.6
392,2025-07-19,CUST0163,Customer 0163,Desk,Furniture,West,1,12000,11760.0,0.02,3380.43
393,2025-07-04,CUST0390,Customer 0390,Chair,Furniture,West,1,7000,6790.0,0.03,823.13
394,2025-10-13,CUST0285,Customer 0285,Jeans,Fashion,North,4,2500,9800.0,0.02,977.22
395,2025-11-02,CUST0307,Customer 0307,Desk,Furniture,North,4,12000,48000.0,0.0,8209.83
396,2025-10-14,CUST0464,Customer 0464,Keyboard,Electronics,South,5,2500,11250.0,0.1,2596.16
397,2025-03-13,CUST0138,Customer 0138,Chair,Furniture,West,3,7000,18900.0,0.1,1775.06
398,2025-05-22,CUST0216,Customer 0216,Chair,Furniture,South,4,7000,23520.0,0.16,3750.2
399,2025-11-17,CUST0254,Customer 0254,Coffee,Grocery,East,5,500,2400.0,0.04,248.48
400,2025-01-04,CUST0486,Customer 0486,Shoes,Fashion,East,3,4000,9960.0,0.17,1629.21
401,2025-08-14,CUST0172,Customer 0172,Shoes,Fashion,South,5,4000,19400.0,0.03,2920.6
402,2025-09-03,CUST0161,Customer 0161,Headphones,Electronics,West,4,3000,9720.0,0.19,1400.83
403,2025-10-22,CUST0401,Customer 0401,Keyboard,Electronics,West,3,2500,6900.0,0.08,1791.44
404,2025-07-06,CUST0059,Customer 0059,Coffee,Grocery,North,2,500,880.0,0.12,176.03
405,2025-08-25,CUST0483,Customer 0483,Oil,Grocery,North,2,1500,2730.0,0.09,393.37
406,2025-07-29,CUST0345,Customer 0345,T-Shirt,Fashion,South,2,1200,2088.0,0.13,278.21
407,2025-08-05,CUST0405,Customer 0405,Shoes,Fashion,West,1,4000,3640.0,0.09,770.03
408,2025-10-01,CUST0260,Customer 0260,Oil,Grocery,East,4,1500,5340.0,0.11,1356.14
409,2025-12-26,CUST0459,Customer 0459,Jeans,Fashion,South,5,2500,10875.0,0.13,1073.32
410,2025-12-03,CUST0341,Customer 0341,Desk,Furniture,West,2,12000,20880.0,0.13,1873.88
411,2025-06-19,CUST0495,Customer 0495,Shoes,Fashion,South,1,4000,4000.0,0.0,547.69
412,2025-08-17,CUST0192,Customer 0192,Shoes,Fashion,South,4,4000,13600.0,0.15,2849.06
413,2025-06-26,CUST0013,Customer 0013,T-Shirt,Fashion,North,1,1200,1128.0,0.06,318.68
414,2025-03-01,CUST0426,Customer 0426,Oil,Grocery,South,2,1500,2790.0,0.07,433.77
415,2025-09-24,CUST0248,Customer 0248,Desk,Furniture,West,4,12000,47040.0,0.02,11234.97
416,2025-06-13,CUST0035,Customer 0035,Chair,Furniture,East,1,7000,5880.0,0.16,619.27
417,2025-11-28,CUST0056,Customer 0056,Rice,Grocery,South,2,1000,1620.0,0.19,393.51
418,2025-10-10,CUST0082,Customer 0082,Desk,Furniture,West,5,12000,54600.0,0.09,9918.19
419,2025-11-19,CUST0095,Customer 0095,Headphones,Electronics,South,4,3000,11040.0,0.08,2674.17
420,2025-08-19,CUST0304,Customer 0304,Shoes,Fashion,East,4,4000,16000.0,0.0,2036.08
421,2025-12-27,CUST0415,Customer 0415,Phone,Electronics,South,5,30000,147000.0,0.02,39959.81
422,2025-07-07,CUST0167,Customer 0167,Keyboard,Electronics,West,4,2500,9800.0,0.02,2230.03
423,2025-09-28,CUST0495,Customer 0495,Rice,Grocery,North,3,1000,2640.0,0.12,566.25
424,2025-06-28,CUST0181,Customer 0181,T-Shirt,Fashion,East,5,1200,5820.0,0.03,1328.06
425,2025-11-11,CUST0303,Customer 0303,Phone,Electronics,North,2,30000,56400.0,0.06,7472.21
426,2025-04-04,CUST0192,Customer 0192,Oil,Grocery,South,2,1500,2700.0,0.1,464.43
427,2025-10-22,CUST0197,Customer 0197,Shoes,Fashion,South,2,4000,7200.0,0.1,1427.21
428,2025-10-12,CUST0086,Customer 0086,T-Shirt,Fashion,West,3,1200,3492.0,0.03,521.03
429,2025-11-14,CUST0028,Customer 0028,Desk,Furniture,West,1,12000,10800.0,0.1,1327.63
430,2025-10-15,CUST0259,Customer 0259,Rice,Grocery,West,4,1000,3680.0,0.08,692.5
431,2025-09-08,CUST0086,Customer 0086,Phone,Electronics,East,5,30000,148500.0,0.01,36743.72
432,2025-01-17,CUST0141,Customer 0141,Keyboard,Electronics,West,5,2500,11750.0,0.06,2958.21
433,2025-10-09,CUST0262,Customer 0262,Phone,Electronics,East,5,30000,147000.0,0.02,36827.16
434,2025-10-05,CUST0422,Customer 0422,Laptop,Electronics,North,4,65000,231400.0,0.11,68899.5
435,2025-12-01,CUST0385,Customer 0385,Keyboard,Electronics,East,3,2500,6225.0,0.17,542.14
436,2025-06-28,CUST0442,Customer 0442,Phone,Electronics,South,4,30000,99600.0,0.17,10540.16
437,2025-04-18,CUST0416,Customer 0416,Oil,Grocery,West,5,1500,6450.0,0.14,1737.83
438,2025-03-26,CUST0316,Customer 0316,Headphones,Electronics,East,2,3000,5040.0,0.16,1296.27
439,2025-09-30,CUST0144,Customer 0144,Coffee,Grocery,East,5,500,2425.0,0.03,716.3
440,2025-05-29,CUST0294,Customer 0294,Chair,Furniture,North,5,7000,28000.0,0.2,6424.48
441,2025-03-11,CUST0493,Customer 0493,Shoes,Fashion,South,1,4000,3200.0,0.2,866.4
442,2025-12-26,CUST0444,Customer 0444,Headphones,Electronics,South,2,3000,5820.0,0.03,878.01
443,2025-12-13,CUST0202,Customer 0202,T-Shirt,Fashion,West,2,1200,2112.0,0.12,293.82
444,2025-07-12,CUST0232,Customer 0232,Phone,Electronics,East,1,30000,27600.0,0.08,6760.8
445,2025-08-21,CUST0487,Customer 0487,T-Shirt,Fashion,North,3,1200,3168.0,0.12,859.03
446,2025-08-23,CUST0326,Customer 0326,Rice,Grocery,West,3,1000,2490.0,0.17,635.07
447,2025-04-22,CUST0496,Customer 0496,Shoes,Fashion,East,2,4000,7200.0,0.1,1087.42
448,2025-06-22,CUST0281,Customer 0281,Coffee,Grocery,East,2,500,890.0,0.11,166.23
449,2025-12-16,CUST0391,Customer 0391,Laptop,Electronics,West,1,65000,63700.0,0.02,16081.43
450,2025-01-09,CUST0064,Customer 0064,Headphones,Electronics,West,4,3000,10920.0,0.09,3256.39
451,2025-04-14,CUST0353,Customer 0353,Headphones,Electronics,East,3,3000,8730.0,0.03,2489.79
452,2025-02-17,CUST0336,Customer 0336,Desk,Furniture,South,3,12000,35280.0,0.02,7980.05
453,2025-01-27,CUST0203,Customer 0203,Rice,Grocery,West,3,1000,2550.0,0.15,627.69
454,2025-12-02,CUST0047,Customer 0047,Oil,Grocery,South,1,1500,1500.0,0.0,277.35
455,2025-10-31,CUST0116,Customer 0116,Jeans,Fashion,North,4,2500,10000.0,0.0,2330.31
456,2025-08-05,CUST0356,Customer 0356,Headphones,Electronics,North,4,3000,11880.0,0.01,1951.59
457,2025-02-22,CUST0161,Customer 0161,Desk,Furniture,South,3,12000,34920.0,0.03,8735.63
458,2025-11-25,CUST0347,Customer 0347,Headphones,Electronics,South,1,3000,2670.0,0.11,218.58
459,2025-08-14,CUST0180,Customer 0180,Oil,Grocery,West,2,1500,2610.0,0.13,295.72
460,2025-11-12,CUST0352,Customer 0352,T-Shirt,Fashion,North,2,1200,2352.0,0.02,240.14
461,2025-10-29,CUST0374,Customer 0374,Shoes,Fashion,South,3,4000,9720.0,0.19,1450.13
462,2025-05-07,CUST0142,Customer 0142,Rice,Grocery,East,1,1000,950.0,0.05,201.61
463,2025-12-20,CUST0014,Customer 0014,Rice,Grocery,South,3,1000,2880.0,0.04,614.95
464,2025-07-20,CUST0152,Customer 0152,Rice,Grocery,South,1,1000,840.0,0.16,213.89
465,2025-09-11,CUST0198,Customer 0198,Phone,Electronics,North,2,30000,54000.0,0.1,11375.89
466,2025-07-04,CUST0479,Customer 0479,Desk,Furniture,West,2,12000,22080.0,0.08,5841.8
467,2025-07-07,CUST0280,Customer 0280,Rice,Grocery,North,2,1000,1700.0,0.15,492.97
468,2025-01-09,CUST0301,Customer 0301,Phone,Electronics,North,1,30000,28500.0,0.05,2529.71
469,2025-07-23,CUST0260,Customer 0260,Chair,Furniture,West,5,7000,29750.0,0.15,5152.3
470,2025-02-12,CUST0328,Customer 0328,Jeans,Fashion,East,5,2500,11000.0,0.12,1551.47
471,2025-02-10,CUST0262,Customer 0262,Keyboard,Electronics,North,2,2500,4450.0,0.11,738.53
472,2025-06-08,CUST0358,Customer 0358,Shoes,Fashion,West,2,4000,7920.0,0.01,783.82
473,2025-03-01,CUST0233,Customer 0233,Coffee,Grocery,South,5,500,2475.0,0.01,560.68
474,2025-03-03,CUST0007,Customer 0007,Oil,Grocery,East,2,1500,2580.0,0.14,299.39
475,2025-09-25,CUST0265,Customer 0265,Oil,Grocery,East,3,1500,4365.0,0.03,471.09
476,2025-03-02,CUST0395,Customer 0395,Laptop,Electronics,North,3,65000,163800.0,0.16,22905.09
477,2025-05-15,CUST0365,Customer 0365,Coffee,Grocery,North,1,500,450.0,0.1,86.57
478,2025-09-13,CUST0440,Customer 0440,Coffee,Grocery,North,2,500,930.0,0.07,126.6
479,2025-10-21,CUST0346,Customer 0346,Oil,Grocery,North,1,1500,1425.0,0.05,273.52
480,2025-01-07,CUST0126,Customer 0126,Laptop,Electronics,South,4,65000,241800.0,0.07,68296.37
481,2025-01-19,CUST0284,Customer 0284,Oil,Grocery,East,4,1500,5760.0,0.04,775.4
482,2025-05-19,CUST0423,Customer 0423,Phone,Electronics,North,5,30000,139500.0,0.07,26567.64
483,2025-04-02,CUST0115,Customer 0115,Jeans,Fashion,West,1,2500,2025.0,0.19,192.71
484,2025-05-25,CUST0397,Customer 0397,Chair,Furniture,East,3,7000,20580.0,0.02,3714.36
485,2025-04-13,CUST0150,Customer 0150,Coffee,Grocery,East,3,500,1275.0,0.15,170.04
486,2025-10-30,CUST0498,Customer 0498,T-Shirt,Fashion,South,2,1200,2040.0,0.15,408.5
487,2025-03-19,CUST0004,Customer 0004,Shoes,Fashion,North,1,4000,3800.0,0.05,593.61
488,2025-06-21,CUST0001,Customer 0001,Rice,Grocery,North,4,1000,3320.0,0.17,796.76
489,2025-04-16,CUST0272,Customer 0272,Keyboard,Electronics,South,4,2500,9000.0,0.1,838.59
490,2025-12-31,CUST0144,Customer 0144,Phone,Electronics,West,1,30000,24600.0,0.18,6824.12
491,2025-12-25,CUST0459,Customer 0459,Desk,Furniture,North,4,12000,38880.0,0.19,3836.62
492,2025-09-16,CUST0069,Customer 0069,Rice,Grocery,West,4,1000,3960.0,0.01,811.49
493,2025-12-06,CUST0494,Customer 0494,Headphones,Electronics,West,2,3000,5640.0,0.06,1507.01
494,2025-12-25,CUST0426,Customer 0426,Oil,Grocery,North,3,1500,4230.0,0.06,591.48
495,2025-04-14,CUST0070,Customer 0070,Coffee,Grocery,West,1,500,485.0,0.03,56.34
496,2025-06-10,CUST0209,Customer 0209,Phone,Electronics,West,5,30000,139500.0,0.07,34801.63
497,2025-06-07,CUST0238,Customer 0238,Chair,Furniture,East,1,7000,6860.0,0.02,1767.63
498,2025-12-27,CUST0357,Customer 0357,Coffee,Grocery,South,1,500,480.0,0.04,128.85
499,2025-02-16,CUST0365,Customer 0365,Keyboard,Electronics,East,3,2500,6900.0,0.08,626.31
500,2025-05-14,CUST0420,Customer 0420,Headphones,Electronics,South,1,3000,2430.0,0.19,651.27
501,2025-02-18,CUST0237,Customer 0237,Phone,Electronics,South,2,30000,58800.0,0.02,5501.75
502,2025-03-08,CUST0102,Customer 0102,Shoes,Fashion,North,3,4000,10320.0,0.14,2954.27
503,2025-10-26,CUST0301,Customer 0301,Chair,Furniture,West,1,7000,7000.0,0.0,659.29
504,2025-03-07,CUST0048,Customer 0048,Desk,Furniture,South,1,12000,11880.0,0.01,2155.26
505,2025-10-21,CUST0222,Customer 0222,Oil,Grocery,West,4,1500,5400.0,0.1,886.68
506,2025-03-30,CUST0182,Customer 0182,Keyboard,Electronics,South,2,2500,4750.0,0.05,846.08
507,2025-01-18,CUST0315,Customer 0315,Coffee,Grocery,West,5,500,2375.0,0.05,344.19
508,2025-10-09,CUST0246,Customer 0246,Laptop,Electronics,South,1,65000,61100.0,0.06,6732.73
509,2025-11-26,CUST0453,Customer 0453,Jeans,Fashion,North,2,2500,4350.0,0.13,1115.67
510,2025-07-15,CUST0401,Customer 0401,Oil,Grocery,East,3,1500,4050.0,0.1,1020.26
511,2025-10-17,CUST0258,Customer 0258,Desk,Furniture,South,4,12000,45600.0,0.05,3909.46
512,2025-01-16,CUST0459,Customer 0459,Chair,Furniture,East,1,7000,5880.0,0.16,1080.57
513,2025-10-27,CUST0120,Customer 0120,Headphones,Electronics,North,1,3000,2850.0,0.05,379.2
514,2025-04-23,CUST0295,Customer 0295,Shoes,Fashion,South,3,4000,9720.0,0.19,2897.91
515,2025-04-01,CUST0122,Customer 0122,Coffee,Grocery,North,3,500,1260.0,0.16,294.18
516,2025-12-27,CUST0359,Customer 0359,Desk,Furniture,South,5,12000,53400.0,0.11,10887.4
517,2025-09-10,CUST0278,Customer 0278,Chair,Furniture,South,2,7000,12600.0,0.1,1258.19
518,2025-11-05,CUST0113,Customer 0113,Laptop,Electronics,South,5,65000,292500.0,0.1,44747.08
519,2025-03-08,CUST0175,Customer 0175,Oil,Grocery,East,2,1500,2460.0,0.18,653.73
520,2025-01-31,CUST0012,Customer 0012,Headphones,Electronics,North,5,3000,12900.0,0.14,1434.01
521,2025-09-27,CUST0441,Customer 0441,Desk,Furniture,West,1,12000,11160.0,0.07,3205.41
522,2025-10-28,CUST0052,Customer 0052,Desk,Furniture,West,3,12000,33840.0,0.06,9972.29
523,2025-11-24,CUST0492,Customer 0492,T-Shirt,Fashion,East,3,1200,3492.0,0.03,1023.59
524,2025-04-25,CUST0341,Customer 0341,Coffee,Grocery,East,2,500,920.0,0.08,222.16
525,2025-03-07,CUST0091,Customer 0091,Oil,Grocery,West,1,1500,1215.0,0.19,350.79
526,2025-10-18,CUST0017,Customer 0017,Headphones,Electronics,South,5,3000,14100.0,0.06,3636.92
527,2025-11-24,CUST0290,Customer 0290,Phone,Electronics,South,4,30000,116400.0,0.03,28398.75
528,2025-06-27,CUST0164,Customer 0164,Headphones,Electronics,East,1,3000,2520.0,0.16,573.06
529,2025-08-17,CUST0006,Customer 0006,Chair,Furniture,East,2,7000,13300.0,0.05,1262.37
530,2025-02-25,CUST0369,Customer 0369,Laptop,Electronics,South,1,65000,59800.0,0.08,14421.88
531,2025-07-31,CUST0253,Customer 0253,Shoes,Fashion,West,3,4000,10680.0,0.11,1092.72
532,2025-10-23,CUST0334,Customer 0334,Rice,Grocery,North,2,1000,1940.0,0.03,186.66
533,2025-05-31,CUST0011,Customer 0011,Desk,Furniture,South,3,12000,29160.0,0.19,2808.81
534,2025-07-12,CUST0083,Customer 0083,Oil,Grocery,North,1,1500,1335.0,0.11,370.58
535,2025-06-23,CUST0305,Customer 0305,Coffee,Grocery,South,4,500,1720.0,0.14,300.81
536,2025-11-07,CUST0456,Customer 0456,Shoes,Fashion,South,2,4000,7920.0,0.01,1210.5
537,2025-07-29,CUST0357,Customer 0357,Jeans,Fashion,South,5,2500,11875.0,0.05,1685.48
538,2025-02-19,CUST0026,Customer 0026,Shoes,Fashion,North,5,4000,17800.0,0.11,3346.55
539,2025-07-04,CUST0002,Customer 0002,Shoes,Fashion,West,1,4000,3760.0,0.06,848.42
540,2025-04-13,CUST0050,Customer 0050,Laptop,Electronics,North,2,65000,126100.0,0.03,18183.43
541,2025-08-31,CUST0433,Customer 0433,Phone,Electronics,East,3,30000,75600.0,0.16,13880.75
542,2025-02-16,CUST0329,Customer 0329,Jeans,Fashion,East,4,2500,9600.0,0.04,2638.16
543,2025-04-06,CUST0229,Customer 0229,Laptop,Electronics,East,3,65000,177450.0,0.09,24478.9
544,2025-10-16,CUST0032,Customer 0032,Headphones,Electronics,West,1,3000,2940.0,0.02,457.56
545,2025-10-29,CUST0117,Customer 0117,Jeans,Fashion,West,1,2500,2075.0,0.17,539.6
546,2025-10-02,CUST0352,Customer 0352,T-Shirt,Fashion,North,5,1200,4920.0,0.18,909.11
547,2025-07-22,CUST0463,Customer 0463,Oil,Grocery,South,1,1500,1350.0,0.1,375.44
548,2025-03-03,CUST0487,Customer 0487,T-Shirt,Fashion,South,2,1200,1944.0,0.19,227.01
549,2025-04-09,CUST0065,Customer 0065,Laptop,Electronics,South,4,65000,254800.0,0.02,58677.28
550,2025-11-18,CUST0076,Customer 0076,Coffee,Grocery,North,3,500,1410.0,0.06,338.35
551,2025-02-14,CUST0199,Customer 0199,Jeans,Fashion,West,4,2500,8900.0,0.11,2389.27
552,2025-01-07,CUST0403,Customer 0403,Oil,Grocery,North,5,1500,6600.0,0.12,1663.01
553,2025-08-01,CUST0077,Customer 0077,Headphones,Electronics,North,5,3000,13200.0,0.12,3258.33
554,2025-02-24,CUST0289,Customer 0289,Phone,Electronics,West,3,30000,74700.0,0.17,20440.15
555,2025-05-16,CUST0197,Customer 0197,Rice,Grocery,South,4,1000,3560.0,0.11,655.29
556,2025-05-22,CUST0207,Customer 0207,Headphones,Electronics,North,5,3000,13200.0,0.12,3070.39
557,2025-07-22,CUST0456,Customer 0456,Desk,Furniture,East,2,12000,23760.0,0.01,4384.86
558,2025-07-10,CUST0011,Customer 0011,Desk,Furniture,North,3,12000,33840.0,0.06,8982.02
559,2025-04-27,CUST0069,Customer 0069,Chair,Furniture,West,4,7000,23800.0,0.15,3584.07
560,2025-11-06,CUST0331,Customer 0331,Phone,Electronics,West,2,30000,54600.0,0.09,15340.15
561,2025-09-06,CUST0389,Customer 0389,Jeans,Fashion,South,3,2500,6300.0,0.16,1218.16
562,2025-02-03,CUST0160,Customer 0160,Oil,Grocery,North,5,1500,6900.0,0.08,1736.82
563,2025-03-30,CUST0099,Customer 0099,Keyboard,Electronics,East,1,2500,2375.0,0.05,428.49
564,2025-12-27,CUST0102,Customer 0102,Chair,Furniture,North,3,7000,17640.0,0.16,3371.49
565,2025-12-15,CUST0016,Customer 0016,Keyboard,Electronics,West,3,2500,6750.0,0.1,1202.46
566,2025-10-28,CUST0283,Customer 0283,Desk,Furniture,North,3,12000,34920.0,0.03,9665.44
567,2025-05-26,CUST0015,Customer 0015,Shoes,Fashion,South,1,4000,3880.0,0.03,798.88
568,2025-04-24,CUST0332,Customer 0332,Keyboard,Electronics,North,2,2500,4750.0,0.05,807.94
569,2025-12-16,CUST0005,Customer 0005,T-Shirt,Fashion,North,2,1200,2088.0,0.13,443.18
570,2025-04-25,CUST0130,Customer 0130,Coffee,Grocery,East,3,500,1290.0,0.14,304.52
571,2025-08-05,CUST0459,Customer 0459,Shoes,Fashion,East,3,4000,10920.0,0.09,1397.83
572,2025-12-13,CUST0267,Customer 0267,Coffee,Grocery,East,4,500,1760.0,0.12,143.64
573,2025-10-15,CUST0332,Customer 0332,Coffee,Grocery,West,5,500,2350.0,0.06,541.84
574,2025-02-02,CUST0173,Customer 0173,Chair,Furniture,East,3,7000,17430.0,0.17,2395.79
575,2025-04-07,CUST0077,Customer 0077,Jeans,Fashion,West,2,2500,4100.0,0.18,1054.5
576,2025-12-05,CUST0164,Customer 0164,Rice,Grocery,East,2,1000,1720.0,0.14,385.6
577,2025-05-13,CUST0465,Customer 0465,Shoes,Fashion,South,4,4000,14720.0,0.08,1291.98
578,2025-06-25,CUST0372,Customer 0372,Oil,Grocery,West,2,1500,2580.0,0.14,568.71
579,2025-12-10,CUST0184,Customer 0184,Jeans,Fashion,South,3,2500,6225.0,0.17,1649.25
580,2025-05-31,CUST0050,Customer 0050,T-Shirt,Fashion,South,2,1200,2040.0,0.15,488.66
581,2025-12-15,CUST0461,Customer 0461,Desk,Furniture,East,1,12000,11520.0,0.04,1487.6
582,2025-08-04,CUST0404,Customer 0404,Desk,Furniture,North,3,12000,34200.0,0.05,4948.44
583,2025-08-29,CUST0028,Customer 0028,Rice,Grocery,West,5,1000,4400.0,0.12,952.79
584,2025-04-10,CUST0257,Customer 0257,Phone,Electronics,South,4,30000,106800.0,0.11,18250.37
585,2025-03-12,CUST0103,Customer 0103,Desk,Furniture,West,4,12000,38400.0,0.2,10614.76
586,2025-03-15,CUST0162,Customer 0162,Oil,Grocery,South,2,1500,2520.0,0.16,471.91
587,2025-06-10,CUST0325,Customer 0325,Laptop,Electronics,South,1,65000,59150.0,0.09,7456.69
588,2025-10-23,CUST0392,Customer 0392,Headphones,Electronics,South,4,3000,10080.0,0.16,2535.58
589,2025-11-11,CUST0223,Customer 0223,Rice,Grocery,West,4,1000,3680.0,0.08,1075.93
590,2025-01-03,CUST0020,Customer 0020,Jeans,Fashion,East,2,2500,4250.0,0.15,1228.31
591,2025-09-29,CUST0098,Customer 0098,Laptop,Electronics,East,1,65000,56550.0,0.13,7619.61
592,2025-06-09,CUST0067,Customer 0067,Phone,Electronics,North,4,30000,108000.0,0.1,15913.29
593,2025-01-24,CUST0153,Customer 0153,Chair,Furniture,East,4,7000,23800.0,0.15,5026.59
594,2025-08-11,CUST0455,Customer 0455,Rice,Grocery,East,2,1000,1860.0,0.07,517.65
595,2025-04-07,CUST0085,Customer 0085,Shoes,Fashion,South,1,4000,3800.0,0.05,911.91
596,2025-04-19,CUST0376,Customer 0376,Laptop,Electronics,North,5,65000,292500.0,0.1,31325.47
597,2025-07-12,CUST0449,Customer 0449,Rice,Grocery,North,3,1000,2550.0,0.15,553.58
598,2025-12-05,CUST0056,Customer 0056,Rice,Grocery,West,1,1000,990.0,0.01,104.42
599,2025-07-14,CUST0064,Customer 0064,Jeans,Fashion,North,3,2500,6825.0,0.09,775.92
600,2025-06-04,CUST0216,Customer 0216,Rice,Grocery,South,1,1000,870.0,0.13,121.27
601,2025-08-03,CUST0426,Customer 0426,Phone,Electronics,North,5,30000,129000.0,0.14,13661.31
602,2025-02-24,CUST0255,Customer 0255,Keyboard,Electronics,South,5,2500,12000.0,0.04,1654.3
603,2025-07-03,CUST0361,Customer 0361,Shoes,Fashion,South,3,4000,11640.0,0.03,2334.87
604,2025-12-19,CUST0478,Customer 0478,T-Shirt,Fashion,North,3,1200,3420.0,0.05,283.19
605,2025-02-26,CUST0428,Customer 0428,Coffee,Grocery,North,4,500,1940.0,0.03,193.65
606,2025-02-21,CUST0464,Customer 0464,Chair,Furniture,East,2,7000,12740.0,0.09,3758.35
607,2025-08-26,CUST0026,Customer 0026,Phone,Electronics,East,2,30000,49800.0,0.17,13321.24
608,2025-12-13,CUST0161,Customer 0161,Shoes,Fashion,North,1,4000,3920.0,0.02,967.48
609,2025-01-05,CUST0437,Customer 0437,Headphones,Electronics,East,2,3000,5580.0,0.07,1544.52
610,2025-02-17,CUST0191,Customer 0191,Desk,Furniture,West,2,12000,23520.0,0.02,3952.65
611,2025-05-20,CUST0428,Customer 0428,Shoes,Fashion,South,4,4000,13440.0,0.16,2993.71
612,2025-02-27,CUST0068,Customer 0068,Oil,Grocery,North,1,1500,1200.0,0.2,318.91
613,2025-08-02,CUST0467,Customer 0467,Coffee,Grocery,South,4,500,1680.0,0.16,385.13
614,2025-11-09,CUST0195,Customer 0195,Desk,Furniture,South,5,12000,59400.0,0.01,13696.58
615,2025-09-05,CUST0472,Customer 0472,T-Shirt,Fashion,North,1,1200,984.0,0.18,174.12
616,2025-05-14,CUST0336,Customer 0336,Desk,Furniture,South,1,12000,10320.0,0.14,2364.77
617,2025-12-09,CUST0448,Customer 0448,Desk,Furniture,North,5,12000,54000.0,0.1,12642.89
618,2025-08-10,CUST0339,Customer 0339,Oil,Grocery,West,2,1500,2700.0,0.1,610.24
619,2025-03-18,CUST0430,Customer 0430,Jeans,Fashion,South,5,2500,12375.0,0.01,2741.65
620,2025-09-16,CUST0435,Customer 0435,T-Shirt,Fashion,West,4,1200,3984.0,0.17,384.34
621,2025-06-14,CUST0124,Customer 0124,Desk,Furniture,West,3,12000,35640.0,0.01,4597.4
622,2025-07-26,CUST0419,Customer 0419,Keyboard,Electronics,West,1,2500,2275.0,0.09,583.03
623,2025-02-15,CUST0439,Customer 0439,T-Shirt,Fashion,North,4,1200,4512.0,0.06,1334.41
624,2025-02-22,CUST0207,Customer 0207,Shoes,Fashion,North,1,4000,3560.0,0.11,284.93
625,2025-11-06,CUST0494,Customer 0494,Coffee,Grocery,West,3,500,1230.0,0.18,250.57
626,2025-06-24,CUST0187,Customer 0187,Laptop,Electronics,West,2,65000,107900.0,0.17,16512.37
627,2025-12-03,CUST0187,Customer 0187,Oil,Grocery,South,4,1500,5880.0,0.02,1452.66
628,2025-01-02,CUST0175,Customer 0175,Desk,Furniture,North,3,12000,32040.0,0.11,5198.68
629,2025-01-24,CUST0460,Customer 0460,Headphones,Electronics,West,4,3000,11640.0,0.03,2766.93
630,2025-02-24,CUST0131,Customer 0131,Coffee,Grocery,West,2,500,960.0,0.04,273.26
631,2025-04-21,CUST0235,Customer 0235,Keyboard,Electronics,North,3,2500,7350.0,0.02,1258.2
632,2025-08-19,CUST0235,Customer 0235,Rice,Grocery,West,5,1000,4050.0,0.19,443.96
633,2025-01-03,CUST0272,Customer 0272,Oil,Grocery,West,1,1500,1335.0,0.11,233.92
634,2025-09-18,CUST0400,Customer 0400,Headphones,Electronics,North,5,3000,14550.0,0.03,3773.6
635,2025-07-18,CUST0337,Customer 0337,Coffee,Grocery,West,5,500,2050.0,0.18,391.35
636,2025-08-03,CUST0312,Customer 0312,Oil,Grocery,East,2,1500,2850.0,0.05,832.17
637,2025-08-20,CUST0413,Customer 0413,Headphones,Electronics,East,2,3000,5520.0,0.08,1291.7
638,2025-12-26,CUST0281,Customer 0281,Desk,Furniture,East,5,12000,52200.0,0.13,6483.01
639,2025-12-18,CUST0177,Customer 0177,Rice,Grocery,South,2,1000,1600.0,0.2,356.83
640,2025-09-15,CUST0278,Customer 0278,Oil,Grocery,West,3,1500,3870.0,0.14,957.32
641,2025-10-26,CUST0293,Customer 0293,Rice,Grocery,East,4,1000,3480.0,0.13,962.74
642,2025-08-05,CUST0414,Customer 0414,Laptop,Electronics,North,5,65000,318500.0,0.02,52167.58
643,2025-12-10,CUST0029,Customer 0029,Keyboard,Electronics,East,3,2500,6375.0,0.15,735.71
644,2025-12-16,CUST0129,Customer 0129,Headphones,Electronics,North,1,3000,2580.0,0.14,373.92
645,2025-07-03,CUST0417,Customer 0417,T-Shirt,Fashion,South,1,1200,1056.0,0.12,241.42
646,2025-11-28,CUST0288,Customer 0288,Shoes,Fashion,East,2,4000,7200.0,0.1,1838.18
647,2025-12-21,CUST0341,Customer 0341,Laptop,Electronics,East,4,65000,239200.0,0.08,69481.48
648,2025-10-10,CUST0028,Customer 0028,Laptop,Electronics,West,3,65000,187200.0,0.04,50758.72
649,2025-04-26,CUST0467,Customer 0467,Rice,Grocery,South,3,1000,2550.0,0.15,510.65
650,2025-04-10,CUST0151,Customer 0151,T-Shirt,Fashion,South,2,1200,1920.0,0.2,185.06
651,2025-09-21,CUST0062,Customer 0062,Shoes,Fashion,South,1,4000,3640.0,0.09,736.92
652,2025-03-24,CUST0300,Customer 0300,Chair,Furniture,South,1,7000,6510.0,0.07,1537.22
653,2025-01-21,CUST0079,Customer 0079,Desk,Furniture,East,5,12000,59400.0,0.01,16936.37
654,2025-09-09,CUST0405,Customer 0405,Coffee,Grocery,East,5,500,2325.0,0.07,587.03
655,2025-09-27,CUST0113,Customer 0113,Headphones,Electronics,West,5,3000,14850.0,0.01,2838.29
656,2025-10-06,CUST0275,Customer 0275,Shoes,Fashion,East,1,4000,3720.0,0.07,1020.57
657,2025-06-19,CUST0185,Customer 0185,Chair,Furniture,West,2,7000,11340.0,0.19,2449.69
658,2025-10-15,CUST0422,Customer 0422,Rice,Grocery,South,1,1000,980.0,0.02,153.0
659,2025-11-25,CUST0315,Customer 0315,Coffee,Grocery,East,2,500,810.0,0.19,186.43
660,2025-07-15,CUST0469,Customer 0469,Phone,Electronics,North,4,30000,114000.0,0.05,27277.31
661,2025-09-22,CUST0421,Customer 0421,Desk,Furniture,North,5,12000,50400.0,0.16,8972.33
662,2025-06-01,CUST0460,Customer 0460,Rice,Grocery,North,2,1000,1880.0,0.06,184.46
663,2025-03-27,CUST0498,Customer 0498,Jeans,Fashion,South,5,2500,12500.0,0.0,1180.05
664,2025-12-17,CUST0218,Customer 0218,Phone,Electronics,West,2,30000,53400.0,0.11,12527.82
665,2025-11-28,CUST0419,Customer 0419,Phone,Electronics,North,2,30000,60000.0,0.0,14262.66
666,2025-02-14,CUST0038,Customer 0038,Laptop,Electronics,South,2,65000,109200.0,0.16,22143.41
667,2025-05-13,CUST0209,Customer 0209,Shoes,Fashion,North,4,4000,13920.0,0.13,2439.7
668,2025-07-19,CUST0345,Customer 0345,Phone,Electronics,North,5,30000,150000.0,0.0,35769.43
669,2025-10-27,CUST0024,Customer 0024,Oil,Grocery,East,1,1500,1395.0,0.07,265.92
670,2025-12-18,CUST0155,Customer 0155,Coffee,Grocery,West,1,500,470.0,0.06,133.42
671,2025-07-22,CUST0421,Customer 0421,Rice,Grocery,South,1,1000,910.0,0.09,179.6
672,2025-07-20,CUST0408,Customer 0408,Jeans,Fashion,East,3,2500,6075.0,0.19,678.56
673,2025-01-06,CUST0284,Customer 0284,Jeans,Fashion,West,2,2500,4900.0,0.02,397.42
674,2025-10-03,CUST0281,Customer 0281,Phone,Electronics,East,3,30000,86400.0,0.04,21005.11
675,2025-04-19,CUST0212,Customer 0212,Rice,Grocery,East,5,1000,4850.0,0.03,584.32
676,2025-04-10,CUST0059,Customer 0059,Headphones,Electronics,West,5,3000,12450.0,0.17,3327.95
677,2025-11-27,CUST0282,Customer 0282,Phone,Electronics,South,3,30000,78300.0,0.13,10582.34
678,2025-10-25,CUST0250,Customer 0250,Desk,Furniture,North,3,12000,34920.0,0.03,7829.21
679,2025-05-26,CUST0318,Customer 0318,Phone,Electronics,East,2,30000,56400.0,0.06,10103.62
680,2025-12-22,CUST0300,Customer 0300,Headphones,Electronics,West,5,3000,13350.0,0.11,3440.21
681,2025-03-28,CUST0003,Customer 0003,Desk,Furniture,West,2,12000,20160.0,0.16,4771.55
682,2025-05-22,CUST0431,Customer 0431,Desk,Furniture,West,2,12000,20640.0,0.14,3156.76
683,2025-08-25,CUST0229,Customer 0229,Desk,Furniture,North,3,12000,32400.0,0.1,3367.76
684,2025-05-24,CUST0440,Customer 0440,Headphones,Electronics,North,5,3000,14400.0,0.04,3475.87
685,2025-02-08,CUST0457,Customer 0457,Laptop,Electronics,West,5,65000,282750.0,0.13,73170.42
686,2025-10-30,CUST0109,Customer 0109,Laptop,Electronics,West,5,65000,308750.0,0.05,85423.99
687,2025-12-01,CUST0397,Customer 0397,Headphones,Electronics,East,3,3000,8280.0,0.08,2286.24
688,2025-03-10,CUST0238,Customer 0238,Jeans,Fashion,North,5,2500,12250.0,0.02,1960.62
689,2025-12-06,CUST0123,Customer 0123,Coffee,Grocery,South,2,500,850.0,0.15,94.25
690,2025-04-02,CUST0290,Customer 0290,Coffee,Grocery,East,2,500,850.0,0.15,158.42
691,2025-01-21,CUST0113,Customer 0113,T-Shirt,Fashion,North,2,1200,2376.0,0.01,383.19
692,2025-12-09,CUST0106,Customer 0106,Jeans,Fashion,North,3,2500,6900.0,0.08,1945.38
693,2025-01-21,CUST0333,Customer 0333,Desk,Furniture,East,1,12000,10320.0,0.14,2009.33
694,2025-05-15,CUST0297,Customer 0297,Jeans,Fashion,East,5,2500,12125.0,0.03,2713.68
695,2025-10-28,CUST0335,Customer 0335,Phone,Electronics,South,5,30000,142500.0,0.05,41893.33
696,2025-09-22,CUST0208,Customer 0208,Desk,Furniture,North,3,12000,32400.0,0.1,6028.48
697,2025-09-14,CUST0452,Customer 0452,Headphones,Electronics,East,4,3000,11640.0,0.03,1128.61
698,2025-04-19,CUST0077,Customer 0077,Headphones,Electronics,North,2,3000,5580.0,0.07,1326.96
699,2025-12-05,CUST0118,Customer 0118,Shoes,Fashion,West,3,4000,10320.0,0.14,1918.84
700,2025-09-03,CUST0108,Customer 0108,Coffee,Grocery,South,2,500,870.0,0.13,148.25
701,2025-01-23,CUST0066,Customer 0066,Coffee,Grocery,North,5,500,2425.0,0.03,529.86
702,2025-10-21,CUST0076,Customer 0076,Laptop,Electronics,West,2,65000,123500.0,0.05,14771.62
703,2025-11-03,CUST0497,Customer 0497,Coffee,Grocery,East,1,500,410.0,0.18,98.46
704,2025-02-13,CUST0111,Customer 0111,T-Shirt,Fashion,South,5,1200,4800.0,0.2,1299.87
705,2025-04-23,CUST0426,Customer 0426,Shoes,Fashion,South,5,4000,19400.0,0.03,4038.73
706,2025-11-16,CUST0338,Customer 0338,Jeans,Fashion,West,3,2500,7275.0,0.03,1679.29
707,2025-11-02,CUST0303,Customer 0303,Phone,Electronics,North,2,30000,55200.0,0.08,6021.6
708,2025-04-14,CUST0268,Customer 0268,Jeans,Fashion,South,4,2500,8300.0,0.17,1769.66
709,2025-09-01,CUST0462,Customer 0462,Coffee,Grocery,North,5,500,2475.0,0.01,624.82
710,2025-02-17,CUST0247,Customer 0247,Rice,Grocery,North,2,1000,1640.0,0.18,325.77
711,2025-12-14,CUST0333,Customer 0333,Shoes,Fashion,West,5,4000,18400.0,0.08,5013.29
712,2025-04-28,CUST0481,Customer 0481,T-Shirt,Fashion,North,4,1200,4464.0,0.07,1147.32
713,2025-08-06,CUST0069,Customer 0069,Chair,Furniture,North,4,7000,23800.0,0.15,6669.21
714,2025-05-26,CUST0307,Customer 0307,Jeans,Fashion,North,4,2500,9500.0,0.05,771.43
715,2025-10-23,CUST0268,Customer 0268,Phone,Electronics,East,5,30000,150000.0,0.0,33600.02
716,2025-07-29,CUST0186,Customer 0186,Phone,Electronics,East,2,30000,54600.0,0.09,11399.47
717,2025-10-02,CUST0217,Customer 0217,Coffee,Grocery,West,3,500,1320.0,0.12,393.62
718,2025-04-15,CUST0212,Customer 0212,Jeans,Fashion,West,5,2500,11250.0,0.1,1816.28
719,2025-05-10,CUST0158,Customer 0158,Coffee,Grocery,South,3,500,1275.0,0.15,213.68
720,2025-12-04,CUST0061,Customer 0061,Oil,Grocery,South,2,1500,2730.0,0.09,638.41
721,2025-02-21,CUST0110,Customer 0110,Jeans,Fashion,North,4,2500,8400.0,0.16,2151.98
722,2025-03-24,CUST0200,Customer 0200,Rice,Grocery,West,1,1000,840.0,0.16,219.34
723,2025-11-04,CUST0223,Customer 0223,Phone,Electronics,North,1,30000,28500.0,0.05,4605.14
724,2025-07-16,CUST0477,Customer 0477,Shoes,Fashion,North,5,4000,17400.0,0.13,2488.6
725,2025-03-31,CUST0328,Customer 0328,T-Shirt,Fashion,East,4,1200,4800.0,0.0,1282.2
726,2025-04-10,CUST0018,Customer 0018,Coffee,Grocery,South,5,500,2250.0,0.1,294.68
727,2025-12-12,CUST0019,Customer 0019,Desk,Furniture,North,2,12000,20880.0,0.13,6152.13
728,2025-05-22,CUST0400,Customer 0400,Shoes,Fashion,South,3,4000,10440.0,0.13,1766.44
729,2025-09-23,CUST0008,Customer 0008,Oil,Grocery,East,1,1500,1230.0,0.18,247.12
730,2025-06-27,CUST0494,Customer 0494,Chair,Furniture,West,2,7000,12320.0,0.12,1512.84
731,2025-10-22,CUST0003,Customer 0003,Chair,Furniture,North,2,7000,12880.0,0.08,1332.08
732,2025-09-15,CUST0151,Customer 0151,Desk,Furniture,East,1,12000,10080.0,0.16,2928.0
733,2025-12-22,CUST0227,Customer 0227,Shoes,Fashion,East,5,4000,18000.0,0.1,2403.36
734,2025-08-23,CUST0349,Customer 0349,T-Shirt,Fashion,East,5,1200,4980.0,0.17,926.45
735,2025-02-04,CUST0196,Customer 0196,Rice,Grocery,East,2,1000,1720.0,0.14,224.61
736,2025-07-31,CUST0490,Customer 0490,Desk,Furniture,East,5,12000,53400.0,0.11,12505.22
737,2025-05-08,CUST0148,Customer 0148,Phone,Electronics,North,4,30000,104400.0,0.13,27210.44
738,2025-10-11,CUST0477,Customer 0477,Headphones,Electronics,East,4,3000,11280.0,0.06,1444.79
739,2025-04-04,CUST0485,Customer 0485,Oil,Grocery,South,2,1500,2700.0,0.1,334.6
740,2025-05-16,CUST0106,Customer 0106,Keyboard,Electronics,East,2,2500,4150.0,0.17,1095.57
741,2025-03-21,CUST0399,Customer 0399,Phone,Electronics,West,1,30000,24600.0,0.18,5625.5
742,2025-11-11,CUST0004,Customer 0004,Jeans,Fashion,East,1,2500,2075.0,0.17,335.45
743,2025-09-10,CUST0460,Customer 0460,Coffee,Grocery,East,3,500,1350.0,0.1,400.37
744,2025-07-23,CUST0114,Customer 0114,Coffee,Grocery,West,2,500,990.0,0.01,253.28
745,2025-10-04,CUST0017,Customer 0017,Jeans,Fashion,South,3,2500,6900.0,0.08,1593.86
746,2025-08-23,CUST0500,Customer 0500,Phone,Electronics,North,5,30000,136500.0,0.09,31616.99
747,2025-12-12,CUST0108,Customer 0108,Shoes,Fashion,East,5,4000,19600.0,0.02,3127.23
748,2025-04-06,CUST0281,Customer 0281,Chair,Furniture,East,2,7000,13300.0,0.05,3868.65
749,2025-07-07,CUST0095,Customer 0095,T-Shirt,Fashion,East,4,1200,4608.0,0.04,1078.99
750,2025-07-06,CUST0438,Customer 0438,Shoes,Fashion,South,3,4000,10920.0,0.09,2246.35
751,2025-02-21,CUST0370,Customer 0370,Chair,Furniture,South,2,7000,12460.0,0.11,3344.11
752,2025-03-16,CUST0410,Customer 0410,Oil,Grocery,West,2,1500,2730.0,0.09,224.25
753,2025-09-13,CUST0069,Customer 0069,Rice,Grocery,West,5,1000,4450.0,0.11,665.1
754,2025-06-03,CUST0129,Customer 0129,Jeans,Fashion,South,5,2500,12375.0,0.01,1259.46
755,2025-01-31,CUST0111,Customer 0111,Chair,Furniture,East,4,7000,23240.0,0.17,2351.57
756,2025-05-14,CUST0185,Customer 0185,Desk,Furniture,East,5,12000,53400.0,0.11,13788.07
757,2025-01-11,CUST0211,Customer 0211,Phone,Electronics,South,3,30000,74700.0,0.17,21803.86
758,2025-10-23,CUST0295,Customer 0295,Rice,Grocery,East,5,1000,4850.0,0.03,1220.59
759,2025-06-16,CUST0345,Customer 0345,Jeans,Fashion,North,4,2500,8500.0,0.15,1515.76
760,2025-07-15,CUST0315,Customer 0315,Chair,Furniture,South,4,7000,24360.0,0.13,2725.07
761,2025-11-24,CUST0414,Customer 0414,Desk,Furniture,North,4,12000,41760.0,0.13,8592.55
762,2025-02-10,CUST0083,Customer 0083,Desk,Furniture,East,2,12000,22560.0,0.06,5045.83
763,2025-11-06,CUST0331,Customer 0331,Shoes,Fashion,East,3,4000,9840.0,0.18,2477.85
764,2025-10-28,CUST0267,Customer 0267,T-Shirt,Fashion,South,4,1200,4656.0,0.03,1247.47
765,2025-05-01,CUST0339,Customer 0339,Chair,Furniture,North,1,7000,6720.0,0.04,1124.59
766,2025-02-02,CUST0480,Customer 0480,T-Shirt,Fashion,North,5,1200,5940.0,0.01,1482.66
767,2025-02-23,CUST0135,Customer 0135,Coffee,Grocery,West,2,500,980.0,0.02,279.25
768,2025-06-08,CUST0118,Customer 0118,Keyboard,Electronics,South,3,2500,6825.0,0.09,735.81
769,2025-01-15,CUST0018,Customer 0018,Rice,Grocery,West,3,1000,2490.0,0.17,377.35
770,2025-08-28,CUST0500,Customer 0500,Jeans,Fashion,South,3,2500,6675.0,0.11,732.42
771,2025-10-30,CUST0306,Customer 0306,T-Shirt,Fashion,East,5,1200,5460.0,0.09,1205.31
772,2025-06-27,CUST0247,Customer 0247,Jeans,Fashion,East,2,2500,4200.0,0.16,744.28
773,2025-07-31,CUST0134,Customer 0134,Headphones,Electronics,South,3,3000,9000.0,0.0,1756.17
774,2025-06-26,CUST0147,Customer 0147,T-Shirt,Fashion,West,5,1200,6000.0,0.0,1697.16
775,2025-06-03,CUST0005,Customer 0005,Shoes,Fashion,East,3,4000,10560.0,0.12,2695.85
776,2025-04-07,CUST0211,Customer 0211,Jeans,Fashion,West,4,2500,9200.0,0.08,1066.46
777,2025-07-13,CUST0113,Customer 0113,Chair,Furniture,East,1,7000,6440.0,0.08,854.61
778,2025-05-26,CUST0333,Customer 0333,Oil,Grocery,North,5,1500,6300.0,0.16,1076.28
779,2025-04-04,CUST0070,Customer 0070,Chair,Furniture,East,1,7000,6090.0,0.13,1314.83
780,2025-12-25,CUST0319,Customer 0319,T-Shirt,Fashion,North,2,1200,2256.0,0.06,255.99
781,2025-04-06,CUST0498,Customer 0498,Phone,Electronics,North,3,30000,85500.0,0.05,20292.84
782,2025-04-30,CUST0047,Customer 0047,Headphones,Electronics,East,1,3000,2700.0,0.1,419.1
783,2025-09-13,CUST0191,Customer 0191,T-Shirt,Fashion,South,1,1200,1116.0,0.07,296.39
784,2025-01-29,CUST0137,Customer 0137,Shoes,Fashion,East,1,4000,3560.0,0.11,427.03
785,2025-07-15,CUST0425,Customer 0425,Laptop,Electronics,West,1,65000,52650.0,0.19,12490.17
786,2025-08-15,CUST0127,Customer 0127,Oil,Grocery,North,1,1500,1440.0,0.04,348.15
787,2025-09-24,CUST0341,Customer 0341,Keyboard,Electronics,East,4,2500,9200.0,0.08,2681.5
788,2025-03-23,CUST0323,Customer 0323,Oil,Grocery,North,1,1500,1275.0,0.15,256.16
789,2025-05-10,CUST0247,Customer 0247,Rice,Grocery,South,3,1000,2880.0,0.04,792.73
790,2025-02-27,CUST0121,Customer 0121,Rice,Grocery,East,4,1000,3760.0,0.06,439.24
791,2025-10-27,CUST0062,Customer 0062,Shoes,Fashion,West,2,4000,8000.0,0.0,713.91
792,2025-12-19,CUST0306,Customer 0306,Headphones,Electronics,West,3,3000,7650.0,0.15,1030.6
793,2025-02-16,CUST0352,Customer 0352,Coffee,Grocery,North,3,500,1215.0,0.19,363.69
794,2025-01-31,CUST0183,Customer 0183,Rice,Grocery,South,2,1000,1720.0,0.14,437.09
795,2025-09-07,CUST0120,Customer 0120,Desk,Furniture,West,5,12000,50400.0,0.16,12422.26
796,2025-04-09,CUST0011,Customer 0011,Oil,Grocery,North,4,1500,5580.0,0.07,611.8
797,2025-09-06,CUST0362,Customer 0362,T-Shirt,Fashion,South,5,1200,5640.0,0.06,1316.08
798,2025-10-18,CUST0096,Customer 0096,Jeans,Fashion,South,3,2500,7050.0,0.06,1290.48
799,2025-02-05,CUST0272,Customer 0272,Headphones,Electronics,East,4,3000,11280.0,0.06,1555.93
800,2025-08-21,CUST0001,Customer 0001,Rice,Grocery,North,5,1000,4600.0,0.08,555.76
801,2025-11-14,CUST0439,Customer 0439,Desk,Furniture,West,5,12000,57000.0,0.05,13601.38
802,2025-04-08,CUST0269,Customer 0269,Rice,Grocery,East,4,1000,3400.0,0.15,387.29
803,2025-06-15,CUST0210,Customer 0210,Rice,Grocery,North,3,1000,2940.0,0.02,573.61
804,2025-01-23,CUST0428,Customer 0428,Headphones,Electronics,West,2,3000,4980.0,0.17,619.8
805,2025-04-09,CUST0051,Customer 0051,Laptop,Electronics,West,5,65000,282750.0,0.13,46792.79
806,2025-09-27,CUST0320,Customer 0320,Oil,Grocery,North,5,1500,7125.0,0.05,1144.26
807,2025-01-07,CUST0477,Customer 0477,Keyboard,Electronics,West,4,2500,8100.0,0.19,2130.76
808,2025-11-24,CUST0032,Customer 0032,Desk,Furniture,East,5,12000,51000.0,0.15,14070.63
809,2025-12-29,CUST0030,Customer 0030,Coffee,Grocery,East,3,500,1335.0,0.11,322.46
810,2025-02-09,CUST0484,Customer 0484,Keyboard,Electronics,West,5,2500,12250.0,0.02,2934.34
811,2025-04-08,CUST0099,Customer 0099,Jeans,Fashion,West,2,2500,4450.0,0.11,1283.61
812,2025-02-24,CUST0393,Customer 0393,Rice,Grocery,West,5,1000,4650.0,0.07,841.27
813,2025-02-23,CUST0086,Customer 0086,Headphones,Electronics,South,5,3000,13800.0,0.08,2128.69
814,2025-10-01,CUST0308,Customer 0308,T-Shirt,Fashion,East,3,1200,2952.0,0.18,593.4
815,2025-07-10,CUST0212,Customer 0212,Rice,Grocery,South,4,1000,3320.0,0.17,501.85
816,2025-10-16,CUST0280,Customer 0280,Keyboard,Electronics,East,4,2500,8500.0,0.15,2411.89
817,2025-07-04,CUST0493,Customer 0493,T-Shirt,Fashion,North,4,1200,3888.0,0.19,311.21
818,2025-05-26,CUST0306,Customer 0306,Laptop,Electronics,North,5,65000,315250.0,0.03,86968.46
819,2025-06-03,CUST0114,Customer 0114,Keyboard,Electronics,East,3,2500,7500.0,0.0,1956.2
820,2025-10-11,CUST0262,Customer 0262,Jeans,Fashion,North,5,2500,10125.0,0.19,1154.63
821,2025-08-24,CUST0183,Customer 0183,Headphones,Electronics,South,2,3000,5700.0,0.05,1571.59
822,2025-04-30,CUST0132,Customer 0132,Chair,Furniture,South,1,7000,6230.0,0.11,1278.36
823,2025-02-09,CUST0371,Customer 0371,Desk,Furniture,North,4,12000,46560.0,0.03,12182.66
824,2025-11-01,CUST0329,Customer 0329,Chair,Furniture,North,1,7000,5950.0,0.15,1230.36
825,2025-01-29,CUST0472,Customer 0472,Desk,Furniture,North,3,12000,29520.0,0.18,5182.15
826,2025-04-27,CUST0383,Customer 0383,Rice,Grocery,West,5,1000,4050.0,0.19,888.79
827,2025-01-28,CUST0157,Customer 0157,Jeans,Fashion,East,1,2500,2350.0,0.06,480.06
828,2025-09-15,CUST0358,Customer 0358,Keyboard,Electronics,West,2,2500,4950.0,0.01,1192.69
829,2025-08-17,CUST0386,Customer 0386,Coffee,Grocery,East,5,500,2250.0,0.1,289.93
830,2025-07-21,CUST0076,Customer 0076,Headphones,Electronics,North,3,3000,8820.0,0.02,1814.42
831,2025-10-08,CUST0205,Customer 0205,Chair,Furniture,South,1,7000,6440.0,0.08,1130.79
832,2025-03-11,CUST0247,Customer 0247,Jeans,Fashion,South,2,2500,4500.0,0.1,1005.73
833,2025-10-15,CUST0316,Customer 0316,Oil,Grocery,West,5,1500,7125.0,0.05,682.3
834,2025-06-15,CUST0351,Customer 0351,Coffee,Grocery,East,1,500,490.0,0.02,83.78
835,2025-06-28,CUST0098,Customer 0098,Desk,Furniture,East,3,12000,31680.0,0.12,2703.11
836,2025-03-28,CUST0180,Customer 0180,Coffee,Grocery,South,4,500,1760.0,0.12,311.35
837,2025-04-13,CUST0351,Customer 0351,Desk,Furniture,North,2,12000,20400.0,0.15,5459.21
838,2025-01-28,CUST0125,Customer 0125,Coffee,Grocery,North,2,500,830.0,0.17,216.16
839,2025-06-25,CUST0356,Customer 0356,Phone,Electronics,South,3,30000,81900.0,0.09,6961.88
840,2025-10-03,CUST0109,Customer 0109,Keyboard,Electronics,West,5,2500,11250.0,0.1,1540.18
841,2025-11-15,CUST0374,Customer 0374,Headphones,Electronics,North,1,3000,2760.0,0.08,770.95
842,2025-05-11,CUST0088,Customer 0088,Laptop,Electronics,East,3,65000,187200.0,0.04,43661.76
843,2025-01-28,CUST0239,Customer 0239,Rice,Grocery,East,1,1000,990.0,0.01,223.03
844,2025-02-25,CUST0010,Customer 0010,Chair,Furniture,North,4,7000,26600.0,0.05,4355.86
845,2025-06-11,CUST0249,Customer 0249,Coffee,Grocery,West,5,500,2450.0,0.02,303.19
846,2025-10-15,CUST0475,Customer 0475,Oil,Grocery,East,1,1500,1485.0,0.01,420.11
847,2025-06-20,CUST0251,Customer 0251,Shoes,Fashion,East,2,4000,8000.0,0.0,1844.39
848,2025-11-17,CUST0155,Customer 0155,Keyboard,Electronics,East,5,2500,11750.0,0.06,1100.3
849,2025-07-18,CUST0456,Customer 0456,Laptop,Electronics,East,5,65000,263250.0,0.19,34124.62
850,2025-07-21,CUST0337,Customer 0337,Headphones,Electronics,South,1,3000,2550.0,0.15,496.12
851,2025-08-02,CUST0124,Customer 0124,Coffee,Grocery,East,2,500,910.0,0.09,135.34
852,2025-08-18,CUST0278,Customer 0278,Headphones,Electronics,South,2,3000,5220.0,0.13,1084.86
853,2025-03-12,CUST0159,Customer 0159,Oil,Grocery,South,5,1500,6150.0,0.18,1073.88
854,2025-12-02,CUST0478,Customer 0478,Coffee,Grocery,North,2,500,940.0,0.06,190.46
855,2025-04-05,CUST0163,Customer 0163,Headphones,Electronics,West,1,3000,2550.0,0.15,697.75
856,2025-07-30,CUST0156,Customer 0156,T-Shirt,Fashion,South,3,1200,3492.0,0.03,423.74
857,2025-04-05,CUST0014,Customer 0014,Coffee,Grocery,South,5,500,2375.0,0.05,486.28
858,2025-11-02,CUST0119,Customer 0119,Keyboard,Electronics,West,1,2500,2325.0,0.07,537.98
859,2025-03-10,CUST0258,Customer 0258,Coffee,Grocery,West,4,500,1720.0,0.14,279.11
860,2025-09-09,CUST0243,Customer 0243,Headphones,Electronics,North,2,3000,5760.0,0.04,501.64
861,2025-05-19,CUST0487,Customer 0487,Shoes,Fashion,South,2,4000,6800.0,0.15,2022.41
862,2025-02-03,CUST0091,Customer 0091,T-Shirt,Fashion,West,5,1200,5400.0,0.1,817.98
863,2025-05-07,CUST0219,Customer 0219,Shoes,Fashion,East,1,4000,3520.0,0.12,919.96
864,2025-07-21,CUST0314,Customer 0314,Oil,Grocery,North,5,1500,6600.0,0.12,1290.63
865,2025-09-24,CUST0056,Customer 0056,T-Shirt,Fashion,South,4,1200,3984.0,0.17,355.9
866,2025-09-23,CUST0276,Customer 0276,Shoes,Fashion,North,1,4000,3560.0,0.11,689.03
867,2025-04-08,CUST0150,Customer 0150,T-Shirt,Fashion,East,4,1200,3936.0,0.18,984.82
868,2025-08-25,CUST0086,Customer 0086,Shoes,Fashion,South,3,4000,10560.0,0.12,971.52
869,2025-08-26,CUST0425,Customer 0425,Rice,Grocery,South,4,1000,3920.0,0.02,745.37
870,2025-10-27,CUST0481,Customer 0481,Oil,Grocery,West,5,1500,7275.0,0.03,1243.9
871,2025-01-13,CUST0092,Customer 0092,T-Shirt,Fashion,West,5,1200,4920.0,0.18,1363.21
872,2025-02-16,CUST0129,Customer 0129,Desk,Furniture,North,2,12000,20640.0,0.14,2212.19
873,2025-12-28,CUST0231,Customer 0231,Rice,Grocery,South,3,1000,2940.0,0.02,692.67
874,2025-07-13,CUST0282,Customer 0282,Shoes,Fashion,South,1,4000,3400.0,0.15,954.37
875,2025-03-25,CUST0445,Customer 0445,Headphones,Electronics,East,2,3000,5100.0,0.15,465.57
876,2025-06-08,CUST0374,Customer 0374,T-Shirt,Fashion,South,3,1200,3132.0,0.13,331.56
877,2025-04-14,CUST0002,Customer 0002,Coffee,Grocery,West,3,500,1500.0,0.0,284.22
878,2025-10-06,CUST0414,Customer 0414,Laptop,Electronics,West,5,65000,266500.0,0.18,35266.81
879,2025-08-21,CUST0210,Customer 0210,T-Shirt,Fashion,East,1,1200,1056.0,0.12,86.01
880,2025-11-14,CUST0322,Customer 0322,Jeans,Fashion,East,2,2500,4950.0,0.01,557.45
881,2025-01-19,CUST0075,Customer 0075,Laptop,Electronics,North,5,65000,269750.0,0.17,39291.01
882,2025-01-26,CUST0056,Customer 0056,Shoes,Fashion,South,2,4000,7760.0,0.03,1106.29
883,2025-08-22,CUST0384,Customer 0384,Coffee,Grocery,East,3,500,1215.0,0.19,122.09
884,2025-06-15,CUST0189,Customer 0189,Shoes,Fashion,North,1,4000,3400.0,0.15,902.8
885,2025-05-30,CUST0242,Customer 0242,Headphones,Electronics,West,1,3000,2580.0,0.14,362.16
886,2025-09-26,CUST0108,Customer 0108,Oil,Grocery,North,2,1500,2640.0,0.12,274.68
887,2025-09-05,CUST0371,Customer 0371,Oil,Grocery,East,5,1500,6075.0,0.19,1804.16
888,2025-08-07,CUST0312,Customer 0312,Desk,Furniture,East,3,12000,32040.0,0.11,9576.93
889,2025-03-08,CUST0315,Customer 0315,Coffee,Grocery,West,4,500,1800.0,0.1,394.22
890,2025-04-03,CUST0453,Customer 0453,Coffee,Grocery,North,2,500,860.0,0.14,254.08
891,2025-03-02,CUST0013,Customer 0013,T-Shirt,Fashion,West,1,1200,1020.0,0.15,128.13
892,2025-07-31,CUST0024,Customer 0024,Desk,Furniture,North,3,12000,32040.0,0.11,7056.83
893,2025-11-24,CUST0104,Customer 0104,Oil,Grocery,East,3,1500,4275.0,0.05,405.8
894,2025-09-17,CUST0282,Customer 0282,Desk,Furniture,West,1,12000,11760.0,0.02,1803.07
895,2025-10-19,CUST0316,Customer 0316,Laptop,Electronics,West,2,65000,124800.0,0.04,32877.51
896,2025-08-31,CUST0409,Customer 0409,Laptop,Electronics,East,2,65000,117000.0,0.1,25504.14
897,2025-08-25,CUST0402,Customer 0402,Shoes,Fashion,East,1,4000,3320.0,0.17,484.24
898,2025-10-12,CUST0275,Customer 0275,Laptop,Electronics,East,2,65000,114400.0,0.12,17500.71
899,2025-02-03,CUST0497,Customer 0497,Headphones,Electronics,West,3,3000,7470.0,0.17,1154.96
900,2025-11-17,CUST0274,Customer 0274,Headphones,Electronics,North,5,3000,13200.0,0.12,1600.15
901,2025-06-07,CUST0362,Customer 0362,Desk,Furniture,South,1,12000,11400.0,0.05,1129.69
902,2025-07-10,CUST0232,Customer 0232,Chair,Furniture,East,2,7000,12460.0,0.11,1476.54
903,2025-01-20,CUST0399,Customer 0399,Keyboard,Electronics,West,1,2500,2275.0,0.09,194.48
904,2025-09-14,CUST0079,Customer 0079,Keyboard,Electronics,East,3,2500,6150.0,0.18,1482.99
905,2025-06-17,CUST0074,Customer 0074,Phone,Electronics,North,5,30000,129000.0,0.14,14086.51
906,2025-08-24,CUST0199,Customer 0199,Oil,Grocery,North,5,1500,7350.0,0.02,1090.86
907,2025-12-18,CUST0435,Customer 0435,Coffee,Grocery,North,1,500,465.0,0.07,128.16
908,2025-09-24,CUST0393,Customer 0393,Rice,Grocery,South,3,1000,3000.0,0.0,740.61
909,2025-06-14,CUST0103,Customer 0103,Keyboard,Electronics,West,3,2500,7050.0,0.06,1059.0
910,2025-12-10,CUST0061,Customer 0061,Chair,Furniture,North,2,7000,13580.0,0.03,1428.36
911,2025-04-16,CUST0278,Customer 0278,Desk,Furniture,East,5,12000,56400.0,0.06,6268.44
912,2025-10-21,CUST0126,Customer 0126,Headphones,Electronics,West,1,3000,2820.0,0.06,779.15
913,2025-01-26,CUST0067,Customer 0067,Laptop,Electronics,West,4,65000,213200.0,0.18,19422.59
914,2025-01-28,CUST0045,Customer 0045,Shoes,Fashion,West,4,4000,15360.0,0.04,3243.21
915,2025-11-12,CUST0183,Customer 0183,Chair,Furniture,North,3,7000,17640.0,0.16,4177.82
916,2025-08-27,CUST0291,Customer 0291,Headphones,Electronics,West,1,3000,2520.0,0.16,711.48
917,2025-02-19,CUST0234,Customer 0234,Chair,Furniture,South,4,7000,25480.0,0.09,7349.42
918,2025-11-12,CUST0133,Customer 0133,Desk,Furniture,East,4,12000,46080.0,0.04,12985.26
919,2025-06-16,CUST0233,Customer 0233,T-Shirt,Fashion,West,1,1200,1188.0,0.01,124.54
920,2025-08-25,CUST0434,Customer 0434,Headphones,Electronics,South,3,3000,7650.0,0.15,1629.27
921,2025-09-18,CUST0053,Customer 0053,Shoes,Fashion,East,1,4000,3720.0,0.07,829.11
922,2025-09-30,CUST0237,Customer 0237,Shoes,Fashion,South,5,4000,18400.0,0.08,3985.3
923,2025-09-04,CUST0197,Customer 0197,Phone,Electronics,West,3,30000,86400.0,0.04,20104.69
924,2025-08-11,CUST0291,Customer 0291,Desk,Furniture,North,5,12000,51600.0,0.14,6092.87
925,2025-12-31,CUST0294,Customer 0294,T-Shirt,Fashion,North,1,1200,1056.0,0.12,192.02
926,2025-08-16,CUST0091,Customer 0091,Chair,Furniture,West,4,7000,27720.0,0.01,2880.77
927,2025-06-17,CUST0254,Customer 0254,Rice,Grocery,North,1,1000,980.0,0.02,254.55
928,2025-03-17,CUST0339,Customer 0339,Headphones,Electronics,West,4,3000,10680.0,0.11,1770.7
929,2025-04-11,CUST0106,Customer 0106,Rice,Grocery,East,3,1000,2820.0,0.06,718.41
930,2025-08-11,CUST0368,Customer 0368,Desk,Furniture,West,1,12000,10560.0,0.12,2265.42
931,2025-03-07,CUST0437,Customer 0437,Chair,Furniture,North,1,7000,6510.0,0.07,1306.91
932,2025-01-01,CUST0361,Customer 0361,Jeans,Fashion,North,3,2500,7350.0,0.02,1044.33
933,2025-05-01,CUST0222,Customer 0222,Oil,Grocery,West,5,1500,6900.0,0.08,1034.92
934,2025-07-27,CUST0196,Customer 0196,Shoes,Fashion,South,5,4000,19200.0,0.04,2268.48
935,2025-04-07,CUST0285,Customer 0285,Shoes,Fashion,South,3,4000,9960.0,0.17,1134.83
936,2025-03-10,CUST0006,Customer 0006,Phone,Electronics,West,1,30000,29100.0,0.03,7993.06
937,2025-03-11,CUST0044,Customer 0044,Headphones,Electronics,West,4,3000,9960.0,0.17,2754.82
938,2025-11-16,CUST0093,Customer 0093,T-Shirt,Fashion,West,5,1200,5520.0,0.08,1437.49
939,2025-07-01,CUST0116,Customer 0116,Headphones,Electronics,South,4,3000,10560.0,0.12,2187.47
940,2025-12-31,CUST0257,Customer 0257,Chair,Furniture,North,4,7000,22680.0,0.19,4690.17
941,2025-01-20,CUST0291,Customer 0291,T-Shirt,Fashion,North,3,1200,3528.0,0.02,655.99
942,2025-03-14,CUST0374,Customer 0374,Oil,Grocery,East,5,1500,6000.0,0.2,1778.44
943,2025-08-27,CUST0265,Customer 0265,Phone,Electronics,West,5,30000,123000.0,0.18,12233.36
944,2025-11-19,CUST0380,Customer 0380,Rice,Grocery,East,1,1000,860.0,0.14,170.82
945,2025-11-10,CUST0028,Customer 0028,Desk,Furniture,West,5,12000,50400.0,0.16,9230.82
946,2025-10-21,CUST0376,Customer 0376,Desk,Furniture,East,4,12000,44640.0,0.07,13173.59
947,2025-05-29,CUST0086,Customer 0086,Laptop,Electronics,East,5,65000,276250.0,0.15,66281.71
948,2025-02-01,CUST0323,Customer 0323,T-Shirt,Fashion,East,5,1200,5820.0,0.03,531.69
949,2025-11-16,CUST0014,Customer 0014,Chair,Furniture,East,4,7000,27440.0,0.02,5247.38
950,2025-05-10,CUST0068,Customer 0068,Coffee,Grocery,North,3,500,1410.0,0.06,192.51
951,2025-11-06,CUST0090,Customer 0090,Coffee,Grocery,South,2,500,870.0,0.13,140.37
952,2025-05-14,CUST0401,Customer 0401,Oil,Grocery,North,2,1500,2700.0,0.1,690.83
953,2025-06-25,CUST0044,Customer 0044,Headphones,Electronics,West,5,3000,12150.0,0.19,1384.04
954,2025-07-31,CUST0395,Customer 0395,Shoes,Fashion,South,2,4000,6960.0,0.13,1668.45
955,2025-04-18,CUST0296,Customer 0296,Oil,Grocery,North,3,1500,4455.0,0.01,615.53
956,2025-01-27,CUST0086,Customer 0086,T-Shirt,Fashion,South,4,1200,4320.0,0.1,798.24
957,2025-07-14,CUST0350,Customer 0350,Oil,Grocery,West,4,1500,5460.0,0.09,611.15
958,2025-01-07,CUST0148,Customer 0148,T-Shirt,Fashion,North,4,1200,4128.0,0.14,1203.67
959,2025-02-19,CUST0470,Customer 0470,Jeans,Fashion,East,3,2500,6075.0,0.19,1063.08
960,2025-06-21,CUST0139,Customer 0139,Chair,Furniture,West,1,7000,6650.0,0.05,1386.65
961,2025-12-12,CUST0384,Customer 0384,Keyboard,Electronics,South,5,2500,10625.0,0.15,2065.39
962,2025-06-10,CUST0281,Customer 0281,Laptop,Electronics,North,1,65000,53950.0,0.17,4457.97
963,2025-09-26,CUST0054,Customer 0054,Rice,Grocery,East,4,1000,3720.0,0.07,891.15
964,2025-04-09,CUST0018,Customer 0018,Laptop,Electronics,South,5,65000,318500.0,0.02,91241.08
965,2025-11-03,CUST0327,Customer 0327,Phone,Electronics,West,1,30000,29400.0,0.02,6263.11
966,2025-12-03,CUST0392,Customer 0392,Rice,Grocery,North,5,1000,4200.0,0.16,506.73
967,2025-12-23,CUST0095,Customer 0095,Chair,Furniture,West,3,7000,19110.0,0.09,5464.7
968,2025-05-22,CUST0394,Customer 0394,Shoes,Fashion,East,3,4000,11400.0,0.05,2870.07
969,2025-02-01,CUST0196,Customer 0196,Shoes,Fashion,East,3,4000,9600.0,0.2,1313.4
970,2025-04-02,CUST0226,Customer 0226,Phone,Electronics,West,4,30000,96000.0,0.2,11918.13
971,2025-04-02,CUST0331,Customer 0331,T-Shirt,Fashion,South,1,1200,1164.0,0.03,289.97
972,2025-11-11,CUST0330,Customer 0330,Phone,Electronics,North,4,30000,103200.0,0.14,10601.03
973,2025-02-06,CUST0293,Customer 0293,Oil,Grocery,West,3,1500,3780.0,0.16,318.0
974,2025-03-18,CUST0335,Customer 0335,Rice,Grocery,East,1,1000,810.0,0.19,183.23
975,2025-03-19,CUST0359,Customer 0359,Desk,Furniture,West,4,12000,42720.0,0.11,8261.38
976,2025-09-02,CUST0224,Customer 0224,Shoes,Fashion,West,1,4000,3560.0,0.11,287.39
977,2025-03-04,CUST0291,Customer 0291,Jeans,Fashion,North,3,2500,6975.0,0.07,1022.69
978,2025-11-20,CUST0491,Customer 0491,Rice,Grocery,East,1,1000,930.0,0.07,248.99
979,2025-02-11,CUST0431,Customer 0431,T-Shirt,Fashion,North,3,1200,3132.0,0.13,372.26
980,2025-07-16,CUST0339,Customer 0339,Keyboard,Electronics,East,3,2500,6450.0,0.14,1788.08
981,2025-09-07,CUST0044,Customer 0044,Rice,Grocery,South,4,1000,3400.0,0.15,376.68
982,2025-01-13,CUST0369,Customer 0369,Coffee,Grocery,East,2,500,900.0,0.1,84.47
983,2025-09-13,CUST0274,Customer 0274,T-Shirt,Fashion,North,1,1200,1188.0,0.01,109.69
984,2025-07-27,CUST0061,Customer 0061,Keyboard,Electronics,South,5,2500,11375.0,0.09,2606.89
985,2025-10-24,CUST0120,Customer 0120,Phone,Electronics,North,1,30000,25500.0,0.15,4782.7
986,2025-08-30,CUST0465,Customer 0465,Coffee,Grocery,North,1,500,475.0,0.05,105.8
987,2025-03-30,CUST0324,Customer 0324,Laptop,Electronics,South,3,65000,163800.0,0.16,16610.02
988,2025-10-30,CUST0033,Customer 0033,Phone,Electronics,South,1,30000,27000.0,0.1,6907.1
989,2025-02-02,CUST0412,Customer 0412,Keyboard,Electronics,West,4,2500,9300.0,0.07,2454.24
990,2025-06-16,CUST0062,Customer 0062,Rice,Grocery,South,5,1000,4450.0,0.11,670.84
991,2025-01-24,CUST0304,Customer 0304,Headphones,Electronics,West,3,3000,8910.0,0.01,1249.69
992,2025-03-28,CUST0357,Customer 0357,Desk,Furniture,North,5,12000,58200.0,0.03,7775.63
993,2025-03-10,CUST0052,Customer 0052,Rice,Grocery,West,5,1000,4600.0,0.08,527.65
994,2025-02-11,CUST0004,Customer 0004,Laptop,Electronics,East,2,65000,105300.0,0.19,24796.37
995,2025-08-02,CUST0356,Customer 0356,T-Shirt,Fashion,West,2,1200,2304.0,0.04,508.63
996,2025-07-30,CUST0123,Customer 0123,Headphones,Electronics,West,5,3000,12900.0,0.14,2724.22
997,2025-11-10,CUST0487,Customer 0487,Phone,Electronics,South,3,30000,83700.0,0.07,6780.15
998,2025-04-09,CUST0061,Customer 0061,Jeans,Fashion,South,1,2500,2200.0,0.12,593.56
999,2025-08-26,CUST0395,Customer 0395,Rice,Grocery,South,2,1000,1880.0,0.06,230.52
1000,2025-12-17,CUST0433,Customer 0433,T-Shirt,Fashion,North,4,1200,4608.0,0.04,1048.0
1001,2025-01-28,CUST0331,Customer 0331,Desk,Furniture,West,3,12000,34560.0,0.04,4676.11
1002,2025-01-23,CUST0054,Customer 0054,Oil,Grocery,North,1,1500,1230.0,0.18,146.0
1003,2025-09-06,CUST0264,Customer 0264,Phone,Electronics,East,1,30000,24600.0,0.18,5872.23
1004,2025-08-03,CUST0102,Customer 0102,Oil,Grocery,South,3,1500,4275.0,0.05,445.58
1005,2025-02-20,CUST0122,Customer 0122,Oil,Grocery,South,4,1500,4980.0,0.17,809.83
1006,2025-02-07,CUST0242,Customer 0242,Coffee,Grocery,South,4,500,1980.0,0.01,348.26
1007,2025-11-09,CUST0233,Customer 0233,Headphones,Electronics,South,4,3000,11160.0,0.07,2016.64
1008,2025-11-20,CUST0184,Customer 0184,Chair,Furniture,North,2,7000,13020.0,0.07,1133.53
1009,2025-05-24,CUST0070,Customer 0070,Phone,Electronics,East,4,30000,109200.0,0.09,12848.94
1010,2025-04-23,CUST0454,Customer 0454,Chair,Furniture,South,5,7000,33950.0,0.03,8650.61
1011,2025-10-23,CUST0497,Customer 0497,Jeans,Fashion,West,2,2500,4900.0,0.02,1315.82
1012,2025-04-21,CUST0303,Customer 0303,T-Shirt,Fashion,South,4,1200,4512.0,0.06,1085.6
1013,2025-05-07,CUST0168,Customer 0168,Shoes,Fashion,South,5,4000,19200.0,0.04,5453.67
1014,2025-10-21,CUST0460,Customer 0460,Laptop,Electronics,West,4,65000,208000.0,0.2,18473.09
1015,2025-09-16,CUST0018,Customer 0018,Shoes,Fashion,North,5,4000,18400.0,0.08,4749.73
1016,2025-08-20,CUST0254,Customer 0254,Keyboard,Electronics,West,1,2500,2225.0,0.11,184.08
1017,2025-04-22,CUST0068,Customer 0068,Desk,Furniture,North,3,12000,34200.0,0.05,10252.11
1018,2025-09-03,CUST0343,Customer 0343,Chair,Furniture,North,2,7000,12040.0,0.14,3235.66
1019,2025-08-21,CUST0238,Customer 0238,Headphones,Electronics,West,4,3000,11520.0,0.04,3130.46
1020,2025-12-27,CUST0325,Customer 0325,Laptop,Electronics,North,1,65000,59800.0,0.08,13871.52
1021,2025-06-01,CUST0219,Customer 0219,Chair,Furniture,North,5,7000,31150.0,0.11,7936.56
1022,2025-11-14,CUST0451,Customer 0451,Desk,Furniture,East,1,12000,10800.0,0.1,3026.17
1023,2025-01-27,CUST0057,Customer 0057,Shoes,Fashion,East,3,4000,10920.0,0.09,971.8
1024,2025-03-31,CUST0332,Customer 0332,Jeans,Fashion,South,1,2500,2225.0,0.11,556.67
1025,2025-06-21,CUST0123,Customer 0123,Jeans,Fashion,South,1,2500,2175.0,0.13,526.84
1026,2025-04-26,CUST0165,Customer 0165,Desk,Furniture,North,3,12000,32400.0,0.1,5606.64
1027,2025-02-02,CUST0191,Customer 0191,Desk,Furniture,North,4,12000,43200.0,0.1,8461.59
1028,2025-08-29,CUST0364,Customer 0364,Jeans,Fashion,East,5,2500,10250.0,0.18,1839.21
1029,2025-12-11,CUST0485,Customer 0485,Oil,Grocery,North,1,1500,1440.0,0.04,395.24
1030,2025-02-11,CUST0201,Customer 0201,Headphones,Electronics,South,3,3000,7290.0,0.19,706.61
1031,2025-05-22,CUST0058,Customer 0058,Oil,Grocery,North,2,1500,2700.0,0.1,735.75
1032,2025-05-31,CUST0214,Customer 0214,Rice,Grocery,West,5,1000,4050.0,0.19,746.25
1033,2025-08-16,CUST0378,Customer 0378,Rice,Grocery,South,1,1000,940.0,0.06,88.22
1034,2025-09-24,CUST0331,Customer 0331,Desk,Furniture,East,4,12000,42240.0,0.12,9473.05
1035,2025-09-06,CUST0304,Customer 0304,Rice,Grocery,East,5,1000,4150.0,0.17,738.52
1036,2025-10-18,CUST0068,Customer 0068,Chair,Furniture,East,2,7000,11760.0,0.16,1527.53
1037,2025-05-28,CUST0395,Customer 0395,Laptop,Electronics,South,2,65000,120900.0,0.07,21798.73
1038,2025-11-13,CUST0474,Customer 0474,Headphones,Electronics,South,5,3000,14100.0,0.06,4146.89
1039,2025-03-24,CUST0122,Customer 0122,Phone,Electronics,West,1,30000,24000.0,0.2,4953.49
1040,2025-05-14,CUST0190,Customer 0190,Headphones,Electronics,East,2,3000,5340.0,0.11,467.95
1041,2025-06-26,CUST0076,Customer 0076,Desk,Furniture,East,4,12000,42720.0,0.11,4945.76
1042,2025-03-04,CUST0472,Customer 0472,Laptop,Electronics,West,4,65000,210600.0,0.19,52454.98
1043,2025-06-13,CUST0080,Customer 0080,Laptop,Electronics,East,5,65000,260000.0,0.2,39749.25
1044,2025-08-31,CUST0459,Customer 0459,Chair,Furniture,West,5,7000,30450.0,0.13,7792.36
1045,2025-06-23,CUST0353,Customer 0353,Phone,Electronics,North,4,30000,98400.0,0.18,10890.24
1046,2025-06-07,CUST0013,Customer 0013,Shoes,Fashion,North,5,4000,16600.0,0.17,2956.69
1047,2025-06-17,CUST0029,Customer 0029,Coffee,Grocery,East,2,500,880.0,0.12,113.41
1048,2025-04-11,CUST0012,Customer 0012,Phone,Electronics,North,5,30000,124500.0,0.17,28504.77
1049,2025-09-20,CUST0202,Customer 0202,Keyboard,Electronics,North,4,2500,9400.0,0.06,2003.3
1050,2025-12-08,CUST0185,Customer 0185,Shoes,Fashion,West,2,4000,6880.0,0.14,1197.68
1051,2025-07-10,CUST0007,Customer 0007,Chair,Furniture,North,3,7000,19530.0,0.07,5762.43
1052,2025-04-21,CUST0373,Customer 0373,T-Shirt,Fashion,West,4,1200,4032.0,0.16,578.59
1053,2025-08-01,CUST0072,Customer 0072,Coffee,Grocery,West,5,500,2450.0,0.02,308.0
1054,2025-09-26,CUST0172,Customer 0172,Phone,Electronics,West,5,30000,127500.0,0.15,12680.97
1055,2025-11-24,CUST0469,Customer 0469,Chair,Furniture,South,4,7000,27160.0,0.03,4934.06
1056,2025-04-13,CUST0096,Customer 0096,Shoes,Fashion,East,3,4000,10680.0,0.11,953.63
1057,2025-10-27,CUST0156,Customer 0156,T-Shirt,Fashion,North,5,1200,5100.0,0.15,659.91
1058,2025-03-20,CUST0135,Customer 0135,Chair,Furniture,East,4,7000,27440.0,0.02,6215.19
1059,2025-08-02,CUST0092,Customer 0092,T-Shirt,Fashion,West,2,1200,2376.0,0.01,589.81
1060,2025-02-04,CUST0307,Customer 0307,Oil,Grocery,East,3,1500,3960.0,0.12,809.53
1061,2025-11-18,CUST0352,Customer 0352,T-Shirt,Fashion,North,1,1200,1116.0,0.07,269.24
1062,2025-05-13,CUST0084,Customer 0084,Coffee,Grocery,South,1,500,485.0,0.03,87.99
1063,2025-07-02,CUST0084,Customer 0084,Laptop,Electronics,East,3,65000,181350.0,0.07,39892.35
1064,2025-01-25,CUST0149,Customer 0149,Chair,Furniture,South,5,7000,30450.0,0.13,2950.66
1065,2025-11-18,CUST0094,Customer 0094,Phone,Electronics,East,5,30000,127500.0,0.15,25451.13
1066,2025-12-17,CUST0410,Customer 0410,Chair,Furniture,North,3,7000,18060.0,0.14,4179.74
1067,2025-10-01,CUST0297,Customer 0297,Desk,Furniture,East,2,12000,24000.0,0.0,4655.94
1068,2025-09-06,CUST0211,Customer 0211,Desk,Furniture,South,2,12000,23520.0,0.02,2681.33
1069,2025-04-07,CUST0408,Customer 0408,Jeans,Fashion,North,5,2500,10750.0,0.14,3112.65
1070,2025-08-02,CUST0236,Customer 0236,Phone,Electronics,West,1,30000,25200.0,0.16,7135.38
1071,2025-06-28,CUST0160,Customer 0160,Oil,Grocery,East,3,1500,4365.0,0.03,773.59
1072,2025-03-30,CUST0364,Customer 0364,Chair,Furniture,South,1,7000,5950.0,0.15,631.24
1073,2025-12-22,CUST0073,Customer 0073,Oil,Grocery,North,2,1500,2820.0,0.06,355.79
1074,2025-08-06,CUST0354,Customer 0354,Phone,Electronics,West,1,30000,30000.0,0.0,5596.08
1075,2025-01-22,CUST0101,Customer 0101,Phone,Electronics,North,1,30000,25200.0,0.16,4862.73
1076,2025-08-29,CUST0061,Customer 0061,Chair,Furniture,North,1,7000,6930.0,0.01,1572.2
1077,2025-03-05,CUST0472,Customer 0472,Coffee,Grocery,East,2,500,880.0,0.12,109.12
1078,2025-01-15,CUST0047,Customer 0047,Headphones,Electronics,South,3,3000,7290.0,0.19,1141.06
1079,2025-09-14,CUST0400,Customer 0400,Oil,Grocery,North,5,1500,7125.0,0.05,1463.84
1080,2025-10-24,CUST0391,Customer 0391,Laptop,Electronics,East,5,65000,312000.0,0.04,38107.82
1081,2025-03-29,CUST0462,Customer 0462,Jeans,Fashion,South,1,2500,2025.0,0.19,205.96
1082,2025-09-16,CUST0436,Customer 0436,Oil,Grocery,West,4,1500,5580.0,0.07,1169.92
1083,2025-12-11,CUST0491,Customer 0491,Phone,Electronics,West,2,30000,49800.0,0.17,14735.14
1084,2025-04-20,CUST0264,Customer 0264,Keyboard,Electronics,North,4,2500,9800.0,0.02,2906.83
1085,2025-08-27,CUST0057,Customer 0057,Jeans,Fashion,East,2,2500,4500.0,0.1,717.64
1086,2025-10-13,CUST0370,Customer 0370,Laptop,Electronics,East,1,65000,60450.0,0.07,6374.99
1087,2025-08-22,CUST0308,Customer 0308,Oil,Grocery,South,3,1500,3870.0,0.14,1025.7
1088,2025-10-11,CUST0209,Customer 0209,Chair,Furniture,West,4,7000,26880.0,0.04,2562.04
1089,2025-12-14,CUST0189,Customer 0189,Headphones,Electronics,North,1,3000,2400.0,0.2,451.59
1090,2025-07-22,CUST0225,Customer 0225,Jeans,Fashion,North,1,2500,2450.0,0.02,408.8
1091,2025-03-28,CUST0034,Customer 0034,Desk,Furniture,West,2,12000,22320.0,0.07,4707.1
1092,2025-03-04,CUST0120,Customer 0120,Shoes,Fashion,East,4,4000,15040.0,0.06,3564.01
1093,2025-11-26,CUST0483,Customer 0483,Shoes,Fashion,West,3,4000,10800.0,0.1,2297.12
1094,2025-09-06,CUST0262,Customer 0262,Chair,Furniture,East,2,7000,11900.0,0.15,1234.84
1095,2025-09-08,CUST0255,Customer 0255,Keyboard,Electronics,North,2,2500,4950.0,0.01,1199.46
1096,2025-09-13,CUST0348,Customer 0348,Laptop,Electronics,South,2,65000,119600.0,0.08,27439.23
1097,2025-06-05,CUST0319,Customer 0319,Coffee,Grocery,West,1,500,425.0,0.15,95.81
1098,2025-08-27,CUST0104,Customer 0104,Chair,Furniture,East,4,7000,25200.0,0.1,3466.67
1099,2025-10-04,CUST0280,Customer 0280,Laptop,Electronics,North,1,65000,52000.0,0.2,14228.64
1100,2025-07-16,CUST0231,Customer 0231,Desk,Furniture,South,4,12000,43680.0,0.09,3840.16
1101,2025-10-13,CUST0338,Customer 0338,Chair,Furniture,West,2,7000,12600.0,0.1,1380.8
1102,2025-09-07,CUST0392,Customer 0392,Phone,Electronics,West,5,30000,129000.0,0.14,29053.03
1103,2025-09-01,CUST0288,Customer 0288,Headphones,Electronics,West,5,3000,14850.0,0.01,2048.5
1104,2025-11-12,CUST0347,Customer 0347,Desk,Furniture,North,3,12000,33840.0,0.06,2916.75
1105,2025-03-07,CUST0429,Customer 0429,Desk,Furniture,East,3,12000,30240.0,0.16,6304.22
1106,2025-07-14,CUST0050,Customer 0050,Shoes,Fashion,North,3,4000,9600.0,0.2,1638.0
1107,2025-12-05,CUST0126,Customer 0126,Keyboard,Electronics,North,2,2500,4350.0,0.13,915.05
1108,2025-06-06,CUST0059,Customer 0059,Desk,Furniture,West,2,12000,24000.0,0.0,3641.9
1109,2025-12-03,CUST0443,Customer 0443,Shoes,Fashion,North,5,4000,18000.0,0.1,3107.84
1110,2025-12-23,CUST0241,Customer 0241,Coffee,Grocery,West,1,500,400.0,0.2,65.24
1111,2025-06-15,CUST0294,Customer 0294,Phone,Electronics,East,4,30000,117600.0,0.02,26874.48
1112,2025-09-12,CUST0258,Customer 0258,Rice,Grocery,West,3,1000,2910.0,0.03,424.55
1113,2025-04-14,CUST0255,Customer 0255,Rice,Grocery,East,1,1000,830.0,0.17,164.24
1114,2025-05-16,CUST0025,Customer 0025,Chair,Furniture,North,5,7000,32200.0,0.08,4176.18
1115,2025-10-24,CUST0049,Customer 0049,Coffee,Grocery,West,3,500,1425.0,0.05,291.58
1116,2025-08-07,CUST0108,Customer 0108,Desk,Furniture,East,1,12000,10440.0,0.13,1528.48
1117,2025-08-10,CUST0340,Customer 0340,Jeans,Fashion,West,3,2500,7200.0,0.04,1213.24
1118,2025-12-10,CUST0391,Customer 0391,Jeans,Fashion,South,2,2500,4100.0,0.18,894.32
1119,2025-10-23,CUST0256,Customer 0256,Keyboard,Electronics,West,4,2500,9500.0,0.05,2093.27
1120,2025-10-17,CUST0373,Customer 0373,Rice,Grocery,South,1,1000,900.0,0.1,144.13
1121,2025-05-04,CUST0078,Customer 0078,Oil,Grocery,North,3,1500,3735.0,0.17,635.91
1122,2025-11-21,CUST0105,Customer 0105,Shoes,Fashion,East,3,4000,10080.0,0.16,2239.06
1123,2025-12-18,CUST0308,Customer 0308,Keyboard,Electronics,North,4,2500,9500.0,0.05,1073.42
1124,2025-05-06,CUST0409,Customer 0409,Chair,Furniture,West,4,7000,25200.0,0.1,7511.73
1125,2025-11-28,CUST0464,Customer 0464,Laptop,Electronics,East,2,65000,126100.0,0.03,13872.86
1126,2025-05-23,CUST0338,Customer 0338,Jeans,Fashion,West,2,2500,4350.0,0.13,388.42
1127,2025-01-11,CUST0029,Customer 0029,Phone,Electronics,West,3,30000,79200.0,0.12,21445.6
1128,2025-07-06,CUST0344,Customer 0344,Rice,Grocery,South,1,1000,920.0,0.08,243.58
1129,2025-05-01,CUST0058,Customer 0058,Coffee,Grocery,East,5,500,2025.0,0.19,394.53
1130,2025-09-12,CUST0453,Customer 0453,Phone,Electronics,East,2,30000,52800.0,0.12,13205.39
1131,2025-06-18,CUST0427,Customer 0427,Coffee,Grocery,West,4,500,1680.0,0.16,409.37
1132,2025-04-22,CUST0074,Customer 0074,Phone,Electronics,West,2,30000,57600.0,0.04,8087.06
1133,2025-05-11,CUST0442,Customer 0442,Coffee,Grocery,North,1,500,450.0,0.1,73.1
1134,2025-06-12,CUST0280,Customer 0280,Shoes,Fashion,South,4,4000,13760.0,0.14,4016.95
1135,2025-07-05,CUST0244,Customer 0244,Oil,Grocery,North,3,1500,3780.0,0.16,319.93
1136,2025-12-06,CUST0410,Customer 0410,Laptop,Electronics,East,2,65000,123500.0,0.05,20332.03
1137,2025-12-17,CUST0063,Customer 0063,Jeans,Fashion,West,2,2500,4150.0,0.17,686.67
1138,2025-05-11,CUST0155,Customer 0155,Phone,Electronics,South,2,30000,56400.0,0.06,15175.64
1139,2025-08-13,CUST0324,Customer 0324,Desk,Furniture,North,4,12000,40320.0,0.16,5656.41
1140,2025-09-09,CUST0242,Customer 0242,Oil,Grocery,West,4,1500,4860.0,0.19,744.55
1141,2025-02-21,CUST0423,Customer 0423,Headphones,Electronics,East,3,3000,8100.0,0.1,1275.01
1142,2025-08-21,CUST0356,Customer 0356,Laptop,Electronics,West,1,65000,56550.0,0.13,6809.9
1143,2025-11-25,CUST0070,Customer 0070,Laptop,Electronics,North,4,65000,249600.0,0.04,36746.23
1144,2025-02-26,CUST0081,Customer 0081,Keyboard,Electronics,South,5,2500,10750.0,0.14,2675.39
1145,2025-11-01,CUST0352,Customer 0352,Shoes,Fashion,South,3,4000,10920.0,0.09,2972.11
1146,2025-05-14,CUST0089,Customer 0089,Rice,Grocery,South,5,1000,4150.0,0.17,1061.97
1147,2025-02-13,CUST0213,Customer 0213,Desk,Furniture,South,2,12000,22080.0,0.08,3599.27
1148,2025-01-11,CUST0486,Customer 0486,Laptop,Electronics,North,5,65000,282750.0,0.13,61599.35
1149,2025-08-25,CUST0102,Customer 0102,Chair,Furniture,East,2,7000,13860.0,0.01,2993.22
1150,2025-03-18,CUST0046,Customer 0046,Desk,Furniture,West,2,12000,19440.0,0.19,2057.08
1151,2025-08-21,CUST0424,Customer 0424,Rice,Grocery,South,4,1000,3920.0,0.02,928.98
1152,2025-05-17,CUST0148,Customer 0148,Oil,Grocery,South,4,1500,5520.0,0.08,965.38
1153,2025-11-04,CUST0111,Customer 0111,Chair,Furniture,South,2,7000,12880.0,0.08,2187.99
1154,2025-01-15,CUST0149,Customer 0149,Chair,Furniture,East,2,7000,12320.0,0.12,3444.82
1155,2025-10-26,CUST0351,Customer 0351,Rice,Grocery,East,4,1000,3920.0,0.02,717.96
1156,2025-12-21,CUST0204,Customer 0204,Rice,Grocery,East,2,1000,1720.0,0.14,405.68
1157,2025-02-07,CUST0049,Customer 0049,Jeans,Fashion,West,1,2500,2475.0,0.01,704.96
1158,2025-07-01,CUST0311,Customer 0311,Rice,Grocery,North,5,1000,4300.0,0.14,1110.12
1159,2025-05-10,CUST0259,Customer 0259,Coffee,Grocery,East,4,500,1880.0,0.06,313.65
1160,2025-03-09,CUST0496,Customer 0496,Jeans,Fashion,West,1,2500,2200.0,0.12,301.98
1161,2025-06-23,CUST0450,Customer 0450,T-Shirt,Fashion,West,2,1200,2352.0,0.02,555.67
1162,2025-03-14,CUST0134,Customer 0134,Phone,Electronics,East,3,30000,89100.0,0.01,9634.54
1163,2025-07-04,CUST0475,Customer 0475,Shoes,Fashion,East,3,4000,9840.0,0.18,1357.01
1164,2025-09-22,CUST0161,Customer 0161,Shoes,Fashion,South,2,4000,7520.0,0.06,2247.01
1165,2025-10-12,CUST0437,Customer 0437,Rice,Grocery,South,4,1000,3960.0,0.01,446.28
1166,2025-04-04,CUST0019,Customer 0019,T-Shirt,Fashion,North,3,1200,3492.0,0.03,638.23
1167,2025-09-11,CUST0021,Customer 0021,T-Shirt,Fashion,West,3,1200,2880.0,0.2,585.76
1168,2025-09-10,CUST0058,Customer 0058,Oil,Grocery,East,2,1500,2940.0,0.02,295.73
1169,2025-04-03,CUST0428,Customer 0428,Headphones,Electronics,South,5,3000,12600.0,0.16,2569.32
1170,2025-10-26,CUST0498,Customer 0498,Laptop,Electronics,North,5,65000,276250.0,0.15,33074.07
1171,2025-05-07,CUST0394,Customer 0394,T-Shirt,Fashion,North,1,1200,984.0,0.18,84.34
1172,2025-07-21,CUST0192,Customer 0192,Coffee,Grocery,North,1,500,415.0,0.17,47.24
1173,2025-08-24,CUST0426,Customer 0426,Oil,Grocery,North,4,1500,5460.0,0.09,1584.19
1174,2025-06-18,CUST0497,Customer 0497,Laptop,Electronics,South,5,65000,263250.0,0.19,39877.48
1175,2025-04-19,CUST0442,Customer 0442,Laptop,Electronics,North,3,65000,183300.0,0.06,16903.51
1176,2025-10-08,CUST0488,Customer 0488,Coffee,Grocery,South,4,500,1960.0,0.02,266.83
1177,2025-07-24,CUST0046,Customer 0046,Laptop,Electronics,East,2,65000,126100.0,0.03,31712.68
1178,2025-11-28,CUST0386,Customer 0386,Rice,Grocery,West,2,1000,1960.0,0.02,368.45
1179,2025-06-08,CUST0463,Customer 0463,Rice,Grocery,East,5,1000,4850.0,0.03,1098.11
1180,2025-09-20,CUST0103,Customer 0103,T-Shirt,Fashion,West,4,1200,3936.0,0.18,727.44
1181,2025-02-16,CUST0388,Customer 0388,Shoes,Fashion,West,3,4000,10560.0,0.12,1853.31
1182,2025-02-17,CUST0021,Customer 0021,Jeans,Fashion,South,3,2500,6075.0,0.19,1390.06
1183,2025-09-11,CUST0270,Customer 0270,Rice,Grocery,North,5,1000,4900.0,0.02,896.74
1184,2025-09-02,CUST0154,Customer 0154,Headphones,Electronics,South,2,3000,5160.0,0.14,753.82
1185,2025-09-25,CUST0219,Customer 0219,Chair,Furniture,North,5,7000,34650.0,0.01,3355.41
1186,2025-09-20,CUST0056,Customer 0056,Jeans,Fashion,East,4,2500,9200.0,0.08,1676.46
1187,2025-07-01,CUST0131,Customer 0131,Coffee,Grocery,West,1,500,425.0,0.15,35.52
1188,2025-04-02,CUST0403,Customer 0403,Headphones,Electronics,East,4,3000,11880.0,0.01,2038.32
1189,2025-06-10,CUST0301,Customer 0301,Oil,Grocery,East,4,1500,5100.0,0.15,912.84
1190,2025-06-24,CUST0495,Customer 0495,Headphones,Electronics,East,2,3000,5760.0,0.04,1407.44
1191,2025-12-11,CUST0055,Customer 0055,Shoes,Fashion,North,5,4000,20000.0,0.0,3337.71
1192,2025-03-29,CUST0336,Customer 0336,T-Shirt,Fashion,West,4,1200,4128.0,0.14,1119.23
1193,2025-06-05,CUST0317,Customer 0317,Coffee,Grocery,West,3,500,1290.0,0.14,376.54
1194,2025-06-04,CUST0045,Customer 0045,Headphones,Electronics,North,2,3000,6000.0,0.0,627.72
1195,2025-12-23,CUST0497,Customer 0497,Keyboard,Electronics,South,1,2500,2400.0,0.04,534.47
1196,2025-08-12,CUST0432,Customer 0432,Rice,Grocery,West,5,1000,4800.0,0.04,701.77
1197,2025-03-17,CUST0243,Customer 0243,Shoes,Fashion,West,1,4000,3920.0,0.02,1091.84
1198,2025-09-06,CUST0242,Customer 0242,Laptop,Electronics,West,4,65000,228800.0,0.12,28438.57
1199,2025-01-27,CUST0171,Customer 0171,Laptop,Electronics,West,1,65000,56550.0,0.13,13395.59
1200,2025-09-11,CUST0378,Customer 0378,Coffee,Grocery,North,5,500,2125.0,0.15,637.04
1201,2025-09-07,CUST0205,Customer 0205,T-Shirt,Fashion,West,5,1200,5280.0,0.12,1132.71
1202,2025-04-29,CUST0366,Customer 0366,Laptop,Electronics,North,5,65000,325000.0,0.0,67212.84
1203,2025-05-18,CUST0458,Customer 0458,Rice,Grocery,East,4,1000,3280.0,0.18,346.78
1204,2025-08-18,CUST0358,Customer 0358,Shoes,Fashion,West,1,4000,3880.0,0.03,930.29
1205,2025-06-26,CUST0225,Customer 0225,Keyboard,Electronics,East,5,2500,12000.0,0.04,3359.95
1206,2025-11-05,CUST0437,Customer 0437,Oil,Grocery,West,4,1500,5820.0,0.03,841.26
1207,2025-08-02,CUST0427,Customer 0427,Rice,Grocery,South,3,1000,2520.0,0.16,644.98
1208,2025-11-15,CUST0107,Customer 0107,Chair,Furniture,South,1,7000,6090.0,0.13,660.16
1209,2025-03-22,CUST0311,Customer 0311,T-Shirt,Fashion,West,1,1200,1008.0,0.16,289.77
1210,2025-06-05,CUST0121,Customer 0121,Keyboard,Electronics,East,5,2500,12375.0,0.01,1039.36
1211,2025-07-02,CUST0347,Customer 0347,Headphones,Electronics,North,2,3000,4980.0,0.17,1378.37
1212,2025-02-02,CUST0173,Customer 0173,Shoes,Fashion,South,1,4000,3520.0,0.12,375.06
1213,2025-09-07,CUST0133,Customer 0133,Desk,Furniture,East,3,12000,30600.0,0.15,7632.28
1214,2025-03-19,CUST0437,Customer 0437,Oil,Grocery,North,5,1500,6600.0,0.12,679.21
1215,2025-08-13,CUST0410,Customer 0410,T-Shirt,Fashion,North,1,1200,972.0,0.19,244.91
1216,2025-10-15,CUST0022,Customer 0022,Jeans,Fashion,South,1,2500,2425.0,0.03,256.98
1217,2025-07-05,CUST0081,Customer 0081,Oil,Grocery,West,3,1500,3870.0,0.14,958.34
1218,2025-02-20,CUST0079,Customer 0079,Rice,Grocery,South,3,1000,2790.0,0.07,307.76
1219,2025-08-13,CUST0497,Customer 0497,Shoes,Fashion,East,1,4000,3800.0,0.05,980.45
1220,2025-05-27,CUST0259,Customer 0259,Headphones,Electronics,West,1,3000,2850.0,0.05,676.43
1221,2025-07-04,CUST0323,Customer 0323,Rice,Grocery,West,2,1000,1940.0,0.03,476.8
1222,2025-04-27,CUST0071,Customer 0071,Shoes,Fashion,East,4,4000,13120.0,0.18,3641.78
1223,2025-01-16,CUST0227,Customer 0227,Headphones,Electronics,North,1,3000,2580.0,0.14,500.05
1224,2025-02-13,CUST0174,Customer 0174,Desk,Furniture,North,4,12000,38400.0,0.2,4460.21
1225,2025-07-21,CUST0389,Customer 0389,Laptop,Electronics,East,2,65000,106600.0,0.18,9883.76
1226,2025-08-03,CUST0206,Customer 0206,Rice,Grocery,East,5,1000,4150.0,0.17,990.78
1227,2025-06-26,CUST0005,Customer 0005,Chair,Furniture,West,5,7000,30800.0,0.12,3459.14
1228,2025-08-17,CUST0330,Customer 0330,Keyboard,Electronics,West,5,2500,11000.0,0.12,2376.01
1229,2025-12-24,CUST0177,Customer 0177,Rice,Grocery,North,4,1000,3360.0,0.16,920.02
1230,2025-01-19,CUST0276,Customer 0276,Desk,Furniture,South,4,12000,40800.0,0.15,9906.71
1231,2025-09-24,CUST0277,Customer 0277,Chair,Furniture,East,2,7000,13720.0,0.02,2763.11
1232,2025-11-22,CUST0082,Customer 0082,Laptop,Electronics,East,1,65000,53300.0,0.18,10595.25
1233,2025-05-04,CUST0427,Customer 0427,Chair,Furniture,North,4,7000,22400.0,0.2,2336.26
1234,2025-07-10,CUST0133,Customer 0133,Rice,Grocery,North,5,1000,4650.0,0.07,420.83
1235,2025-08-18,CUST0153,Customer 0153,Coffee,Grocery,South,1,500,455.0,0.09,134.79
1236,2025-06-29,CUST0154,Customer 0154,Chair,Furniture,South,5,7000,30450.0,0.13,7221.44
1237,2025-02-23,CUST0168,Customer 0168,Jeans,Fashion,West,5,2500,12000.0,0.04,3015.37
1238,2025-02-20,CUST0076,Customer 0076,Oil,Grocery,North,4,1500,4980.0,0.17,488.18
1239,2025-08-06,CUST0455,Customer 0455,Headphones,Electronics,West,4,3000,11520.0,0.04,1119.47
1240,2025-10-29,CUST0287,Customer 0287,Jeans,Fashion,West,4,2500,8300.0,0.17,1730.94
1241,2025-08-14,CUST0353,Customer 0353,T-Shirt,Fashion,South,4,1200,4032.0,0.16,450.6
1242,2025-09-06,CUST0365,Customer 0365,T-Shirt,Fashion,North,2,1200,1944.0,0.19,375.0
1243,2025-12-22,CUST0109,Customer 0109,T-Shirt,Fashion,East,4,1200,4752.0,0.01,544.13
1244,2025-03-02,CUST0309,Customer 0309,Shoes,Fashion,North,1,4000,3920.0,0.02,806.69
1245,2025-09-25,CUST0079,Customer 0079,Phone,Electronics,East,3,30000,84600.0,0.06,13737.45
1246,2025-09-06,CUST0015,Customer 0015,Headphones,Electronics,East,2,3000,5040.0,0.16,870.84
1247,2025-05-26,CUST0111,Customer 0111,Headphones,Electronics,North,4,3000,12000.0,0.0,2405.5
1248,2025-01-23,CUST0214,Customer 0214,T-Shirt,Fashion,East,5,1200,5640.0,0.06,1012.51
1249,2025-07-13,CUST0244,Customer 0244,Oil,Grocery,West,5,1500,7275.0,0.03,803.7
1250,2025-08-19,CUST0342,Customer 0342,T-Shirt,Fashion,West,2,1200,1992.0,0.17,301.88
1251,2025-07-18,CUST0120,Customer 0120,Shoes,Fashion,West,3,4000,10680.0,0.11,3105.5
1252,2025-05-23,CUST0331,Customer 0331,Phone,Electronics,East,2,30000,51600.0,0.14,10621.28
1253,2025-10-15,CUST0331,Customer 0331,Phone,Electronics,North,5,30000,147000.0,0.02,42650.14
1254,2025-10-19,CUST0268,Customer 0268,Keyboard,Electronics,South,4,2500,9000.0,0.1,756.95
1255,2025-01-10,CUST0141,Customer 0141,Keyboard,Electronics,West,2,2500,4150.0,0.17,1097.93
1256,2025-02-13,CUST0414,Customer 0414,Jeans,Fashion,West,5,2500,11750.0,0.06,2462.29
1257,2025-01-12,CUST0175,Customer 0175,Shoes,Fashion,East,2,4000,7360.0,0.08,1980.74
1258,2025-07-15,CUST0132,Customer 0132,Phone,Electronics,East,1,30000,24000.0,0.2,4780.59
1259,2025-03-15,CUST0094,Customer 0094,Chair,Furniture,South,1,7000,6790.0,0.03,1965.54
1260,2025-01-31,CUST0315,Customer 0315,Desk,Furniture,West,2,12000,23760.0,0.01,2206.6
1261,2025-02-20,CUST0164,Customer 0164,Headphones,Electronics,North,4,3000,9840.0,0.18,1345.58
1262,2025-01-27,CUST0104,Customer 0104,Keyboard,Electronics,West,5,2500,11000.0,0.12,2073.01
1263,2025-02-28,CUST0138,Customer 0138,Laptop,Electronics,West,3,65000,177450.0,0.09,30087.86
1264,2025-01-15,CUST0209,Customer 0209,Rice,Grocery,North,2,1000,1640.0,0.18,137.92
1265,2025-05-07,CUST0391,Customer 0391,Jeans,Fashion,North,2,2500,4700.0,0.06,796.58
1266,2025-11-22,CUST0257,Customer 0257,Keyboard,Electronics,South,2,2500,4650.0,0.07,1379.97
1267,2025-10-03,CUST0488,Customer 0488,Shoes,Fashion,West,5,4000,18200.0,0.09,1460.01
1268,2025-11-14,CUST0149,Customer 0149,Rice,Grocery,West,2,1000,2000.0,0.0,570.74
1269,2025-05-20,CUST0307,Customer 0307,Chair,Furniture,South,4,7000,22400.0,0.2,5943.54
1270,2025-10-27,CUST0431,Customer 0431,Jeans,Fashion,North,3,2500,7425.0,0.01,1801.46
1271,2025-06-03,CUST0046,Customer 0046,Shoes,Fashion,East,1,4000,3320.0,0.17,795.19
1272,2025-08-10,CUST0108,Customer 0108,Coffee,Grocery,East,5,500,2025.0,0.19,303.8
1273,2025-11-22,CUST0134,Customer 0134,Oil,Grocery,East,4,1500,5700.0,0.05,1286.5
1274,2025-06-24,CUST0108,Customer 0108,T-Shirt,Fashion,South,5,1200,5580.0,0.07,1568.45
1275,2025-11-27,CUST0473,Customer 0473,Laptop,Electronics,South,5,65000,292500.0,0.1,81407.99
1276,2025-07-31,CUST0285,Customer 0285,Oil,Grocery,North,4,1500,5100.0,0.15,1011.78
1277,2025-10-03,CUST0016,Customer 0016,Rice,Grocery,West,4,1000,3480.0,0.13,548.65
1278,2025-11-04,CUST0184,Customer 0184,Shoes,Fashion,North,2,4000,6640.0,0.17,1717.18
1279,2025-03-05,CUST0237,Customer 0237,Desk,Furniture,North,2,12000,21840.0,0.09,2811.56
1280,2025-05-24,CUST0349,Customer 0349,Oil,Grocery,East,3,1500,4320.0,0.04,1121.39
1281,2025-04-24,CUST0120,Customer 0120,T-Shirt,Fashion,South,3,1200,3564.0,0.01,671.54
1282,2025-01-04,CUST0101,Customer 0101,Rice,Grocery,West,4,1000,3920.0,0.02,552.78
1283,2025-03-29,CUST0283,Customer 0283,Keyboard,Electronics,South,5,2500,10875.0,0.13,2312.61
1284,2025-02-03,CUST0302,Customer 0302,Headphones,Electronics,South,1,3000,2910.0,0.03,830.47
1285,2025-09-25,CUST0374,Customer 0374,Chair,Furniture,East,2,7000,11620.0,0.17,988.7
1286,2025-12-15,CUST0287,Customer 0287,T-Shirt,Fashion,North,1,1200,972.0,0.19,214.82
1287,2025-06-15,CUST0222,Customer 0222,Shoes,Fashion,West,3,4000,11760.0,0.02,2281.73
1288,2025-07-05,CUST0265,Customer 0265,Laptop,Electronics,West,2,65000,128700.0,0.01,36299.34
1289,2025-06-11,CUST0003,Customer 0003,Shoes,Fashion,North,2,4000,7440.0,0.07,2035.75
1290,2025-04-26,CUST0354,Customer 0354,Shoes,Fashion,East,1,4000,3280.0,0.18,404.47
1291,2025-06-09,CUST0033,Customer 0033,Rice,Grocery,North,1,1000,990.0,0.01,173.28
1292,2025-10-31,CUST0409,Customer 0409,Rice,Grocery,West,3,1000,2490.0,0.17,334.59
1293,2025-05-03,CUST0491,Customer 0491,Desk,Furniture,South,1,12000,10080.0,0.16,1958.83
1294,2025-02-07,CUST0398,Customer 0398,Coffee,Grocery,West,5,500,2275.0,0.09,229.88
1295,2025-10-24,CUST0064,Customer 0064,Phone,Electronics,North,1,30000,24600.0,0.18,4010.46
1296,2025-03-07,CUST0032,Customer 0032,T-Shirt,Fashion,North,1,1200,1128.0,0.06,245.63
1297,2025-02-22,CUST0347,Customer 0347,Laptop,Electronics,West,5,65000,321750.0,0.01,85902.25
1298,2025-02-19,CUST0317,Customer 0317,Shoes,Fashion,North,2,4000,6640.0,0.17,1681.54
1299,2025-08-21,CUST0197,Customer 0197,T-Shirt,Fashion,East,4,1200,3936.0,0.18,851.08
1300,2025-11-30,CUST0481,Customer 0481,Rice,Grocery,South,1,1000,910.0,0.09,138.5
1301,2025-02-25,CUST0053,Customer 0053,Laptop,Electronics,South,5,65000,279500.0,0.14,58816.59
1302,2025-10-21,CUST0065,Customer 0065,Rice,Grocery,West,5,1000,4750.0,0.05,819.95
1303,2025-04-06,CUST0125,Customer 0125,Headphones,Electronics,West,1,3000,2970.0,0.01,441.24
1304,2025-09-20,CUST0492,Customer 0492,Rice,Grocery,South,3,1000,2820.0,0.06,774.79
1305,2025-03-17,CUST0241,Customer 0241,Chair,Furniture,North,5,7000,32550.0,0.07,5245.19
1306,2025-09-23,CUST0301,Customer 0301,Rice,Grocery,North,2,1000,1980.0,0.01,379.3
1307,2025-08-05,CUST0177,Customer 0177,Keyboard,Electronics,North,2,2500,4350.0,0.13,540.61
1308,2025-06-24,CUST0097,Customer 0097,Rice,Grocery,East,4,1000,3440.0,0.14,1018.32
1309,2025-10-24,CUST0290,Customer 0290,Desk,Furniture,North,5,12000,56400.0,0.06,8589.51
1310,2025-08-21,CUST0449,Customer 0449,Laptop,Electronics,South,4,65000,249600.0,0.04,20171.01
1311,2025-12-21,CUST0118,Customer 0118,T-Shirt,Fashion,East,5,1200,5760.0,0.04,1070.0
1312,2025-07-12,CUST0106,Customer 0106,Shoes,Fashion,North,2,4000,6640.0,0.17,541.02
1313,2025-02-07,CUST0184,Customer 0184,Laptop,Electronics,South,5,65000,318500.0,0.02,45840.68
1314,2025-11-20,CUST0300,Customer 0300,Desk,Furniture,East,1,12000,9600.0,0.2,1188.55
1315,2025-03-31,CUST0113,Customer 0113,Chair,Furniture,South,2,7000,13020.0,0.07,2629.92
1316,2025-04-11,CUST0012,Customer 0012,Headphones,Electronics,South,3,3000,7380.0,0.18,624.49
1317,2025-07-14,CUST0336,Customer 0336,Phone,Electronics,South,3,30000,72900.0,0.19,10724.75
1318,2025-07-09,CUST0415,Customer 0415,Desk,Furniture,West,2,12000,19440.0,0.19,5734.07
1319,2025-12-31,CUST0034,Customer 0034,Phone,Electronics,South,2,30000,49200.0,0.18,5351.72
1320,2025-04-09,CUST0273,Customer 0273,Shoes,Fashion,South,3,4000,11280.0,0.06,1968.35
1321,2025-01-24,CUST0391,Customer 0391,Coffee,Grocery,South,5,500,2400.0,0.04,474.73
1322,2025-06-17,CUST0127,Customer 0127,Laptop,Electronics,West,3,65000,161850.0,0.17,43267.45
1323,2025-04-18,CUST0373,Customer 0373,Phone,Electronics,South,4,30000,100800.0,0.16,21699.72
1324,2025-09-18,CUST0199,Customer 0199,Rice,Grocery,South,5,1000,4650.0,0.07,902.83
1325,2025-06-14,CUST0365,Customer 0365,Desk,Furniture,West,5,12000,51600.0,0.14,12252.06
1326,2025-08-31,CUST0138,Customer 0138,Coffee,Grocery,North,4,500,1740.0,0.13,441.85
1327,2025-04-17,CUST0113,Customer 0113,Keyboard,Electronics,East,4,2500,8300.0,0.17,1386.91
1328,2025-08-06,CUST0456,Customer 0456,Shoes,Fashion,East,5,4000,19400.0,0.03,5147.5
1329,2025-10-09,CUST0044,Customer 0044,Headphones,Electronics,South,1,3000,2820.0,0.06,547.48
1330,2025-10-26,CUST0022,Customer 0022,T-Shirt,Fashion,West,5,1200,5280.0,0.12,917.36
1331,2025-08-10,CUST0210,Customer 0210,Desk,Furniture,South,4,12000,45120.0,0.06,7405.17
1332,2025-08-15,CUST0120,Customer 0120,Chair,Furniture,North,1,7000,6510.0,0.07,638.84
1333,2025-05-22,CUST0475,Customer 0475,Keyboard,Electronics,South,1,2500,2450.0,0.02,390.17
1334,2025-06-20,CUST0101,Customer 0101,Rice,Grocery,East,3,1000,2850.0,0.05,695.25
1335,2025-04-08,CUST0362,Customer 0362,Coffee,Grocery,East,2,500,800.0,0.2,196.42
1336,2025-01-05,CUST0395,Customer 0395,Chair,Furniture,West,3,7000,17640.0,0.16,4450.36
1337,2025-07-27,CUST0421,Customer 0421,Coffee,Grocery,South,1,500,455.0,0.09,87.72
1338,2025-07-23,CUST0117,Customer 0117,Keyboard,Electronics,West,2,2500,4550.0,0.09,880.34
1339,2025-08-25,CUST0175,Customer 0175,Phone,Electronics,West,3,30000,74700.0,0.17,13022.78
1340,2025-04-18,CUST0225,Customer 0225,T-Shirt,Fashion,South,5,1200,5940.0,0.01,656.78
1341,2025-06-06,CUST0483,Customer 0483,Oil,Grocery,East,1,1500,1350.0,0.1,303.68
1342,2025-06-23,CUST0116,Customer 0116,Shoes,Fashion,East,4,4000,13760.0,0.14,2321.88
1343,2025-06-16,CUST0301,Customer 0301,Laptop,Electronics,South,5,65000,273000.0,0.16,77223.98
1344,2025-06-19,CUST0291,Customer 0291,Rice,Grocery,West,5,1000,4100.0,0.18,845.64
1345,2025-07-15,CUST0105,Customer 0105,Shoes,Fashion,North,1,4000,3560.0,0.11,432.31
1346,2025-06-18,CUST0292,Customer 0292,T-Shirt,Fashion,South,3,1200,3528.0,0.02,363.2
1347,2025-01-17,CUST0424,Customer 0424,Oil,Grocery,North,5,1500,6750.0,0.1,817.24
1348,2025-07-17,CUST0146,Customer 0146,Keyboard,Electronics,West,2,2500,4700.0,0.06,918.23
1349,2025-01-30,CUST0189,Customer 0189,Jeans,Fashion,West,1,2500,2425.0,0.03,652.65
1350,2025-07-20,CUST0081,Customer 0081,Phone,Electronics,North,2,30000,53400.0,0.11,9890.49
1351,2025-07-19,CUST0490,Customer 0490,Keyboard,Electronics,West,2,2500,4150.0,0.17,614.81
1352,2025-03-23,CUST0310,Customer 0310,Coffee,Grocery,West,3,500,1320.0,0.12,251.52
1353,2025-05-22,CUST0104,Customer 0104,Laptop,Electronics,South,2,65000,118300.0,0.09,30924.59
1354,2025-09-27,CUST0169,Customer 0169,Coffee,Grocery,North,4,500,1820.0,0.09,376.28
1355,2025-05-28,CUST0331,Customer 0331,T-Shirt,Fashion,East,3,1200,3096.0,0.14,732.4
1356,2025-07-20,CUST0314,Customer 0314,Headphones,Electronics,West,4,3000,11400.0,0.05,3169.11
1357,2025-08-23,CUST0197,Customer 0197,Rice,Grocery,North,2,1000,1720.0,0.14,173.75
1358,2025-05-03,CUST0454,Customer 0454,Headphones,Electronics,North,3,3000,7380.0,0.18,1463.47
1359,2025-12-24,CUST0372,Customer 0372,Oil,Grocery,North,2,1500,2460.0,0.18,419.38
1360,2025-07-08,CUST0040,Customer 0040,Phone,Electronics,West,5,30000,127500.0,0.15,19344.67
1361,2025-03-26,CUST0130,Customer 0130,Keyboard,Electronics,West,5,2500,12375.0,0.01,1062.74
1362,2025-07-15,CUST0176,Customer 0176,Oil,Grocery,North,4,1500,4980.0,0.17,833.0
1363,2025-05-09,CUST0059,Customer 0059,Oil,Grocery,West,2,1500,2790.0,0.07,682.74
1364,2025-08-25,CUST0035,Customer 0035,Phone,Electronics,West,5,30000,130500.0,0.13,30926.93
1365,2025-03-13,CUST0242,Customer 0242,Chair,Furniture,North,2,7000,13580.0,0.03,1140.37
1366,2025-04-01,CUST0151,Customer 0151,Phone,Electronics,North,5,30000,127500.0,0.15,14925.12
1367,2025-12-13,CUST0140,Customer 0140,Headphones,Electronics,North,4,3000,11160.0,0.07,1424.77
1368,2025-12-12,CUST0273,Customer 0273,Keyboard,Electronics,North,4,2500,8600.0,0.14,2270.66
1369,2025-07-19,CUST0354,Customer 0354,Chair,Furniture,West,4,7000,27720.0,0.01,2246.05
1370,2025-04-14,CUST0476,Customer 0476,Keyboard,Electronics,North,3,2500,6150.0,0.18,762.58
1371,2025-08-04,CUST0015,Customer 0015,Laptop,Electronics,North,3,65000,163800.0,0.16,37607.02
1372,2025-04-23,CUST0491,Customer 0491,Phone,Electronics,North,2,30000,51600.0,0.14,4627.63
1373,2025-06-17,CUST0166,Customer 0166,Jeans,Fashion,West,2,2500,4400.0,0.12,1256.43
1374,2025-08-08,CUST0062,Customer 0062,Keyboard,Electronics,North,2,2500,4900.0,0.02,740.59
1375,2025-07-25,CUST0335,Customer 0335,Desk,Furniture,North,1,12000,11040.0,0.08,1997.47
1376,2025-12-03,CUST0418,Customer 0418,Chair,Furniture,South,5,7000,32550.0,0.07,3086.16
1377,2025-07-30,CUST0155,Customer 0155,Coffee,Grocery,South,4,500,1600.0,0.2,163.84
1378,2025-05-09,CUST0492,Customer 0492,Phone,Electronics,West,5,30000,141000.0,0.06,30849.71
1379,2025-12-14,CUST0474,Customer 0474,Oil,Grocery,East,2,1500,2790.0,0.07,613.18
1380,2025-12-08,CUST0247,Customer 0247,Phone,Electronics,West,3,30000,90000.0,0.0,25259.64
1381,2025-07-15,CUST0262,Customer 0262,Rice,Grocery,North,2,1000,1800.0,0.1,423.03
1382,2025-04-30,CUST0011,Customer 0011,Coffee,Grocery,South,1,500,470.0,0.06,113.9
1383,2025-11-14,CUST0041,Customer 0041,Laptop,Electronics,South,2,65000,120900.0,0.07,17561.36
1384,2025-07-12,CUST0105,Customer 0105,Rice,Grocery,West,1,1000,950.0,0.05,227.59
1385,2025-06-18,CUST0069,Customer 0069,Chair,Furniture,West,3,7000,18270.0,0.13,4518.33
1386,2025-11-28,CUST0417,Customer 0417,Chair,Furniture,East,1,7000,6650.0,0.05,1604.19
1387,2025-05-05,CUST0106,Customer 0106,Jeans,Fashion,South,1,2500,2050.0,0.18,463.92
1388,2025-12-18,CUST0357,Customer 0357,Oil,Grocery,East,2,1500,2640.0,0.12,432.77
1389,2025-04-04,CUST0227,Customer 0227,Rice,Grocery,South,1,1000,990.0,0.01,186.28
1390,2025-01-27,CUST0325,Customer 0325,Headphones,Electronics,South,2,3000,5820.0,0.03,687.97
1391,2025-05-01,CUST0260,Customer 0260,Phone,Electronics,South,4,30000,103200.0,0.14,15327.46
1392,2025-05-06,CUST0218,Customer 0218,Headphones,Electronics,West,5,3000,14250.0,0.05,2034.58
1393,2025-11-22,CUST0104,Customer 0104,Chair,Furniture,West,4,7000,27440.0,0.02,8066.32
1394,2025-07-13,CUST0086,Customer 0086,T-Shirt,Fashion,West,4,1200,4416.0,0.08,945.32
1395,2025-03-21,CUST0420,Customer 0420,T-Shirt,Fashion,North,1,1200,1020.0,0.15,177.51
1396,2025-06-03,CUST0305,Customer 0305,Jeans,Fashion,West,2,2500,4450.0,0.11,528.01
1397,2025-08-26,CUST0157,Customer 0157,T-Shirt,Fashion,North,3,1200,3312.0,0.08,706.53
1398,2025-06-20,CUST0070,Customer 0070,Oil,Grocery,North,4,1500,5760.0,0.04,1621.72
1399,2025-01-07,CUST0442,Customer 0442,Jeans,Fashion,West,3,2500,6750.0,0.1,1914.65
1400,2025-07-11,CUST0197,Customer 0197,T-Shirt,Fashion,West,3,1200,3132.0,0.13,655.93
1401,2025-01-20,CUST0472,Customer 0472,Phone,Electronics,West,4,30000,97200.0,0.19,11247.96
1402,2025-05-11,CUST0395,Customer 0395,Oil,Grocery,East,3,1500,4050.0,0.1,759.36
1403,2025-12-23,CUST0030,Customer 0030,Rice,Grocery,South,4,1000,3240.0,0.19,783.58
1404,2025-09-02,CUST0018,Customer 0018,Desk,Furniture,East,1,12000,10320.0,0.14,2290.77
1405,2025-11-06,CUST0234,Customer 0234,Rice,Grocery,South,2,1000,1900.0,0.05,403.7
1406,2025-01-07,CUST0060,Customer 0060,Phone,Electronics,North,4,30000,110400.0,0.08,23068.66
1407,2025-09-23,CUST0466,Customer 0466,Keyboard,Electronics,East,4,2500,9700.0,0.03,1686.94
1408,2025-09-14,CUST0496,Customer 0496,Jeans,Fashion,North,4,2500,8800.0,0.12,2124.9
1409,2025-02-25,CUST0326,Customer 0326,Coffee,Grocery,South,3,500,1260.0,0.16,175.37
1410,2025-07-23,CUST0358,Customer 0358,Chair,Furniture,North,1,7000,5600.0,0.2,1453.79
1411,2025-02-19,CUST0036,Customer 0036,Oil,Grocery,West,4,1500,5400.0,0.1,1209.57
1412,2025-03-29,CUST0091,Customer 0091,Desk,Furniture,South,2,12000,20640.0,0.14,2550.37
1413,2025-09-15,CUST0486,Customer 0486,Phone,Electronics,South,4,30000,106800.0,0.11,13538.62
1414,2025-01-31,CUST0384,Customer 0384,Headphones,Electronics,West,2,3000,5700.0,0.05,1587.45
1415,2025-08-14,CUST0321,Customer 0321,Coffee,Grocery,East,1,500,415.0,0.17,48.37
1416,2025-02-13,CUST0194,Customer 0194,Phone,Electronics,South,3,30000,89100.0,0.01,7709.53
1417,2025-09-02,CUST0249,Customer 0249,Rice,Grocery,North,1,1000,1000.0,0.0,138.54
1418,2025-12-07,CUST0299,Customer 0299,Laptop,Electronics,West,1,65000,62400.0,0.04,15861.65
1419,2025-11-05,CUST0267,Customer 0267,Chair,Furniture,West,4,7000,25480.0,0.09,3927.66
1420,2025-06-22,CUST0190,Customer 0190,Rice,Grocery,East,3,1000,2400.0,0.2,623.3
1421,2025-12-07,CUST0205,Customer 0205,Shoes,Fashion,East,5,4000,19800.0,0.01,3134.86
1422,2025-02-21,CUST0002,Customer 0002,T-Shirt,Fashion,South,4,1200,4080.0,0.15,1123.44
1423,2025-01-14,CUST0309,Customer 0309,Phone,Electronics,South,5,30000,141000.0,0.06,32971.19
1424,2025-07-08,CUST0232,Customer 0232,Coffee,Grocery,North,4,500,1800.0,0.1,405.45
1425,2025-11-23,CUST0491,Customer 0491,Desk,Furniture,East,1,12000,10440.0,0.13,2841.3
1426,2025-12-14,CUST0228,Customer 0228,Keyboard,Electronics,North,5,2500,11250.0,0.1,2729.53
1427,2025-06-28,CUST0220,Customer 0220,T-Shirt,Fashion,South,1,1200,1020.0,0.15,147.54
1428,2025-12-31,CUST0074,Customer 0074,Jeans,Fashion,North,5,2500,10500.0,0.16,2495.5
1429,2025-03-07,CUST0255,Customer 0255,Phone,Electronics,West,3,30000,74700.0,0.17,22349.27
1430,2025-03-28,CUST0459,Customer 0459,T-Shirt,Fashion,South,1,1200,1080.0,0.1,214.86
1431,2025-04-19,CUST0088,Customer 0088,Rice,Grocery,North,1,1000,980.0,0.02,292.57
1432,2025-03-24,CUST0476,Customer 0476,Desk,Furniture,East,4,12000,40800.0,0.15,5242.1
1433,2025-12-07,CUST0244,Customer 0244,Rice,Grocery,West,1,1000,870.0,0.13,246.21
1434,2025-02-16,CUST0408,Customer 0408,Oil,Grocery,North,3,1500,3735.0,0.17,1064.44
1435,2025-11-26,CUST0176,Customer 0176,Shoes,Fashion,West,4,4000,13920.0,0.13,3517.83
1436,2025-04-30,CUST0115,Customer 0115,Chair,Furniture,East,1,7000,6580.0,0.06,687.64
1437,2025-10-31,CUST0480,Customer 0480,Keyboard,Electronics,East,1,2500,2225.0,0.11,240.37
1438,2025-07-14,CUST0296,Customer 0296,Oil,Grocery,South,1,1500,1410.0,0.06,295.84
1439,2025-07-18,CUST0217,Customer 0217,Desk,Furniture,South,3,12000,30240.0,0.16,8632.42
1440,2025-09-24,CUST0340,Customer 0340,Coffee,Grocery,West,5,500,2400.0,0.04,400.72
1441,2025-06-11,CUST0075,Customer 0075,Chair,Furniture,East,2,7000,12600.0,0.1,2271.43
1442,2025-03-16,CUST0383,Customer 0383,Rice,Grocery,North,1,1000,880.0,0.12,130.2
1443,2025-05-21,CUST0435,Customer 0435,Oil,Grocery,West,5,1500,6750.0,0.1,1770.6
1444,2025-05-30,CUST0361,Customer 0361,Shoes,Fashion,South,1,4000,3200.0,0.2,490.53
1445,2025-04-26,CUST0359,Customer 0359,Oil,Grocery,West,1,1500,1230.0,0.18,308.4
1446,2025-07-20,CUST0154,Customer 0154,Rice,Grocery,East,2,1000,1600.0,0.2,320.88
1447,2025-08-05,CUST0348,Customer 0348,T-Shirt,Fashion,East,3,1200,3060.0,0.15,508.06
1448,2025-05-25,CUST0357,Customer 0357,Keyboard,Electronics,North,5,2500,11500.0,0.08,1251.18
1449,2025-12-30,CUST0156,Customer 0156,T-Shirt,Fashion,West,2,1200,2112.0,0.12,374.28
1450,2025-05-30,CUST0460,Customer 0460,Headphones,Electronics,North,2,3000,5760.0,0.04,1409.15
1451,2025-07-05,CUST0372,Customer 0372,Coffee,Grocery,South,1,500,430.0,0.14,127.91
1452,2025-07-12,CUST0487,Customer 0487,Shoes,Fashion,West,2,4000,6480.0,0.19,655.33
1453,2025-04-02,CUST0484,Customer 0484,Laptop,Electronics,West,1,65000,52000.0,0.2,11597.12
1454,2025-03-18,CUST0322,Customer 0322,Oil,Grocery,West,4,1500,5700.0,0.05,604.98
1455,2025-09-08,CUST0155,Customer 0155,Oil,Grocery,West,5,1500,6075.0,0.19,1358.46
1456,2025-12-21,CUST0408,Customer 0408,Rice,Grocery,West,1,1000,840.0,0.16,227.03
1457,2025-05-21,CUST0324,Customer 0324,Rice,Grocery,North,4,1000,3720.0,0.07,395.81
1458,2025-03-04,CUST0251,Customer 0251,Rice,Grocery,West,5,1000,4800.0,0.04,1003.71
1459,2025-05-21,CUST0356,Customer 0356,Oil,Grocery,West,1,1500,1260.0,0.16,151.0
1460,2025-11-27,CUST0360,Customer 0360,Shoes,Fashion,North,3,4000,10680.0,0.11,1088.05
1461,2025-10-03,CUST0095,Customer 0095,Shoes,Fashion,West,1,4000,3680.0,0.08,956.22
1462,2025-02-02,CUST0266,Customer 0266,Coffee,Grocery,North,5,500,2150.0,0.14,545.7
1463,2025-04-17,CUST0495,Customer 0495,Rice,Grocery,South,1,1000,960.0,0.04,203.33
1464,2025-01-03,CUST0285,Customer 0285,T-Shirt,Fashion,South,3,1200,3528.0,0.02,382.22
1465,2025-12-01,CUST0083,Customer 0083,Phone,Electronics,North,5,30000,142500.0,0.05,35008.7
1466,2025-03-05,CUST0260,Customer 0260,Chair,Furniture,North,3,7000,17010.0,0.19,2002.97
1467,2025-05-08,CUST0154,Customer 0154,Laptop,Electronics,West,5,65000,266500.0,0.18,38521.86
1468,2025-03-13,CUST0296,Customer 0296,T-Shirt,Fashion,East,3,1200,3240.0,0.1,962.03
1469,2025-11-07,CUST0276,Customer 0276,Jeans,Fashion,North,2,2500,4300.0,0.14,970.84
1470,2025-05-02,CUST0019,Customer 0019,Keyboard,Electronics,South,2,2500,4700.0,0.06,1236.94
1471,2025-11-05,CUST0283,Customer 0283,Keyboard,Electronics,West,5,2500,11625.0,0.07,1258.62
1472,2025-02-08,CUST0282,Customer 0282,Chair,Furniture,West,3,7000,19320.0,0.08,5386.52
1473,2025-08-22,CUST0043,Customer 0043,Chair,Furniture,South,4,7000,22680.0,0.19,2529.13
1474,2025-02-06,CUST0323,Customer 0323,Oil,Grocery,South,3,1500,3600.0,0.2,839.87
1475,2025-07-10,CUST0289,Customer 0289,Rice,Grocery,South,5,1000,4400.0,0.12,758.26
1476,2025-06-11,CUST0404,Customer 0404,Shoes,Fashion,North,4,4000,15840.0,0.01,3370.65
1477,2025-05-19,CUST0064,Customer 0064,Jeans,Fashion,East,1,2500,2150.0,0.14,364.41
1478,2025-11-24,CUST0046,Customer 0046,Desk,Furniture,South,3,12000,30240.0,0.16,3392.7
1479,2025-05-21,CUST0006,Customer 0006,Phone,Electronics,North,4,30000,96000.0,0.2,12373.4
1480,2025-03-05,CUST0090,Customer 0090,Jeans,Fashion,North,3,2500,6600.0,0.12,1699.47
1481,2025-09-28,CUST0179,Customer 0179,Oil,Grocery,North,5,1500,6225.0,0.17,1253.34
1482,2025-01-25,CUST0088,Customer 0088,Desk,Furniture,West,4,12000,46080.0,0.04,11858.17
1483,2025-09-02,CUST0304,Customer 0304,Headphones,Electronics,South,3,3000,9000.0,0.0,1736.86
1484,2025-12-03,CUST0065,Customer 0065,Headphones,Electronics,East,4,3000,10680.0,0.11,1482.61
1485,2025-12-29,CUST0399,Customer 0399,Keyboard,Electronics,West,5,2500,11500.0,0.08,2078.2
1486,2025-07-01,CUST0409,Customer 0409,T-Shirt,Fashion,South,5,1200,5640.0,0.06,1633.21
1487,2025-06-06,CUST0326,Customer 0326,Phone,Electronics,North,3,30000,82800.0,0.08,12320.82
1488,2025-11-21,CUST0041,Customer 0041,Phone,Electronics,North,2,30000,48600.0,0.19,5653.39
1489,2025-02-13,CUST0381,Customer 0381,Chair,Furniture,North,5,7000,28350.0,0.19,7309.66
1490,2025-08-06,CUST0347,Customer 0347,Jeans,Fashion,North,2,2500,4500.0,0.1,869.86
1491,2025-07-27,CUST0008,Customer 0008,Coffee,Grocery,West,2,500,820.0,0.18,200.16
1492,2025-12-26,CUST0274,Customer 0274,Oil,Grocery,North,3,1500,4275.0,0.05,1037.01
1493,2025-11-07,CUST0230,Customer 0230,Headphones,Electronics,East,5,3000,12300.0,0.18,1457.05
1494,2025-03-10,CUST0264,Customer 0264,Desk,Furniture,East,1,12000,11040.0,0.08,1803.95
1495,2025-02-27,CUST0174,Customer 0174,Rice,Grocery,North,2,1000,1660.0,0.17,443.5
1496,2025-05-29,CUST0154,Customer 0154,T-Shirt,Fashion,West,3,1200,3420.0,0.05,275.28
1497,2025-04-22,CUST0473,Customer 0473,Chair,Furniture,West,5,7000,29050.0,0.17,2550.43
1498,2025-11-13,CUST0435,Customer 0435,T-Shirt,Fashion,East,1,1200,1116.0,0.07,240.4
1499,2025-06-02,CUST0182,Customer 0182,Phone,Electronics,West,1,30000,27900.0,0.07,6666.3
1500,2025-07-01,CUST0005,Customer 0005,Phone,Electronics,South,4,30000,108000.0,0.1,10653.51
1501,2025-07-30,CUST0064,Customer 0064,T-Shirt,Fashion,South,1,1200,1164.0,0.03,261.27
1502,2025-08-29,CUST0203,Customer 0203,Desk,Furniture,East,3,12000,33480.0,0.07,9249.94
1503,2025-02-25,CUST0225,Customer 0225,Rice,Grocery,West,4,1000,3880.0,0.03,612.35
1504,2025-01-03,CUST0184,Customer 0184,Oil,Grocery,South,2,1500,2940.0,0.02,419.47
1505,2025-07-22,CUST0216,Customer 0216,Oil,Grocery,South,3,1500,3690.0,0.18,425.34
1506,2025-09-03,CUST0492,Customer 0492,Rice,Grocery,West,3,1000,2940.0,0.02,551.53
1507,2025-12-16,CUST0366,Customer 0366,Headphones,Electronics,West,3,3000,7650.0,0.15,1925.31
1508,2025-09-14,CUST0372,Customer 0372,Oil,Grocery,North,4,1500,5820.0,0.03,1691.81
1509,2025-03-06,CUST0080,Customer 0080,Desk,Furniture,North,5,12000,60000.0,0.0,13834.58
1510,2025-12-14,CUST0425,Customer 0425,Desk,Furniture,West,4,12000,38400.0,0.2,9301.82
1511,2025-09-03,CUST0149,Customer 0149,Chair,Furniture,South,4,7000,27440.0,0.02,4784.7
1512,2025-09-19,CUST0096,Customer 0096,Keyboard,Electronics,South,3,2500,6375.0,0.15,1721.99
1513,2025-12-08,CUST0421,Customer 0421,Shoes,Fashion,North,2,4000,7280.0,0.09,1836.0
1514,2025-12-25,CUST0374,Customer 0374,Jeans,Fashion,South,5,2500,12000.0,0.04,3580.34
1515,2025-04-28,CUST0062,Customer 0062,Headphones,Electronics,South,4,3000,11880.0,0.01,3538.91
1516,2025-08-07,CUST0010,Customer 0010,Coffee,Grocery,West,2,500,980.0,0.02,89.39
1517,2025-09-26,CUST0157,Customer 0157,Oil,Grocery,North,2,1500,2880.0,0.04,500.36
1518,2025-09-19,CUST0219,Customer 0219,Rice,Grocery,East,1,1000,940.0,0.06,130.88
1519,2025-06-29,CUST0365,Customer 0365,Shoes,Fashion,North,2,4000,7520.0,0.06,680.28
1520,2025-01-01,CUST0027,Customer 0027,Rice,Grocery,North,3,1000,2880.0,0.04,529.5
1521,2025-08-09,CUST0095,Customer 0095,Chair,Furniture,North,4,7000,26040.0,0.07,3826.8
1522,2025-12-09,CUST0007,Customer 0007,Rice,Grocery,East,5,1000,4250.0,0.15,461.84
1523,2025-07-05,CUST0381,Customer 0381,Coffee,Grocery,East,5,500,2200.0,0.12,291.31
1524,2025-04-18,CUST0300,Customer 0300,Shoes,Fashion,North,1,4000,3280.0,0.18,356.56
1525,2025-01-22,CUST0301,Customer 0301,Rice,Grocery,North,2,1000,1920.0,0.04,341.89
1526,2025-02-08,CUST0483,Customer 0483,Jeans,Fashion,South,5,2500,11625.0,0.07,2785.08
1527,2025-10-01,CUST0370,Customer 0370,Headphones,Electronics,East,1,3000,2910.0,0.03,500.54
1528,2025-10-14,CUST0500,Customer 0500,Desk,Furniture,West,3,12000,32760.0,0.09,7790.71
1529,2025-02-04,CUST0248,Customer 0248,Shoes,Fashion,North,5,4000,16200.0,0.19,3091.79
1530,2025-03-27,CUST0307,Customer 0307,Chair,Furniture,North,2,7000,13160.0,0.06,3820.04
1531,2025-12-22,CUST0098,Customer 0098,Oil,Grocery,North,4,1500,5400.0,0.1,1064.57
1532,2025-03-26,CUST0225,Customer 0225,Jeans,Fashion,East,4,2500,8900.0,0.11,1476.1
1533,2025-04-16,CUST0095,Customer 0095,Laptop,Electronics,North,2,65000,115700.0,0.11,24327.64
1534,2025-09-20,CUST0234,Customer 0234,Jeans,Fashion,East,5,2500,11875.0,0.05,3177.09
1535,2025-12-29,CUST0138,Customer 0138,Jeans,Fashion,South,1,2500,2425.0,0.03,218.33
1536,2025-05-30,CUST0021,Customer 0021,Rice,Grocery,South,2,1000,1620.0,0.19,228.59
1537,2025-05-19,CUST0448,Customer 0448,Laptop,Electronics,North,2,65000,104000.0,0.2,13124.17
1538,2025-01-01,CUST0333,Customer 0333,Desk,Furniture,East,5,12000,48600.0,0.19,7358.22
1539,2025-03-10,CUST0210,Customer 0210,Coffee,Grocery,North,3,500,1410.0,0.06,130.56
1540,2025-07-02,CUST0113,Customer 0113,Oil,Grocery,North,3,1500,4320.0,0.04,1269.01
1541,2025-12-19,CUST0196,Customer 0196,Rice,Grocery,South,3,1000,2490.0,0.17,546.67
1542,2025-08-15,CUST0113,Customer 0113,Desk,Furniture,West,3,12000,34560.0,0.04,7553.3
1543,2025-03-21,CUST0229,Customer 0229,Keyboard,Electronics,North,4,2500,9300.0,0.07,2589.84
1544,2025-09-11,CUST0093,Customer 0093,T-Shirt,Fashion,West,2,1200,2016.0,0.16,239.39
1545,2025-04-03,CUST0332,Customer 0332,Chair,Furniture,West,1,7000,6580.0,0.06,1807.89
1546,2025-12-18,CUST0312,Customer 0312,Keyboard,Electronics,West,1,2500,2425.0,0.03,421.48
1547,2025-11-27,CUST0497,Customer 0497,Shoes,Fashion,North,1,4000,3440.0,0.14,379.1
1548,2025-11-05,CUST0052,Customer 0052,Shoes,Fashion,North,4,4000,16000.0,0.0,4189.5
1549,2025-03-09,CUST0128,Customer 0128,Phone,Electronics,North,3,30000,87300.0,0.03,19033.54
1550,2025-01-05,CUST0491,Customer 0491,Phone,Electronics,North,5,30000,127500.0,0.15,19691.84
1551,2025-04-14,CUST0072,Customer 0072,T-Shirt,Fashion,East,5,1200,4920.0,0.18,1276.26
1552,2025-06-19,CUST0246,Customer 0246,Headphones,Electronics,North,2,3000,5940.0,0.01,1379.56
1553,2025-01-11,CUST0423,Customer 0423,Laptop,Electronics,West,1,65000,57850.0,0.11,5933.36
1554,2025-03-14,CUST0001,Customer 0001,Keyboard,Electronics,East,1,2500,2375.0,0.05,391.36
1555,2025-12-02,CUST0147,Customer 0147,Keyboard,Electronics,North,4,2500,8600.0,0.14,2040.5
1556,2025-09-09,CUST0087,Customer 0087,Phone,Electronics,East,2,30000,58800.0,0.02,17068.86
1557,2025-02-09,CUST0316,Customer 0316,Desk,Furniture,North,1,12000,11160.0,0.07,3163.13
1558,2025-01-23,CUST0310,Customer 0310,Headphones,Electronics,South,2,3000,5460.0,0.09,839.01
1559,2025-12-14,CUST0218,Customer 0218,Headphones,Electronics,North,3,3000,7920.0,0.12,1133.68
1560,2025-05-19,CUST0470,Customer 0470,T-Shirt,Fashion,North,3,1200,2916.0,0.19,753.37
1561,2025-01-02,CUST0442,Customer 0442,Headphones,Electronics,West,2,3000,5640.0,0.06,935.86
1562,2025-02-04,CUST0058,Customer 0058,Coffee,Grocery,North,4,500,1620.0,0.19,228.85
1563,2025-06-15,CUST0066,Customer 0066,Headphones,Electronics,West,4,3000,11160.0,0.07,2106.18
1564,2025-12-22,CUST0499,Customer 0499,Shoes,Fashion,South,5,4000,16800.0,0.16,2576.49
1565,2025-07-16,CUST0215,Customer 0215,Jeans,Fashion,South,4,2500,8900.0,0.11,1676.51
1566,2025-07-16,CUST0043,Customer 0043,Coffee,Grocery,South,4,500,1780.0,0.11,446.51
1567,2025-12-26,CUST0045,Customer 0045,Keyboard,Electronics,North,3,2500,7500.0,0.0,2239.94
1568,2025-07-05,CUST0286,Customer 0286,T-Shirt,Fashion,East,2,1200,1968.0,0.18,183.23
1569,2025-07-04,CUST0435,Customer 0435,Headphones,Electronics,West,3,3000,8190.0,0.09,2160.16
1570,2025-05-05,CUST0108,Customer 0108,Keyboard,Electronics,South,1,2500,2125.0,0.15,224.81
1571,2025-07-13,CUST0376,Customer 0376,Laptop,Electronics,North,4,65000,241800.0,0.07,56655.77
1572,2025-09-02,CUST0429,Customer 0429,Coffee,Grocery,North,2,500,990.0,0.01,158.75
1573,2025-05-06,CUST0040,Customer 0040,Laptop,Electronics,South,5,65000,269750.0,0.17,46296.89
1574,2025-08-29,CUST0381,Customer 0381,Headphones,Electronics,West,5,3000,12900.0,0.14,1882.0
1575,2025-06-22,CUST0228,Customer 0228,Rice,Grocery,North,1,1000,940.0,0.06,107.44
1576,2025-11-06,CUST0385,Customer 0385,Headphones,Electronics,West,5,3000,14550.0,0.03,2432.85
1577,2025-12-15,CUST0486,Customer 0486,T-Shirt,Fashion,East,5,1200,5160.0,0.14,705.74
1578,2025-12-30,CUST0117,Customer 0117,Shoes,Fashion,West,2,4000,7600.0,0.05,761.72
1579,2025-03-06,CUST0381,Customer 0381,Keyboard,Electronics,South,4,2500,8800.0,0.12,1127.8
1580,2025-10-14,CUST0310,Customer 0310,Phone,Electronics,West,4,30000,108000.0,0.1,24148.15
1581,2025-07-14,CUST0085,Customer 0085,Laptop,Electronics,North,3,65000,169650.0,0.13,20839.93
1582,2025-02-23,CUST0040,Customer 0040,Desk,Furniture,South,5,12000,50400.0,0.16,7751.71
1583,2025-05-25,CUST0084,Customer 0084,Jeans,Fashion,East,1,2500,2475.0,0.01,523.13
1584,2025-04-07,CUST0283,Customer 0283,Keyboard,Electronics,North,1,2500,2375.0,0.05,234.43
1585,2025-10-16,CUST0405,Customer 0405,T-Shirt,Fashion,East,1,1200,1188.0,0.01,119.4
1586,2025-01-05,CUST0183,Customer 0183,Chair,Furniture,West,4,7000,25200.0,0.1,3759.44
1587,2025-07-02,CUST0499,Customer 0499,Headphones,Electronics,North,1,3000,2790.0,0.07,773.48
1588,2025-09-15,CUST0414,Customer 0414,Headphones,Electronics,North,1,3000,2640.0,0.12,433.13
1589,2025-05-29,CUST0083,Customer 0083,Headphones,Electronics,South,4,3000,11760.0,0.02,2560.26
1590,2025-04-21,CUST0414,Customer 0414,Rice,Grocery,East,2,1000,1700.0,0.15,196.23
1591,2025-08-18,CUST0403,Customer 0403,Headphones,Electronics,West,3,3000,8460.0,0.06,1837.2
1592,2025-01-21,CUST0457,Customer 0457,Oil,Grocery,North,4,1500,5700.0,0.05,1706.25
1593,2025-03-20,CUST0291,Customer 0291,Rice,Grocery,East,4,1000,3920.0,0.02,326.49
1594,2025-10-08,CUST0445,Customer 0445,Phone,Electronics,East,4,30000,117600.0,0.02,17524.53
1595,2025-03-24,CUST0035,Customer 0035,Chair,Furniture,South,5,7000,32550.0,0.07,3242.97
1596,2025-12-30,CUST0396,Customer 0396,T-Shirt,Fashion,West,3,1200,2880.0,0.2,850.37
1597,2025-11-29,CUST0474,Customer 0474,Headphones,Electronics,East,1,3000,2430.0,0.19,455.42
1598,2025-05-27,CUST0206,Customer 0206,Shoes,Fashion,East,5,4000,16400.0,0.18,1777.38
1599,2025-09-20,CUST0433,Customer 0433,Coffee,Grocery,West,3,500,1395.0,0.07,320.97
1600,2025-05-15,CUST0450,Customer 0450,Rice,Grocery,South,1,1000,880.0,0.12,195.05
1601,2025-12-25,CUST0421,Customer 0421,Jeans,Fashion,West,1,2500,2425.0,0.03,250.18
1602,2025-03-23,CUST0292,Customer 0292,Shoes,Fashion,North,1,4000,3840.0,0.04,1045.69
1603,2025-06-28,CUST0239,Customer 0239,T-Shirt,Fashion,North,5,1200,4920.0,0.18,896.76
1604,2025-04-03,CUST0375,Customer 0375,Phone,Electronics,East,4,30000,102000.0,0.15,12636.13
1605,2025-02-03,CUST0163,Customer 0163,Desk,Furniture,West,5,12000,54000.0,0.1,12663.22
1606,2025-02-28,CUST0143,Customer 0143,T-Shirt,Fashion,South,1,1200,1068.0,0.11,308.31
1607,2025-11-24,CUST0110,Customer 0110,Desk,Furniture,West,5,12000,59400.0,0.01,12606.88
1608,2025-02-01,CUST0480,Customer 0480,Desk,Furniture,South,4,12000,38400.0,0.2,4874.98
1609,2025-01-12,CUST0488,Customer 0488,Rice,Grocery,North,4,1000,3800.0,0.05,835.43
1610,2025-03-14,CUST0036,Customer 0036,Chair,Furniture,West,4,7000,27440.0,0.02,7470.01
1611,2025-08-03,CUST0269,Customer 0269,Keyboard,Electronics,West,3,2500,7200.0,0.04,661.13
1612,2025-06-25,CUST0494,Customer 0494,Chair,Furniture,West,2,7000,13440.0,0.04,3860.33
1613,2025-09-01,CUST0275,Customer 0275,Oil,Grocery,West,2,1500,2430.0,0.19,427.9
1614,2025-01-06,CUST0288,Customer 0288,Coffee,Grocery,South,2,500,980.0,0.02,222.41
1615,2025-06-15,CUST0341,Customer 0341,Oil,Grocery,South,3,1500,4500.0,0.0,1247.54
1616,2025-09-13,CUST0443,Customer 0443,Desk,Furniture,East,1,12000,10080.0,0.16,2300.94
1617,2025-09-24,CUST0370,Customer 0370,Laptop,Electronics,West,4,65000,210600.0,0.19,56566.9
1618,2025-11-24,CUST0497,Customer 0497,Coffee,Grocery,South,1,500,495.0,0.01,120.81
1619,2025-08-04,CUST0357,Customer 0357,Jeans,Fashion,South,2,2500,4400.0,0.12,561.22
1620,2025-04-08,CUST0498,Customer 0498,Rice,Grocery,East,5,1000,4050.0,0.19,653.9
1621,2025-01-09,CUST0155,Customer 0155,Chair,Furniture,West,5,7000,29400.0,0.16,3158.85
1622,2025-11-29,CUST0234,Customer 0234,Shoes,Fashion,West,4,4000,14880.0,0.07,3901.55
1623,2025-09-25,CUST0499,Customer 0499,Desk,Furniture,East,1,12000,9720.0,0.19,1758.75
1624,2025-04-01,CUST0284,Customer 0284,Coffee,Grocery,West,2,500,890.0,0.11,145.91
1625,2025-11-21,CUST0146,Customer 0146,Oil,Grocery,North,5,1500,6075.0,0.19,1696.71
1626,2025-02-14,CUST0413,Customer 0413,Phone,Electronics,West,1,30000,26100.0,0.13,5626.57
1627,2025-02-23,CUST0255,Customer 0255,Oil,Grocery,West,5,1500,6075.0,0.19,619.25
1628,2025-09-15,CUST0298,Customer 0298,Laptop,Electronics,West,3,65000,161850.0,0.17,20492.1
1629,2025-10-10,CUST0196,Customer 0196,Phone,Electronics,East,2,30000,49800.0,0.17,14398.24
1630,2025-08-26,CUST0212,Customer 0212,Rice,Grocery,South,4,1000,4000.0,0.0,649.69
1631,2025-09-17,CUST0146,Customer 0146,Chair,Furniture,West,3,7000,19740.0,0.06,5499.33
1632,2025-12-11,CUST0124,Customer 0124,Laptop,Electronics,East,4,65000,257400.0,0.01,22078.3
1633,2025-09-23,CUST0420,Customer 0420,Oil,Grocery,West,5,1500,7050.0,0.06,828.31
1634,2025-05-04,CUST0285,Customer 0285,Shoes,Fashion,North,2,4000,7040.0,0.12,1172.37
1635,2025-10-23,CUST0220,Customer 0220,Headphones,Electronics,East,4,3000,9600.0,0.2,1134.89
1636,2025-09-22,CUST0082,Customer 0082,Shoes,Fashion,North,2,4000,7840.0,0.02,2009.06
1637,2025-11-20,CUST0296,Customer 0296,Shoes,Fashion,East,3,4000,9960.0,0.17,1145.32
1638,2025-04-15,CUST0048,Customer 0048,Phone,Electronics,South,1,30000,27300.0,0.09,5961.14
1639,2025-01-15,CUST0317,Customer 0317,Oil,Grocery,West,5,1500,6150.0,0.18,598.58
1640,2025-01-13,CUST0381,Customer 0381,Oil,Grocery,East,2,1500,2400.0,0.2,527.0
1641,2025-04-06,CUST0123,Customer 0123,Rice,Grocery,South,2,1000,1880.0,0.06,371.85
1642,2025-07-13,CUST0395,Customer 0395,Chair,Furniture,North,1,7000,6650.0,0.05,1899.87
1643,2025-11-23,CUST0297,Customer 0297,Phone,Electronics,North,1,30000,27300.0,0.09,5762.94
1644,2025-03-14,CUST0145,Customer 0145,Chair,Furniture,East,2,7000,13720.0,0.02,2589.43
1645,2025-04-17,CUST0201,Customer 0201,Phone,Electronics,West,4,30000,100800.0,0.16,17239.21
1646,2025-11-17,CUST0040,Customer 0040,Keyboard,Electronics,West,4,2500,9200.0,0.08,1370.7
1647,2025-03-24,CUST0093,Customer 0093,Chair,Furniture,North,1,7000,5740.0,0.18,1292.23
1648,2025-03-02,CUST0500,Customer 0500,Desk,Furniture,North,3,12000,32400.0,0.1,6968.63
1649,2025-03-23,CUST0268,Customer 0268,Oil,Grocery,North,3,1500,3645.0,0.19,446.24
1650,2025-10-02,CUST0012,Customer 0012,Jeans,Fashion,East,5,2500,10625.0,0.15,1355.62
1651,2025-02-28,CUST0461,Customer 0461,Keyboard,Electronics,South,1,2500,2325.0,0.07,298.41
1652,2025-05-18,CUST0141,Customer 0141,T-Shirt,Fashion,East,2,1200,1944.0,0.19,304.59
1653,2025-08-28,CUST0382,Customer 0382,T-Shirt,Fashion,South,4,1200,4320.0,0.1,725.71
1654,2025-05-09,CUST0089,Customer 0089,Keyboard,Electronics,East,3,2500,6075.0,0.19,623.52
1655,2025-03-26,CUST0407,Customer 0407,Keyboard,Electronics,East,4,2500,9100.0,0.09,1621.21
1656,2025-06-13,CUST0319,Customer 0319,Phone,Electronics,East,5,30000,138000.0,0.08,17103.52
1657,2025-07-11,CUST0460,Customer 0460,Rice,Grocery,East,1,1000,910.0,0.09,250.87
1658,2025-10-28,CUST0210,Customer 0210,Chair,Furniture,East,5,7000,29050.0,0.17,6446.82
1659,2025-07-23,CUST0016,Customer 0016,Phone,Electronics,South,2,30000,50400.0,0.16,8793.04
1660,2025-07-03,CUST0126,Customer 0126,Phone,Electronics,East,2,30000,52200.0,0.13,8447.64
1661,2025-03-04,CUST0005,Customer 0005,Desk,Furniture,East,1,12000,10320.0,0.14,1310.95
1662,2025-04-30,CUST0288,Customer 0288,Phone,Electronics,South,4,30000,112800.0,0.06,14289.34
1663,2025-02-22,CUST0288,Customer 0288,Chair,Furniture,North,5,7000,28350.0,0.19,7303.92
1664,2025-10-21,CUST0458,Customer 0458,Rice,Grocery,East,4,1000,3440.0,0.14,604.56
1665,2025-04-12,CUST0101,Customer 0101,Laptop,Electronics,West,4,65000,234000.0,0.1,69698.57
1666,2025-03-03,CUST0064,Customer 0064,T-Shirt,Fashion,South,2,1200,2112.0,0.12,443.64
1667,2025-10-23,CUST0011,Customer 0011,Chair,Furniture,North,1,7000,6090.0,0.13,1634.21
1668,2025-08-25,CUST0146,Customer 0146,Headphones,Electronics,North,4,3000,11880.0,0.01,2344.67
1669,2025-06-22,CUST0331,Customer 0331,Laptop,Electronics,West,1,65000,59150.0,0.09,15530.84
1670,2025-06-04,CUST0141,Customer 0141,Desk,Furniture,East,3,12000,33120.0,0.08,6704.12
1671,2025-09-10,CUST0314,Customer 0314,Laptop,Electronics,West,4,65000,244400.0,0.06,72457.93
1672,2025-11-25,CUST0496,Customer 0496,Phone,Electronics,South,3,30000,72900.0,0.19,7479.8
1673,2025-01-25,CUST0423,Customer 0423,Laptop,Electronics,West,2,65000,127400.0,0.02,19241.09
1674,2025-04-26,CUST0088,Customer 0088,Phone,Electronics,North,2,30000,51600.0,0.14,13349.03
1675,2025-12-19,CUST0445,Customer 0445,Laptop,Electronics,North,3,65000,159900.0,0.18,14307.33
1676,2025-06-05,CUST0039,Customer 0039,Chair,Furniture,West,3,7000,18060.0,0.14,4590.1
1677,2025-05-19,CUST0358,Customer 0358,Headphones,Electronics,East,2,3000,5280.0,0.12,561.68
1678,2025-03-17,CUST0386,Customer 0386,Coffee,Grocery,South,4,500,1740.0,0.13,395.0
1679,2025-10-23,CUST0245,Customer 0245,Rice,Grocery,West,4,1000,3200.0,0.2,482.63
1680,2025-04-26,CUST0048,Customer 0048,Chair,Furniture,South,3,7000,18060.0,0.14,2847.38
1681,2025-12-04,CUST0332,Customer 0332,Oil,Grocery,West,2,1500,2580.0,0.14,249.05
1682,2025-01-31,CUST0109,Customer 0109,Laptop,Electronics,West,2,65000,118300.0,0.09,19485.58
1683,2025-02-23,CUST0175,Customer 0175,Keyboard,Electronics,East,5,2500,10625.0,0.15,2051.31
1684,2025-06-09,CUST0363,Customer 0363,T-Shirt,Fashion,South,2,1200,1992.0,0.17,205.66
1685,2025-04-23,CUST0470,Customer 0470,Desk,Furniture,South,4,12000,38400.0,0.2,10403.67
1686,2025-07-24,CUST0097,Customer 0097,Phone,Electronics,North,3,30000,82800.0,0.08,19125.02
1687,2025-03-17,CUST0237,Customer 0237,Phone,Electronics,South,1,30000,28500.0,0.05,7885.99
1688,2025-05-17,CUST0015,Customer 0015,T-Shirt,Fashion,North,5,1200,5460.0,0.09,755.81
1689,2025-07-01,CUST0221,Customer 0221,Keyboard,Electronics,East,2,2500,4600.0,0.08,804.02
1690,2025-01-28,CUST0226,Customer 0226,Chair,Furniture,West,3,7000,20580.0,0.02,4583.1
1691,2025-04-10,CUST0151,Customer 0151,Keyboard,Electronics,West,4,2500,9600.0,0.04,1350.76
1692,2025-09-23,CUST0222,Customer 0222,Phone,Electronics,South,1,30000,26100.0,0.13,7594.42
1693,2025-02-28,CUST0028,Customer 0028,Laptop,Electronics,North,5,65000,308750.0,0.05,29172.68
1694,2025-05-22,CUST0116,Customer 0116,Coffee,Grocery,East,4,500,1840.0,0.08,188.21
1695,2025-09-11,CUST0106,Customer 0106,Headphones,Electronics,East,2,3000,5580.0,0.07,799.94
1696,2025-01-02,CUST0049,Customer 0049,Headphones,Electronics,East,5,3000,12300.0,0.18,2667.45
1697,2025-12-19,CUST0123,Customer 0123,Headphones,Electronics,East,3,3000,7740.0,0.14,902.96
1698,2025-08-22,CUST0073,Customer 0073,Laptop,Electronics,East,4,65000,236600.0,0.09,20012.08
1699,2025-02-09,CUST0088,Customer 0088,Rice,Grocery,North,1,1000,880.0,0.12,258.1
1700,2025-09-08,CUST0448,Customer 0448,Keyboard,Electronics,East,4,2500,9800.0,0.02,2549.61
1701,2025-04-27,CUST0269,Customer 0269,Jeans,Fashion,North,2,2500,4250.0,0.15,1064.86
1702,2025-06-05,CUST0412,Customer 0412,Oil,Grocery,East,3,1500,4095.0,0.09,989.59
1703,2025-12-06,CUST0250,Customer 0250,Chair,Furniture,East,3,7000,19110.0,0.09,5008.82
1704,2025-12-30,CUST0171,Customer 0171,Jeans,Fashion,North,5,2500,11250.0,0.1,1568.1
1705,2025-03-17,CUST0211,Customer 0211,Keyboard,Electronics,West,2,2500,4650.0,0.07,403.62
1706,2025-07-04,CUST0106,Customer 0106,Oil,Grocery,North,1,1500,1440.0,0.04,417.69
1707,2025-05-21,CUST0450,Customer 0450,Rice,Grocery,South,5,1000,4100.0,0.18,733.24
1708,2025-05-16,CUST0467,Customer 0467,Rice,Grocery,West,3,1000,2460.0,0.18,408.42
1709,2025-05-22,CUST0159,Customer 0159,Keyboard,Electronics,North,1,2500,2200.0,0.12,515.69
1710,2025-08-10,CUST0408,Customer 0408,T-Shirt,Fashion,East,5,1200,4860.0,0.19,1235.97
1711,2025-02-26,CUST0497,Customer 0497,Laptop,Electronics,South,4,65000,210600.0,0.19,23664.88
1712,2025-09-25,CUST0495,Customer 0495,Chair,Furniture,West,5,7000,31150.0,0.11,3606.34
1713,2025-05-28,CUST0034,Customer 0034,Chair,Furniture,North,1,7000,6370.0,0.09,814.16
1714,2025-01-28,CUST0251,Customer 0251,Chair,Furniture,North,1,7000,6370.0,0.09,1434.88
1715,2025-01-26,CUST0129,Customer 0129,Headphones,Electronics,South,3,3000,7380.0,0.18,1865.35
1716,2025-02-14,CUST0366,Customer 0366,Chair,Furniture,North,2,7000,11200.0,0.2,1380.74
1717,2025-05-29,CUST0113,Customer 0113,Laptop,Electronics,West,4,65000,210600.0,0.19,28372.09
1718,2025-08-05,CUST0205,Customer 0205,Phone,Electronics,South,3,30000,73800.0,0.18,15597.52
1719,2025-10-16,CUST0224,Customer 0224,Rice,Grocery,South,3,1000,2520.0,0.16,278.76
1720,2025-05-09,CUST0070,Customer 0070,Shoes,Fashion,East,5,4000,19200.0,0.04,2824.3
1721,2025-10-18,CUST0475,Customer 0475,Rice,Grocery,West,4,1000,3560.0,0.11,579.26
1722,2025-02-19,CUST0071,Customer 0071,Jeans,Fashion,East,4,2500,8600.0,0.14,1641.22
1723,2025-08-28,CUST0182,Customer 0182,Shoes,Fashion,North,4,4000,14720.0,0.08,2506.18
1724,2025-10-14,CUST0014,Customer 0014,Shoes,Fashion,East,1,4000,3400.0,0.15,732.18
1725,2025-05-05,CUST0298,Customer 0298,Jeans,Fashion,East,3,2500,7275.0,0.03,1451.5
1726,2025-01-28,CUST0387,Customer 0387,Shoes,Fashion,West,2,4000,7360.0,0.08,598.44
1727,2025-01-28,CUST0044,Customer 0044,Laptop,Electronics,East,3,65000,161850.0,0.17,36088.28
1728,2025-11-01,CUST0050,Customer 0050,Chair,Furniture,North,5,7000,31500.0,0.1,4815.96
1729,2025-03-04,CUST0380,Customer 0380,Coffee,Grocery,South,5,500,2125.0,0.15,194.79
1730,2025-09-22,CUST0074,Customer 0074,Jeans,Fashion,South,4,2500,9700.0,0.03,2686.04
1731,2025-06-04,CUST0322,Customer 0322,Chair,Furniture,South,1,7000,5880.0,0.16,1277.17
1732,2025-02-28,CUST0035,Customer 0035,Laptop,Electronics,North,2,65000,114400.0,0.12,12198.19
1733,2025-05-07,CUST0105,Customer 0105,Phone,Electronics,West,4,30000,120000.0,0.0,22953.24
1734,2025-01-29,CUST0475,Customer 0475,Phone,Electronics,South,3,30000,82800.0,0.08,24524.8
1735,2025-10-07,CUST0134,Customer 0134,Coffee,Grocery,West,4,500,1660.0,0.17,358.19
1736,2025-03-16,CUST0326,Customer 0326,Laptop,Electronics,South,2,65000,126100.0,0.03,30744.65
1737,2025-03-29,CUST0262,Customer 0262,Oil,Grocery,East,5,1500,7200.0,0.04,1337.06
1738,2025-12-08,CUST0052,Customer 0052,Coffee,Grocery,West,4,500,1860.0,0.07,261.4
1739,2025-12-24,CUST0410,Customer 0410,Phone,Electronics,North,4,30000,110400.0,0.08,19150.34
1740,2025-05-26,CUST0235,Customer 0235,Phone,Electronics,North,5,30000,138000.0,0.08,28665.14
1741,2025-11-27,CUST0334,Customer 0334,Rice,Grocery,East,5,1000,4550.0,0.09,1273.02
1742,2025-03-13,CUST0240,Customer 0240,Oil,Grocery,East,4,1500,5640.0,0.06,1669.36
1743,2025-09-14,CUST0439,Customer 0439,Jeans,Fashion,West,2,2500,4650.0,0.07,1094.47
1744,2025-09-20,CUST0033,Customer 0033,Headphones,Electronics,East,2,3000,5580.0,0.07,1329.3
1745,2025-08-24,CUST0367,Customer 0367,Headphones,Electronics,West,3,3000,7560.0,0.16,1699.92
1746,2025-02-04,CUST0470,Customer 0470,Rice,Grocery,South,4,1000,3680.0,0.08,676.33
1747,2025-10-22,CUST0363,Customer 0363,Jeans,Fashion,East,5,2500,11875.0,0.05,2772.92
1748,2025-10-27,CUST0317,Customer 0317,Shoes,Fashion,South,1,4000,3960.0,0.01,1059.09
1749,2025-04-29,CUST0050,Customer 0050,Rice,Grocery,East,1,1000,900.0,0.1,206.51
1750,2025-04-29,CUST0396,Customer 0396,Oil,Grocery,West,2,1500,2940.0,0.02,804.87
1751,2025-08-04,CUST0473,Customer 0473,Phone,Electronics,North,1,30000,26400.0,0.12,2776.86
1752,2025-08-15,CUST0391,Customer 0391,Desk,Furniture,South,5,12000,52200.0,0.13,4514.31
1753,2025-06-14,CUST0056,Customer 0056,Oil,Grocery,South,4,1500,5520.0,0.08,1642.48
1754,2025-04-11,CUST0130,Customer 0130,T-Shirt,Fashion,South,4,1200,4128.0,0.14,535.03
1755,2025-08-11,CUST0417,Customer 0417,Jeans,Fashion,North,2,2500,4900.0,0.02,418.13
1756,2025-04-15,CUST0018,Customer 0018,Headphones,Electronics,North,1,3000,2790.0,0.07,473.65
1757,2025-06-24,CUST0095,Customer 0095,Rice,Grocery,West,5,1000,4500.0,0.1,1184.08
1758,2025-09-14,CUST0181,Customer 0181,Desk,Furniture,North,5,12000,49200.0,0.18,13173.44
1759,2025-08-13,CUST0219,Customer 0219,Rice,Grocery,South,4,1000,3320.0,0.17,681.31
1760,2025-09-22,CUST0153,Customer 0153,Phone,Electronics,East,1,30000,27000.0,0.1,2465.79
1761,2025-01-12,CUST0115,Customer 0115,Chair,Furniture,South,3,7000,19320.0,0.08,3066.84
1762,2025-05-28,CUST0039,Customer 0039,Jeans,Fashion,East,5,2500,11875.0,0.05,2302.65
1763,2025-07-24,CUST0317,Customer 0317,Laptop,Electronics,West,5,65000,279500.0,0.14,29177.67
1764,2025-05-15,CUST0335,Customer 0335,Laptop,Electronics,East,1,65000,60450.0,0.07,8305.46
1765,2025-01-31,CUST0072,Customer 0072,Keyboard,Electronics,North,5,2500,10500.0,0.16,1601.4
1766,2025-05-01,CUST0253,Customer 0253,Phone,Electronics,North,5,30000,123000.0,0.18,28865.64
1767,2025-06-27,CUST0037,Customer 0037,Shoes,Fashion,West,5,4000,17000.0,0.15,4835.82
1768,2025-03-08,CUST0139,Customer 0139,Oil,Grocery,South,1,1500,1470.0,0.02,278.2
1769,2025-11-29,CUST0180,Customer 0180,Shoes,Fashion,South,4,4000,15040.0,0.06,4015.13
1770,2025-01-11,CUST0477,Customer 0477,Laptop,Electronics,West,1,65000,55250.0,0.15,14282.12
1771,2025-12-16,CUST0351,Customer 0351,Oil,Grocery,West,1,1500,1335.0,0.11,122.11
1772,2025-12-23,CUST0065,Customer 0065,Shoes,Fashion,North,4,4000,14240.0,0.11,1501.3
1773,2025-11-12,CUST0463,Customer 0463,Desk,Furniture,North,3,12000,34560.0,0.04,6083.79
1774,2025-05-02,CUST0119,Customer 0119,Phone,Electronics,North,5,30000,150000.0,0.0,25631.16
1775,2025-01-08,CUST0448,Customer 0448,Oil,Grocery,South,2,1500,2520.0,0.16,244.07
1776,2025-08-13,CUST0093,Customer 0093,Chair,Furniture,South,1,7000,6580.0,0.06,1398.46
1777,2025-05-30,CUST0067,Customer 0067,Coffee,Grocery,North,4,500,1800.0,0.1,192.46
1778,2025-02-09,CUST0129,Customer 0129,Jeans,Fashion,East,2,2500,4500.0,0.1,1087.87
1779,2025-04-23,CUST0228,Customer 0228,Oil,Grocery,East,3,1500,3645.0,0.19,917.25
1780,2025-12-01,CUST0126,Customer 0126,Jeans,Fashion,North,3,2500,7050.0,0.06,1403.74
1781,2025-01-28,CUST0178,Customer 0178,Shoes,Fashion,South,5,4000,18000.0,0.1,1750.65
1782,2025-09-24,CUST0119,Customer 0119,Chair,Furniture,South,5,7000,33600.0,0.04,5440.71
1783,2025-01-19,CUST0121,Customer 0121,Oil,Grocery,North,4,1500,5220.0,0.13,938.7
1784,2025-01-11,CUST0256,Customer 0256,Laptop,Electronics,North,3,65000,183300.0,0.06,30156.31
1785,2025-01-31,CUST0143,Customer 0143,Coffee,Grocery,West,4,500,1800.0,0.1,485.66
1786,2025-08-16,CUST0023,Customer 0023,Keyboard,Electronics,North,2,2500,4600.0,0.08,1035.84
1787,2025-12-05,CUST0157,Customer 0157,Laptop,Electronics,East,5,65000,276250.0,0.15,79059.78
1788,2025-05-15,CUST0415,Customer 0415,Coffee,Grocery,West,2,500,850.0,0.15,131.76
1789,2025-08-07,CUST0401,Customer 0401,Oil,Grocery,East,1,1500,1260.0,0.16,254.17
1790,2025-10-01,CUST0238,Customer 0238,Shoes,Fashion,East,5,4000,17200.0,0.14,4285.94
1791,2025-03-25,CUST0492,Customer 0492,Shoes,Fashion,South,4,4000,13600.0,0.15,3854.59
1792,2025-01-08,CUST0144,Customer 0144,Rice,Grocery,East,3,1000,2940.0,0.02,396.86
1793,2025-06-22,CUST0293,Customer 0293,Shoes,Fashion,East,1,4000,3520.0,0.12,561.7
1794,2025-12-01,CUST0415,Customer 0415,Coffee,Grocery,East,1,500,490.0,0.02,100.48
1795,2025-05-16,CUST0434,Customer 0434,Headphones,Electronics,West,4,3000,10920.0,0.09,1930.44
1796,2025-01-19,CUST0495,Customer 0495,Desk,Furniture,West,4,12000,41760.0,0.13,8454.47
1797,2025-01-30,CUST0297,Customer 0297,Phone,Electronics,North,3,30000,73800.0,0.18,14857.31
1798,2025-08-14,CUST0093,Customer 0093,Chair,Furniture,South,3,7000,19950.0,0.05,3768.24
1799,2025-11-19,CUST0090,Customer 0090,Headphones,Electronics,North,5,3000,13050.0,0.13,1712.0
1800,2025-04-05,CUST0351,Customer 0351,Jeans,Fashion,South,4,2500,8800.0,0.12,785.23
1801,2025-02-01,CUST0488,Customer 0488,Oil,Grocery,East,3,1500,3600.0,0.2,300.77
1802,2025-10-04,CUST0368,Customer 0368,Laptop,Electronics,West,5,65000,308750.0,0.05,32114.93
1803,2025-02-27,CUST0262,Customer 0262,Phone,Electronics,West,2,30000,57600.0,0.04,11835.68
1804,2025-02-06,CUST0329,Customer 0329,Shoes,Fashion,East,3,4000,11640.0,0.03,1767.41
1805,2025-06-21,CUST0500,Customer 0500,Shoes,Fashion,North,3,4000,10920.0,0.09,3212.34
1806,2025-03-24,CUST0189,Customer 0189,Laptop,Electronics,North,3,65000,157950.0,0.19,44322.66
1807,2025-02-24,CUST0312,Customer 0312,Keyboard,Electronics,East,3,2500,6750.0,0.1,1699.6
1808,2025-04-21,CUST0194,Customer 0194,Coffee,Grocery,North,1,500,435.0,0.13,49.16
1809,2025-02-09,CUST0491,Customer 0491,Keyboard,Electronics,West,5,2500,11250.0,0.1,2321.74
1810,2025-10-03,CUST0376,Customer 0376,Phone,Electronics,West,5,30000,126000.0,0.16,26908.87
1811,2025-06-12,CUST0138,Customer 0138,Keyboard,Electronics,South,5,2500,11750.0,0.06,1570.81
1812,2025-07-05,CUST0119,Customer 0119,T-Shirt,Fashion,South,3,1200,3060.0,0.15,322.5
1813,2025-08-16,CUST0376,Customer 0376,Shoes,Fashion,North,3,4000,11760.0,0.02,2390.81
1814,2025-07-05,CUST0335,Customer 0335,T-Shirt,Fashion,South,5,1200,5700.0,0.05,1442.03
1815,2025-10-19,CUST0424,Customer 0424,Headphones,Electronics,South,5,3000,14250.0,0.05,3990.55
1816,2025-11-07,CUST0134,Customer 0134,Chair,Furniture,West,3,7000,19740.0,0.06,1933.16
1817,2025-09-16,CUST0076,Customer 0076,Coffee,Grocery,South,4,500,1740.0,0.13,434.97
1818,2025-08-21,CUST0008,Customer 0008,Headphones,Electronics,West,1,3000,2760.0,0.08,685.62
1819,2025-02-21,CUST0065,Customer 0065,Laptop,Electronics,North,4,65000,260000.0,0.0,30348.72
1820,2025-03-09,CUST0264,Customer 0264,Jeans,Fashion,West,4,2500,8200.0,0.18,1295.28
1821,2025-12-23,CUST0286,Customer 0286,Keyboard,Electronics,East,3,2500,7350.0,0.02,2039.14
1822,2025-10-30,CUST0312,Customer 0312,Coffee,Grocery,East,1,500,400.0,0.2,35.98
1823,2025-08-18,CUST0467,Customer 0467,Shoes,Fashion,West,4,4000,13600.0,0.15,2391.58
1824,2025-12-25,CUST0069,Customer 0069,Oil,Grocery,North,2,1500,2580.0,0.14,541.03
1825,2025-03-19,CUST0459,Customer 0459,Laptop,Electronics,West,5,65000,286000.0,0.12,65282.23
1826,2025-07-14,CUST0165,Customer 0165,T-Shirt,Fashion,North,2,1200,2160.0,0.1,452.26
1827,2025-04-29,CUST0153,Customer 0153,T-Shirt,Fashion,West,3,1200,3564.0,0.01,691.02
1828,2025-05-27,CUST0166,Customer 0166,Shoes,Fashion,North,3,4000,10200.0,0.15,2955.68
1829,2025-04-18,CUST0221,Customer 0221,Jeans,Fashion,North,3,2500,6600.0,0.12,1421.67
1830,2025-06-27,CUST0146,Customer 0146,Headphones,Electronics,South,1,3000,2820.0,0.06,527.51
1831,2025-03-28,CUST0148,Customer 0148,Chair,Furniture,East,5,7000,29750.0,0.15,8430.96
1832,2025-03-14,CUST0050,Customer 0050,Keyboard,Electronics,North,5,2500,10375.0,0.17,2552.98
1833,2025-11-03,CUST0463,Customer 0463,Laptop,Electronics,West,5,65000,289250.0,0.11,35557.27
1834,2025-01-14,CUST0190,Customer 0190,Keyboard,Electronics,West,3,2500,6075.0,0.19,1249.36
1835,2025-09-24,CUST0065,Customer 0065,T-Shirt,Fashion,North,3,1200,2952.0,0.18,701.32
1836,2025-08-16,CUST0456,Customer 0456,Shoes,Fashion,East,4,4000,15200.0,0.05,4106.9
1837,2025-12-09,CUST0060,Customer 0060,Desk,Furniture,North,1,12000,10200.0,0.15,1315.16
1838,2025-06-17,CUST0081,Customer 0081,Jeans,Fashion,North,3,2500,7050.0,0.06,1542.1
1839,2025-12-28,CUST0353,Customer 0353,Desk,Furniture,East,1,12000,10920.0,0.09,3113.52
1840,2025-04-08,CUST0431,Customer 0431,Jeans,Fashion,South,1,2500,2025.0,0.19,441.46
1841,2025-03-12,CUST0301,Customer 0301,Shoes,Fashion,South,2,4000,6960.0,0.13,963.01
1842,2025-09-06,CUST0417,Customer 0417,Headphones,Electronics,North,4,3000,11280.0,0.06,1395.18
1843,2025-09-22,CUST0439,Customer 0439,Oil,Grocery,South,2,1500,3000.0,0.0,284.39
1844,2025-12-30,CUST0092,Customer 0092,Laptop,Electronics,South,4,65000,223600.0,0.14,48061.3
1845,2025-11-23,CUST0179,Customer 0179,T-Shirt,Fashion,East,5,1200,5220.0,0.13,624.39
1846,2025-04-29,CUST0449,Customer 0449,Chair,Furniture,East,4,7000,25200.0,0.1,5508.87
1847,2025-10-06,CUST0247,Customer 0247,Chair,Furniture,East,1,7000,6720.0,0.04,1961.18
1848,2025-08-03,CUST0497,Customer 0497,T-Shirt,Fashion,South,3,1200,3420.0,0.05,593.27
1849,2025-08-26,CUST0490,Customer 0490,Desk,Furniture,South,1,12000,11160.0,0.07,1870.19
1850,2025-09-05,CUST0431,Customer 0431,T-Shirt,Fashion,East,5,1200,5520.0,0.08,726.81
1851,2025-05-18,CUST0260,Customer 0260,Keyboard,Electronics,East,4,2500,9900.0,0.01,2472.98
1852,2025-12-12,CUST0163,Customer 0163,Shoes,Fashion,East,4,4000,13440.0,0.16,2332.43
1853,2025-01-28,CUST0138,Customer 0138,T-Shirt,Fashion,East,2,1200,2232.0,0.07,580.49
1854,2025-08-18,CUST0210,Customer 0210,Keyboard,Electronics,North,5,2500,10250.0,0.18,2028.71
1855,2025-11-11,CUST0313,Customer 0313,Desk,Furniture,North,2,12000,21120.0,0.12,1782.16
1856,2025-07-14,CUST0047,Customer 0047,Oil,Grocery,North,3,1500,3690.0,0.18,917.72
1857,2025-12-02,CUST0026,Customer 0026,Jeans,Fashion,South,2,2500,4650.0,0.07,575.0
1858,2025-10-02,CUST0203,Customer 0203,Oil,Grocery,East,2,1500,2820.0,0.06,325.74
1859,2025-06-19,CUST0212,Customer 0212,Keyboard,Electronics,North,5,2500,10625.0,0.15,3047.28
1860,2025-01-11,CUST0387,Customer 0387,Jeans,Fashion,North,1,2500,2250.0,0.1,571.72
1861,2025-03-22,CUST0145,Customer 0145,Chair,Furniture,South,1,7000,6650.0,0.05,1662.04
1862,2025-01-18,CUST0140,Customer 0140,Oil,Grocery,West,1,1500,1260.0,0.16,205.54
1863,2025-03-09,CUST0419,Customer 0419,Oil,Grocery,West,3,1500,3735.0,0.17,361.68
1864,2025-01-11,CUST0008,Customer 0008,Oil,Grocery,West,5,1500,6600.0,0.12,748.48
1865,2025-04-10,CUST0426,Customer 0426,Coffee,Grocery,North,3,500,1260.0,0.16,218.65
1866,2025-06-04,CUST0141,Customer 0141,T-Shirt,Fashion,West,2,1200,2352.0,0.02,689.7
1867,2025-07-12,CUST0150,Customer 0150,Shoes,Fashion,East,1,4000,3840.0,0.04,650.47
1868,2025-09-05,CUST0146,Customer 0146,Oil,Grocery,West,5,1500,6750.0,0.1,1107.88
1869,2025-07-21,CUST0488,Customer 0488,Desk,Furniture,North,5,12000,51600.0,0.14,9262.17
1870,2025-07-23,CUST0395,Customer 0395,Keyboard,Electronics,East,4,2500,9300.0,0.07,1896.21
1871,2025-06-20,CUST0074,Customer 0074,Rice,Grocery,West,1,1000,980.0,0.02,114.89
1872,2025-10-31,CUST0128,Customer 0128,Phone,Electronics,South,2,30000,55200.0,0.08,14593.53
1873,2025-01-31,CUST0393,Customer 0393,T-Shirt,Fashion,South,3,1200,3312.0,0.08,804.53
1874,2025-01-19,CUST0165,Customer 0165,Oil,Grocery,East,5,1500,6600.0,0.12,1793.31
1875,2025-12-20,CUST0108,Customer 0108,Jeans,Fashion,South,4,2500,8900.0,0.11,1324.89
1876,2025-06-14,CUST0237,Customer 0237,Oil,Grocery,North,4,1500,5400.0,0.1,1452.08
1877,2025-02-23,CUST0218,Customer 0218,Oil,Grocery,South,1,1500,1380.0,0.08,340.19
1878,2025-09-24,CUST0384,Customer 0384,Phone,Electronics,North,2,30000,57600.0,0.04,15629.46
1879,2025-01-20,CUST0454,Customer 0454,Shoes,Fashion,West,4,4000,15520.0,0.03,3983.89
1880,2025-03-13,CUST0384,Customer 0384,Jeans,Fashion,West,4,2500,9200.0,0.08,1336.62
1881,2025-05-31,CUST0369,Customer 0369,Rice,Grocery,East,3,1000,2700.0,0.1,581.37
1882,2025-10-16,CUST0333,Customer 0333,Headphones,Electronics,East,2,3000,5640.0,0.06,1301.18
1883,2025-09-23,CUST0310,Customer 0310,Chair,Furniture,South,4,7000,25480.0,0.09,7286.38
1884,2025-03-26,CUST0269,Customer 0269,Oil,Grocery,South,4,1500,6000.0,0.0,1029.52
1885,2025-08-29,CUST0035,Customer 0035,Laptop,Electronics,North,3,65000,167700.0,0.14,20767.78
1886,2025-10-03,CUST0235,Customer 0235,Desk,Furniture,South,1,12000,11880.0,0.01,2175.38
1887,2025-02-04,CUST0180,Customer 0180,Rice,Grocery,North,5,1000,4100.0,0.18,639.15
1888,2025-04-09,CUST0141,Customer 0141,Chair,Furniture,West,4,7000,24640.0,0.12,3628.61
1889,2025-05-11,CUST0288,Customer 0288,Jeans,Fashion,South,2,2500,4900.0,0.02,556.31
1890,2025-05-24,CUST0092,Customer 0092,Chair,Furniture,West,5,7000,34300.0,0.02,8757.29
1891,2025-06-19,CUST0295,Customer 0295,Coffee,Grocery,West,5,500,2350.0,0.06,605.37
1892,2025-04-18,CUST0087,Customer 0087,Laptop,Electronics,South,2,65000,104000.0,0.2,10409.82
1893,2025-03-15,CUST0085,Customer 0085,T-Shirt,Fashion,North,1,1200,1128.0,0.06,312.58
1894,2025-03-12,CUST0262,Customer 0262,T-Shirt,Fashion,North,4,1200,4176.0,0.13,634.58
1895,2025-05-04,CUST0287,Customer 0287,Shoes,Fashion,East,4,4000,13600.0,0.15,3201.08
1896,2025-06-09,CUST0430,Customer 0430,Jeans,Fashion,South,3,2500,6675.0,0.11,1831.1
1897,2025-03-27,CUST0485,Customer 0485,Rice,Grocery,West,3,1000,2580.0,0.14,683.11
1898,2025-09-08,CUST0356,Customer 0356,Chair,Furniture,East,1,7000,6230.0,0.11,1095.18
1899,2025-04-02,CUST0013,Customer 0013,Desk,Furniture,West,4,12000,40800.0,0.15,6369.62
1900,2025-04-20,CUST0316,Customer 0316,Jeans,Fashion,North,2,2500,4600.0,0.08,549.15
1901,2025-04-11,CUST0227,Customer 0227,Desk,Furniture,East,5,12000,57600.0,0.04,12036.18
1902,2025-02-18,CUST0467,Customer 0467,Desk,Furniture,East,3,12000,32400.0,0.1,2684.62
1903,2025-01-18,CUST0332,Customer 0332,Chair,Furniture,East,4,7000,25760.0,0.08,7703.85
1904,2025-05-21,CUST0321,Customer 0321,Laptop,Electronics,West,5,65000,273000.0,0.16,73682.91
1905,2025-11-08,CUST0324,Customer 0324,T-Shirt,Fashion,North,4,1200,4656.0,0.03,1140.65
1906,2025-01-20,CUST0190,Customer 0190,Laptop,Electronics,South,5,65000,266500.0,0.18,30301.63
1907,2025-03-09,CUST0043,Customer 0043,Shoes,Fashion,North,1,4000,3960.0,0.01,872.17
1908,2025-06-10,CUST0050,Customer 0050,Jeans,Fashion,North,3,2500,6000.0,0.2,736.32
1909,2025-06-20,CUST0429,Customer 0429,Rice,Grocery,East,3,1000,2460.0,0.18,288.38
1910,2025-09-22,CUST0008,Customer 0008,Rice,Grocery,North,4,1000,3680.0,0.08,834.99
1911,2025-02-03,CUST0099,Customer 0099,Jeans,Fashion,West,2,2500,4250.0,0.15,418.51
1912,2025-01-23,CUST0142,Customer 0142,Coffee,Grocery,North,2,500,860.0,0.14,146.23
1913,2025-06-09,CUST0141,Customer 0141,Jeans,Fashion,North,3,2500,7350.0,0.02,1341.93
1914,2025-10-17,CUST0477,Customer 0477,T-Shirt,Fashion,North,1,1200,1176.0,0.02,117.51
1915,2025-04-06,CUST0163,Customer 0163,Coffee,Grocery,South,1,500,425.0,0.15,107.75
1916,2025-11-23,CUST0192,Customer 0192,T-Shirt,Fashion,East,1,1200,984.0,0.18,282.91
1917,2025-12-15,CUST0329,Customer 0329,Keyboard,Electronics,East,2,2500,4700.0,0.06,768.21
1918,2025-04-02,CUST0143,Customer 0143,Headphones,Electronics,South,5,3000,14100.0,0.06,1828.93
1919,2025-05-20,CUST0453,Customer 0453,Keyboard,Electronics,West,2,2500,4000.0,0.2,548.23
1920,2025-05-16,CUST0048,Customer 0048,T-Shirt,Fashion,West,3,1200,3168.0,0.12,496.58
1921,2025-11-20,CUST0352,Customer 0352,Headphones,Electronics,South,1,3000,2430.0,0.19,507.26
1922,2025-10-03,CUST0292,Customer 0292,Keyboard,Electronics,East,4,2500,9300.0,0.07,2403.12
1923,2025-04-17,CUST0176,Customer 0176,Oil,Grocery,East,5,1500,6675.0,0.11,1625.29
1924,2025-02-16,CUST0263,Customer 0263,Keyboard,Electronics,North,3,2500,7200.0,0.04,989.18
1925,2025-09-22,CUST0338,Customer 0338,Rice,Grocery,East,2,1000,1800.0,0.1,329.03
1926,2025-07-10,CUST0289,Customer 0289,Shoes,Fashion,North,5,4000,16400.0,0.18,2475.12
1927,2025-11-19,CUST0184,Customer 0184,Laptop,Electronics,North,2,65000,119600.0,0.08,18374.95
1928,2025-04-06,CUST0468,Customer 0468,Desk,Furniture,North,3,12000,34920.0,0.03,6994.17
1929,2025-08-13,CUST0415,Customer 0415,Coffee,Grocery,West,4,500,1760.0,0.12,409.71
1930,2025-08-31,CUST0428,Customer 0428,Keyboard,Electronics,West,3,2500,6450.0,0.14,1368.74
1931,2025-12-14,CUST0206,Customer 0206,Chair,Furniture,North,1,7000,5670.0,0.19,1548.11
1932,2025-08-04,CUST0219,Customer 0219,Chair,Furniture,South,5,7000,32200.0,0.08,2778.28
1933,2025-06-03,CUST0454,Customer 0454,Coffee,Grocery,South,5,500,2400.0,0.04,705.44
1934,2025-03-08,CUST0340,Customer 0340,Desk,Furniture,South,1,12000,9720.0,0.19,1438.95
1935,2025-06-27,CUST0235,Customer 0235,Shoes,Fashion,South,2,4000,7280.0,0.09,1637.23
1936,2025-03-30,CUST0155,Customer 0155,Chair,Furniture,West,1,7000,6720.0,0.04,1805.72
1937,2025-02-16,CUST0371,Customer 0371,Keyboard,Electronics,East,2,2500,4300.0,0.14,1144.0
1938,2025-01-03,CUST0245,Customer 0245,Headphones,Electronics,West,3,3000,8820.0,0.02,1772.49
1939,2025-12-24,CUST0109,Customer 0109,T-Shirt,Fashion,North,4,1200,3984.0,0.17,937.71
1940,2025-07-18,CUST0066,Customer 0066,Desk,Furniture,East,2,12000,22080.0,0.08,3355.38
1941,2025-12-12,CUST0374,Customer 0374,Shoes,Fashion,West,5,4000,18400.0,0.08,1762.07
1942,2025-12-09,CUST0380,Customer 0380,Coffee,Grocery,South,1,500,480.0,0.04,102.66
1943,2025-07-08,CUST0186,Customer 0186,Desk,Furniture,West,5,12000,50400.0,0.16,10801.96
1944,2025-02-09,CUST0331,Customer 0331,Keyboard,Electronics,East,2,2500,4500.0,0.1,403.81
1945,2025-08-11,CUST0048,Customer 0048,Desk,Furniture,East,4,12000,41760.0,0.13,7251.9
1946,2025-06-09,CUST0199,Customer 0199,Rice,Grocery,West,4,1000,3960.0,0.01,1151.86
1947,2025-04-02,CUST0084,Customer 0084,Shoes,Fashion,North,5,4000,16600.0,0.17,3025.9
1948,2025-06-27,CUST0352,Customer 0352,Oil,Grocery,North,1,1500,1305.0,0.13,220.52
1949,2025-03-24,CUST0164,Customer 0164,Headphones,Electronics,North,5,3000,13500.0,0.1,3118.31
1950,2025-09-06,CUST0335,Customer 0335,Rice,Grocery,West,4,1000,3680.0,0.08,338.53
1951,2025-05-13,CUST0380,Customer 0380,Rice,Grocery,West,1,1000,880.0,0.12,225.75
1952,2025-09-15,CUST0191,Customer 0191,T-Shirt,Fashion,North,3,1200,2988.0,0.17,877.84
1953,2025-04-02,CUST0218,Customer 0218,Jeans,Fashion,North,4,2500,8300.0,0.17,810.1
1954,2025-06-22,CUST0486,Customer 0486,Oil,Grocery,West,5,1500,7125.0,0.05,1377.1
1955,2025-08-11,CUST0025,Customer 0025,T-Shirt,Fashion,West,3,1200,3564.0,0.01,965.62
1956,2025-07-07,CUST0026,Customer 0026,Coffee,Grocery,East,3,500,1425.0,0.05,219.79
1957,2025-01-13,CUST0278,Customer 0278,Chair,Furniture,West,2,7000,13160.0,0.06,2260.27
1958,2025-06-16,CUST0153,Customer 0153,Rice,Grocery,North,1,1000,880.0,0.12,139.56
1959,2025-09-30,CUST0379,Customer 0379,Shoes,Fashion,South,2,4000,7680.0,0.04,1518.31
1960,2025-03-16,CUST0325,Customer 0325,T-Shirt,Fashion,West,4,1200,3936.0,0.18,613.96
1961,2025-12-19,CUST0317,Customer 0317,Keyboard,Electronics,East,5,2500,11125.0,0.11,989.47
1962,2025-07-10,CUST0020,Customer 0020,Headphones,Electronics,North,5,3000,12000.0,0.2,2643.83
1963,2025-07-15,CUST0263,Customer 0263,Oil,Grocery,East,1,1500,1395.0,0.07,307.02
1964,2025-08-05,CUST0206,Customer 0206,Laptop,Electronics,North,2,65000,105300.0,0.19,14374.37
1965,2025-08-10,CUST0495,Customer 0495,Phone,Electronics,South,2,30000,53400.0,0.11,15960.3
1966,2025-12-22,CUST0410,Customer 0410,Laptop,Electronics,West,3,65000,173550.0,0.11,22100.9
1967,2025-05-21,CUST0383,Customer 0383,Oil,Grocery,West,2,1500,2820.0,0.06,642.16
1968,2025-04-03,CUST0348,Customer 0348,Chair,Furniture,West,3,7000,21000.0,0.0,2636.97
1969,2025-12-03,CUST0067,Customer 0067,Chair,Furniture,East,3,7000,19110.0,0.09,4851.2
1970,2025-02-19,CUST0114,Customer 0114,Keyboard,Electronics,East,1,2500,2150.0,0.14,276.56
1971,2025-12-31,CUST0312,Customer 0312,T-Shirt,Fashion,West,5,1200,5520.0,0.08,1164.45
1972,2025-09-01,CUST0477,Customer 0477,Jeans,Fashion,West,1,2500,2325.0,0.07,349.5
1973,2025-03-19,CUST0237,Customer 0237,Oil,Grocery,West,4,1500,5760.0,0.04,1344.96
1974,2025-05-11,CUST0207,Customer 0207,Laptop,Electronics,East,5,65000,263250.0,0.19,57626.61
1975,2025-02-12,CUST0107,Customer 0107,Oil,Grocery,East,5,1500,6975.0,0.07,1005.8
1976,2025-08-20,CUST0346,Customer 0346,T-Shirt,Fashion,East,1,1200,1164.0,0.03,242.91
1977,2025-10-17,CUST0221,Customer 0221,Shoes,Fashion,West,1,4000,3400.0,0.15,484.35
1978,2025-05-01,CUST0193,Customer 0193,Jeans,Fashion,North,2,2500,4600.0,0.08,1328.2
1979,2025-02-19,CUST0203,Customer 0203,Keyboard,Electronics,South,2,2500,4000.0,0.2,822.26
1980,2025-03-23,CUST0393,Customer 0393,Oil,Grocery,South,4,1500,5340.0,0.11,840.76
1981,2025-08-03,CUST0462,Customer 0462,Coffee,Grocery,North,3,500,1410.0,0.06,225.46
1982,2025-12-07,CUST0453,Customer 0453,Rice,Grocery,South,3,1000,2700.0,0.1,532.31
1983,2025-07-26,CUST0254,Customer 0254,T-Shirt,Fashion,South,3,1200,2988.0,0.17,534.49
1984,2025-07-24,CUST0148,Customer 0148,Laptop,Electronics,South,5,65000,269750.0,0.17,66856.37
1985,2025-12-16,CUST0465,Customer 0465,Phone,Electronics,West,4,30000,105600.0,0.12,18161.3
1986,2025-07-30,CUST0097,Customer 0097,Rice,Grocery,North,1,1000,880.0,0.12,97.23
1987,2025-11-03,CUST0293,Customer 0293,Oil,Grocery,South,4,1500,4860.0,0.19,736.31
1988,2025-03-27,CUST0292,Customer 0292,Rice,Grocery,North,4,1000,3440.0,0.14,995.56
1989,2025-11-04,CUST0453,Customer 0453,Rice,Grocery,South,4,1000,3560.0,0.11,961.04
1990,2025-08-23,CUST0189,Customer 0189,Oil,Grocery,South,2,1500,2880.0,0.04,824.17
1991,2025-06-15,CUST0068,Customer 0068,Chair,Furniture,West,1,7000,5740.0,0.18,720.61
1992,2025-08-24,CUST0126,Customer 0126,Rice,Grocery,South,5,1000,4550.0,0.09,606.13
1993,2025-08-25,CUST0257,Customer 0257,Rice,Grocery,South,1,1000,840.0,0.16,222.04
1994,2025-05-06,CUST0237,Customer 0237,Oil,Grocery,West,1,1500,1500.0,0.0,130.67
1995,2025-09-24,CUST0241,Customer 0241,Shoes,Fashion,North,1,4000,3360.0,0.16,976.64
1996,2025-11-07,CUST0332,Customer 0332,Jeans,Fashion,North,1,2500,2275.0,0.09,596.29
1997,2025-05-30,CUST0416,Customer 0416,Shoes,Fashion,West,1,4000,3720.0,0.07,884.09
1998,2025-08-08,CUST0404,Customer 0404,Phone,Electronics,North,1,30000,29100.0,0.03,4008.52
1999,2025-03-28,CUST0188,Customer 0188,Shoes,Fashion,West,3,4000,11640.0,0.03,1553.65
2000,2025-04-18,CUST0136,Customer 0136,Phone,Electronics,West,3,30000,78300.0,0.13,7539.92
2001,2025-05-06,CUST0388,Customer 0388,Chair,Furniture,West,3,7000,19740.0,0.06,3510.32
2002,2025-12-25,CUST0133,Customer 0133,Coffee,Grocery,South,3,500,1320.0,0.12,326.69
2003,2025-09-25,CUST0148,Customer 0148,Laptop,Electronics,East,2,65000,106600.0,0.18,21744.13
2004,2025-06-07,CUST0484,Customer 0484,Oil,Grocery,West,2,1500,2670.0,0.11,392.61
2005,2025-12-11,CUST0151,Customer 0151,Headphones,Electronics,West,2,3000,5820.0,0.03,839.9
2006,2025-05-12,CUST0327,Customer 0327,Keyboard,Electronics,South,1,2500,2075.0,0.17,432.24
2007,2025-10-27,CUST0007,Customer 0007,Chair,Furniture,West,3,7000,18060.0,0.14,4406.65
2008,2025-09-02,CUST0317,Customer 0317,Headphones,Electronics,East,3,3000,7830.0,0.13,1637.8
2009,2025-09-25,CUST0192,Customer 0192,Shoes,Fashion,West,4,4000,13920.0,0.13,3780.28
2010,2025-03-31,CUST0248,Customer 0248,Shoes,Fashion,South,1,4000,3480.0,0.13,327.97
2011,2025-06-08,CUST0106,Customer 0106,Keyboard,Electronics,North,2,2500,4700.0,0.06,1180.47
2012,2025-11-29,CUST0101,Customer 0101,Desk,Furniture,North,4,12000,43680.0,0.09,12265.11
2013,2025-09-26,CUST0460,Customer 0460,Keyboard,Electronics,North,2,2500,4650.0,0.07,405.6
2014,2025-06-18,CUST0260,Customer 0260,Phone,Electronics,North,3,30000,80100.0,0.11,15831.43
2015,2025-01-29,CUST0229,Customer 0229,Coffee,Grocery,South,5,500,2375.0,0.05,323.8
2016,2025-12-20,CUST0480,Customer 0480,Rice,Grocery,South,2,1000,1900.0,0.05,451.86
2017,2025-01-21,CUST0312,Customer 0312,Chair,Furniture,North,5,7000,32900.0,0.06,8010.63
2018,2025-03-09,CUST0268,Customer 0268,Chair,Furniture,West,1,7000,6720.0,0.04,898.24
2019,2025-08-26,CUST0051,Customer 0051,Jeans,Fashion,South,1,2500,2350.0,0.06,515.73
2020,2025-09-02,CUST0060,Customer 0060,T-Shirt,Fashion,South,1,1200,1080.0,0.1,110.13
2021,2025-11-03,CUST0250,Customer 0250,Chair,Furniture,North,5,7000,35000.0,0.0,6109.12
2022,2025-08-15,CUST0399,Customer 0399,Rice,Grocery,West,2,1000,1760.0,0.12,386.65
2023,2025-01-01,CUST0129,Customer 0129,Shoes,Fashion,East,5,4000,19000.0,0.05,4158.12
2024,2025-09-17,CUST0248,Customer 0248,Jeans,Fashion,South,3,2500,6075.0,0.19,886.47
2025,2025-06-24,CUST0141,Customer 0141,Rice,Grocery,North,5,1000,4500.0,0.1,979.66
2026,2025-04-04,CUST0250,Customer 0250,Laptop,Electronics,West,3,65000,159900.0,0.18,30716.88
2027,2025-03-25,CUST0092,Customer 0092,Phone,Electronics,West,4,30000,104400.0,0.13,10524.04
2028,2025-06-25,CUST0327,Customer 0327,Rice,Grocery,North,5,1000,4200.0,0.16,514.88
2029,2025-04-29,CUST0110,Customer 0110,Chair,Furniture,West,5,7000,32900.0,0.06,8179.35
2030,2025-02-22,CUST0351,Customer 0351,Chair,Furniture,East,5,7000,33600.0,0.04,7654.59
2031,2025-03-22,CUST0099,Customer 0099,Shoes,Fashion,South,2,4000,6640.0,0.17,1422.47
2032,2025-06-16,CUST0490,Customer 0490,Jeans,Fashion,East,4,2500,8700.0,0.13,2205.66
2033,2025-04-28,CUST0478,Customer 0478,Chair,Furniture,East,4,7000,22680.0,0.19,5977.92
2034,2025-03-16,CUST0157,Customer 0157,Desk,Furniture,East,3,12000,29880.0,0.17,4463.36
2035,2025-08-06,CUST0289,Customer 0289,Shoes,Fashion,North,4,4000,16000.0,0.0,4588.76
2036,2025-07-29,CUST0182,Customer 0182,Rice,Grocery,North,2,1000,1620.0,0.19,402.98
2037,2025-12-27,CUST0104,Customer 0104,Keyboard,Electronics,East,3,2500,7050.0,0.06,1143.26
2038,2025-08-07,CUST0405,Customer 0405,Shoes,Fashion,South,3,4000,10680.0,0.11,2590.79
2039,2025-11-13,CUST0258,Customer 0258,T-Shirt,Fashion,East,3,1200,3528.0,0.02,470.95
2040,2025-09-03,CUST0483,Customer 0483,Oil,Grocery,North,5,1500,6825.0,0.09,2004.16
2041,2025-12-04,CUST0200,Customer 0200,Oil,Grocery,West,4,1500,5700.0,0.05,1693.61
2042,2025-01-31,CUST0052,Customer 0052,Laptop,Electronics,East,3,65000,183300.0,0.06,29562.39
2043,2025-02-26,CUST0242,Customer 0242,Headphones,Electronics,West,1,3000,2820.0,0.06,706.56
2044,2025-03-19,CUST0448,Customer 0448,Headphones,Electronics,North,5,3000,14100.0,0.06,1748.38
2045,2025-08-13,CUST0126,Customer 0126,Desk,Furniture,East,5,12000,53400.0,0.11,12033.8
2046,2025-12-20,CUST0012,Customer 0012,Headphones,Electronics,East,1,3000,2490.0,0.17,582.25
2047,2025-07-04,CUST0464,Customer 0464,T-Shirt,Fashion,West,2,1200,2304.0,0.04,421.71
2048,2025-07-05,CUST0171,Customer 0171,Keyboard,Electronics,North,3,2500,7125.0,0.05,1741.94
2049,2025-03-13,CUST0062,Customer 0062,Rice,Grocery,North,4,1000,3640.0,0.09,936.7
2050,2025-09-28,CUST0031,Customer 0031,Jeans,Fashion,North,3,2500,7500.0,0.0,1321.39
2051,2025-09-16,CUST0448,Customer 0448,Desk,Furniture,North,5,12000,54000.0,0.1,11148.81
2052,2025-02-08,CUST0290,Customer 0290,Phone,Electronics,North,5,30000,126000.0,0.16,24820.45
2053,2025-10-21,CUST0473,Customer 0473,T-Shirt,Fashion,North,5,1200,5220.0,0.13,636.82
2054,2025-12-17,CUST0221,Customer 0221,Chair,Furniture,South,4,7000,25480.0,0.09,6974.36
2055,2025-11-30,CUST0170,Customer 0170,Phone,Electronics,West,2,30000,52200.0,0.13,8078.37
2056,2025-01-11,CUST0206,Customer 0206,Coffee,Grocery,North,3,500,1500.0,0.0,393.31
2057,2025-01-05,CUST0116,Customer 0116,Desk,Furniture,East,4,12000,46560.0,0.03,12488.62
2058,2025-09-30,CUST0235,Customer 0235,Rice,Grocery,East,2,1000,1700.0,0.15,350.84
2059,2025-10-23,CUST0079,Customer 0079,Keyboard,Electronics,North,2,2500,4800.0,0.04,575.76
2060,2025-10-01,CUST0309,Customer 0309,Laptop,Electronics,East,2,65000,115700.0,0.11,33555.93
2061,2025-06-11,CUST0476,Customer 0476,Keyboard,Electronics,East,2,2500,4800.0,0.04,556.43
2062,2025-04-30,CUST0480,Customer 0480,Keyboard,Electronics,West,3,2500,7425.0,0.01,2027.62
2063,2025-03-05,CUST0428,Customer 0428,Shoes,Fashion,South,1,4000,3640.0,0.09,886.95
2064,2025-07-14,CUST0026,Customer 0026,T-Shirt,Fashion,West,4,1200,4416.0,0.08,553.06
2065,2025-10-30,CUST0418,Customer 0418,Phone,Electronics,North,1,30000,24300.0,0.19,4652.84
2066,2025-03-25,CUST0388,Customer 0388,Keyboard,Electronics,East,1,2500,2025.0,0.19,491.96
2067,2025-06-12,CUST0213,Customer 0213,Keyboard,Electronics,East,2,2500,4000.0,0.2,1023.82
2068,2025-09-02,CUST0131,Customer 0131,Jeans,Fashion,West,1,2500,2025.0,0.19,169.19
2069,2025-08-04,CUST0205,Customer 0205,Phone,Electronics,North,3,30000,83700.0,0.07,12404.0
2070,2025-08-11,CUST0485,Customer 0485,Rice,Grocery,West,3,1000,2850.0,0.05,667.66
2071,2025-08-30,CUST0009,Customer 0009,Chair,Furniture,South,3,7000,20790.0,0.01,5539.11
2072,2025-10-17,CUST0005,Customer 0005,Headphones,Electronics,North,5,3000,14550.0,0.03,3388.92
2073,2025-02-01,CUST0306,Customer 0306,Keyboard,Electronics,South,3,2500,6975.0,0.07,1194.63
2074,2025-08-03,CUST0089,Customer 0089,Headphones,Electronics,South,5,3000,12150.0,0.19,2955.28
2075,2025-07-06,CUST0451,Customer 0451,Phone,Electronics,West,2,30000,59400.0,0.01,7418.88
2076,2025-11-17,CUST0192,Customer 0192,Chair,Furniture,East,5,7000,32900.0,0.06,8301.3
2077,2025-01-15,CUST0456,Customer 0456,T-Shirt,Fashion,West,1,1200,1020.0,0.15,113.99
2078,2025-01-24,CUST0277,Customer 0277,Shoes,Fashion,North,5,4000,17200.0,0.14,2018.3
2079,2025-01-08,CUST0179,Customer 0179,Keyboard,Electronics,West,1,2500,2300.0,0.08,217.56
2080,2025-08-26,CUST0213,Customer 0213,Jeans,Fashion,North,4,2500,9700.0,0.03,2063.38
2081,2025-06-09,CUST0244,Customer 0244,T-Shirt,Fashion,East,3,1200,3492.0,0.03,783.61
2082,2025-11-11,CUST0343,Customer 0343,Oil,Grocery,South,1,1500,1350.0,0.1,330.37
2083,2025-03-06,CUST0113,Customer 0113,Jeans,Fashion,North,2,2500,4200.0,0.16,467.76
2084,2025-02-18,CUST0368,Customer 0368,Shoes,Fashion,South,3,4000,9840.0,0.18,1015.0
2085,2025-05-09,CUST0095,Customer 0095,Oil,Grocery,East,3,1500,4185.0,0.07,1231.52
2086,2025-03-09,CUST0168,Customer 0168,Shoes,Fashion,North,3,4000,10440.0,0.13,2165.89
2087,2025-07-17,CUST0324,Customer 0324,Laptop,Electronics,North,2,65000,104000.0,0.2,8647.68
2088,2025-05-02,CUST0083,Customer 0083,Shoes,Fashion,East,3,4000,12000.0,0.0,2229.25
2089,2025-04-07,CUST0322,Customer 0322,Coffee,Grocery,East,4,500,1820.0,0.09,231.62
2090,2025-10-07,CUST0226,Customer 0226,Phone,Electronics,East,3,30000,78300.0,0.13,15126.62
2091,2025-06-22,CUST0457,Customer 0457,Headphones,Electronics,West,3,3000,8370.0,0.07,2275.25
2092,2025-12-06,CUST0050,Customer 0050,Rice,Grocery,East,3,1000,2550.0,0.15,351.47
2093,2025-08-07,CUST0329,Customer 0329,Laptop,Electronics,West,5,65000,315250.0,0.03,40972.26
2094,2025-02-26,CUST0062,Customer 0062,Jeans,Fashion,West,3,2500,7275.0,0.03,1138.37
2095,2025-08-12,CUST0284,Customer 0284,Phone,Electronics,South,5,30000,144000.0,0.04,37498.44
2096,2025-03-14,CUST0431,Customer 0431,Rice,Grocery,East,2,1000,1680.0,0.16,207.83
2097,2025-09-27,CUST0308,Customer 0308,Headphones,Electronics,East,5,3000,12450.0,0.17,2434.1
2098,2025-10-04,CUST0118,Customer 0118,Oil,Grocery,South,5,1500,7275.0,0.03,836.08
2099,2025-11-22,CUST0325,Customer 0325,Coffee,Grocery,South,2,500,830.0,0.17,203.55
2100,2025-10-04,CUST0483,Customer 0483,Coffee,Grocery,West,4,500,1660.0,0.17,234.48
2101,2025-06-01,CUST0200,Customer 0200,Jeans,Fashion,South,4,2500,8200.0,0.18,1500.28
2102,2025-06-03,CUST0001,Customer 0001,Phone,Electronics,South,3,30000,77400.0,0.14,17568.75
2103,2025-11-10,CUST0305,Customer 0305,Phone,Electronics,West,1,30000,25500.0,0.15,2827.1
2104,2025-03-24,CUST0392,Customer 0392,Keyboard,Electronics,West,4,2500,8400.0,0.16,1865.96
2105,2025-10-30,CUST0100,Customer 0100,Keyboard,Electronics,East,3,2500,7425.0,0.01,2167.64
2106,2025-03-13,CUST0458,Customer 0458,Shoes,Fashion,South,1,4000,3400.0,0.15,710.28
2107,2025-04-16,CUST0228,Customer 0228,Headphones,Electronics,North,3,3000,7650.0,0.15,630.12
2108,2025-09-24,CUST0160,Customer 0160,Jeans,Fashion,South,1,2500,2125.0,0.15,449.77
2109,2025-12-05,CUST0225,Customer 0225,Chair,Furniture,South,1,7000,6230.0,0.11,1334.51
2110,2025-02-06,CUST0451,Customer 0451,Oil,Grocery,North,3,1500,3690.0,0.18,1065.99
2111,2025-07-15,CUST0430,Customer 0430,Chair,Furniture,South,1,7000,6090.0,0.13,1057.83
2112,2025-12-30,CUST0355,Customer 0355,T-Shirt,Fashion,East,3,1200,3456.0,0.04,354.83
2113,2025-05-04,CUST0446,Customer 0446,Rice,Grocery,West,4,1000,3320.0,0.17,969.15
2114,2025-01-30,CUST0327,Customer 0327,Phone,Electronics,East,3,30000,74700.0,0.17,18012.96
2115,2025-11-24,CUST0261,Customer 0261,Desk,Furniture,East,4,12000,41760.0,0.13,5649.08
2116,2025-02-12,CUST0007,Customer 0007,Phone,Electronics,West,4,30000,114000.0,0.05,21534.0
2117,2025-12-07,CUST0137,Customer 0137,Phone,Electronics,West,4,30000,106800.0,0.11,28219.83
2118,2025-11-07,CUST0266,Customer 0266,Rice,Grocery,North,4,1000,3960.0,0.01,410.71
2119,2025-10-22,CUST0049,Customer 0049,Phone,Electronics,West,2,30000,55800.0,0.07,12720.95
2120,2025-07-21,CUST0368,Customer 0368,Oil,Grocery,West,1,1500,1395.0,0.07,353.48
2121,2025-10-21,CUST0443,Customer 0443,Jeans,Fashion,West,1,2500,2025.0,0.19,524.26
2122,2025-12-09,CUST0465,Customer 0465,Laptop,Electronics,East,2,65000,115700.0,0.11,9870.57
2123,2025-02-20,CUST0150,Customer 0150,Shoes,Fashion,East,1,4000,3400.0,0.15,907.37
2124,2025-07-03,CUST0420,Customer 0420,Rice,Grocery,East,3,1000,2790.0,0.07,815.88
2125,2025-08-17,CUST0402,Customer 0402,Laptop,Electronics,East,3,65000,177450.0,0.09,52882.7
2126,2025-03-24,CUST0108,Customer 0108,Jeans,Fashion,East,5,2500,10875.0,0.13,2642.14
2127,2025-03-30,CUST0433,Customer 0433,T-Shirt,Fashion,South,1,1200,1116.0,0.07,240.62
2128,2025-06-12,CUST0425,Customer 0425,Chair,Furniture,West,1,7000,5740.0,0.18,573.4
2129,2025-06-10,CUST0319,Customer 0319,T-Shirt,Fashion,West,2,1200,2040.0,0.15,253.92
2130,2025-06-29,CUST0173,Customer 0173,T-Shirt,Fashion,East,3,1200,3060.0,0.15,890.61
2131,2025-01-09,CUST0058,Customer 0058,Keyboard,Electronics,East,5,2500,11750.0,0.06,2248.32
2132,2025-10-14,CUST0276,Customer 0276,Headphones,Electronics,North,4,3000,10560.0,0.12,1021.21
2133,2025-02-16,CUST0365,Customer 0365,Coffee,Grocery,East,4,500,1660.0,0.17,186.03
2134,2025-09-30,CUST0182,Customer 0182,Shoes,Fashion,East,2,4000,6560.0,0.18,674.35
2135,2025-11-11,CUST0292,Customer 0292,Phone,Electronics,North,3,30000,72000.0,0.2,12769.77
2136,2025-05-06,CUST0281,Customer 0281,Headphones,Electronics,South,3,3000,8910.0,0.01,1152.8
2137,2025-05-06,CUST0449,Customer 0449,Keyboard,Electronics,North,4,2500,8700.0,0.13,1109.36
2138,2025-06-01,CUST0125,Customer 0125,Laptop,Electronics,South,5,65000,292500.0,0.1,51646.43
2139,2025-07-31,CUST0096,Customer 0096,Jeans,Fashion,West,5,2500,11500.0,0.08,2375.91
2140,2025-05-14,CUST0362,Customer 0362,Desk,Furniture,South,3,12000,32760.0,0.09,5247.93
2141,2025-06-13,CUST0277,Customer 0277,Desk,Furniture,South,1,12000,9720.0,0.19,1065.2
2142,2025-10-03,CUST0297,Customer 0297,Headphones,Electronics,West,1,3000,2400.0,0.2,606.07
2143,2025-10-02,CUST0161,Customer 0161,Phone,Electronics,South,5,30000,142500.0,0.05,22320.55
2144,2025-08-27,CUST0138,Customer 0138,Coffee,Grocery,West,1,500,455.0,0.09,80.23
2145,2025-02-03,CUST0489,Customer 0489,Headphones,Electronics,North,1,3000,2670.0,0.11,541.95
2146,2025-06-27,CUST0245,Customer 0245,Oil,Grocery,East,2,1500,2970.0,0.01,469.17
2147,2025-10-19,CUST0130,Customer 0130,Oil,Grocery,South,1,1500,1290.0,0.14,242.49
2148,2025-07-22,CUST0111,Customer 0111,Rice,Grocery,East,4,1000,3760.0,0.06,877.53
2149,2025-06-19,CUST0120,Customer 0120,Coffee,Grocery,East,5,500,2025.0,0.19,226.26
2150,2025-01-04,CUST0498,Customer 0498,Coffee,Grocery,North,1,500,430.0,0.14,68.3
2151,2025-02-06,CUST0315,Customer 0315,Phone,Electronics,South,5,30000,138000.0,0.08,15934.25
2152,2025-05-08,CUST0308,Customer 0308,Headphones,Electronics,North,2,3000,5940.0,0.01,1688.99
2153,2025-06-19,CUST0046,Customer 0046,Phone,Electronics,West,4,30000,106800.0,0.11,30842.41
2154,2025-07-28,CUST0196,Customer 0196,Oil,Grocery,North,4,1500,5820.0,0.03,905.16
2155,2025-06-09,CUST0182,Customer 0182,Headphones,Electronics,South,4,3000,9840.0,0.18,1868.91
2156,2025-05-14,CUST0206,Customer 0206,Keyboard,Electronics,North,2,2500,4650.0,0.07,1034.11
2157,2025-06-23,CUST0232,Customer 0232,Phone,Electronics,North,5,30000,142500.0,0.05,38966.09
2158,2025-10-13,CUST0031,Customer 0031,Rice,Grocery,North,3,1000,2940.0,0.02,236.32
2159,2025-01-03,CUST0168,Customer 0168,Shoes,Fashion,East,3,4000,11880.0,0.01,3316.09
2160,2025-02-05,CUST0490,Customer 0490,Headphones,Electronics,South,2,3000,5220.0,0.13,989.73
2161,2025-06-26,CUST0050,Customer 0050,Rice,Grocery,West,2,1000,1760.0,0.12,363.05
2162,2025-12-28,CUST0434,Customer 0434,Headphones,Electronics,North,5,3000,14550.0,0.03,3785.6
2163,2025-11-15,CUST0020,Customer 0020,Jeans,Fashion,East,1,2500,2100.0,0.16,311.99
2164,2025-02-25,CUST0179,Customer 0179,Rice,Grocery,North,2,1000,1760.0,0.12,205.61
2165,2025-09-12,CUST0099,Customer 0099,Coffee,Grocery,West,2,500,800.0,0.2,225.92
2166,2025-12-04,CUST0281,Customer 0281,Shoes,Fashion,North,4,4000,12960.0,0.19,2943.41
2167,2025-06-23,CUST0127,Customer 0127,Desk,Furniture,South,2,12000,22800.0,0.05,5925.01
2168,2025-07-26,CUST0022,Customer 0022,Desk,Furniture,North,1,12000,9840.0,0.18,2781.25
2169,2025-09-24,CUST0047,Customer 0047,Rice,Grocery,West,3,1000,2460.0,0.18,501.49
2170,2025-10-07,CUST0330,Customer 0330,Keyboard,Electronics,South,3,2500,7050.0,0.06,1258.7
2171,2025-05-30,CUST0484,Customer 0484,Rice,Grocery,West,4,1000,3680.0,0.08,599.67
2172,2025-01-13,CUST0252,Customer 0252,Phone,Electronics,East,3,30000,80100.0,0.11,17151.49
2173,2025-09-12,CUST0403,Customer 0403,Chair,Furniture,North,1,7000,6230.0,0.11,555.46
2174,2025-06-07,CUST0457,Customer 0457,Coffee,Grocery,North,5,500,2225.0,0.11,491.74
2175,2025-10-01,CUST0015,Customer 0015,Laptop,Electronics,North,3,65000,179400.0,0.08,28235.49
2176,2025-12-17,CUST0448,Customer 0448,Shoes,Fashion,East,5,4000,18000.0,0.1,2146.03
2177,2025-12-15,CUST0358,Customer 0358,Laptop,Electronics,South,2,65000,127400.0,0.02,36817.6
2178,2025-12-31,CUST0164,Customer 0164,Phone,Electronics,North,2,30000,54000.0,0.1,11105.21
2179,2025-01-24,CUST0473,Customer 0473,Shoes,Fashion,East,2,4000,6560.0,0.18,692.69
2180,2025-01-03,CUST0464,Customer 0464,Keyboard,Electronics,South,3,2500,6000.0,0.2,1782.95
2181,2025-07-10,CUST0470,Customer 0470,Shoes,Fashion,East,1,4000,3880.0,0.03,821.49
2182,2025-08-05,CUST0349,Customer 0349,Coffee,Grocery,East,3,500,1440.0,0.04,393.57
2183,2025-07-29,CUST0354,Customer 0354,Laptop,Electronics,South,4,65000,218400.0,0.16,35592.43
2184,2025-09-07,CUST0130,Customer 0130,Coffee,Grocery,West,1,500,435.0,0.13,72.65
2185,2025-03-07,CUST0340,Customer 0340,Oil,Grocery,South,2,1500,2970.0,0.01,312.34
2186,2025-09-08,CUST0035,Customer 0035,Headphones,Electronics,East,5,3000,13950.0,0.07,4011.61
2187,2025-12-15,CUST0367,Customer 0367,Oil,Grocery,East,4,1500,5640.0,0.06,806.61
2188,2025-02-25,CUST0390,Customer 0390,Phone,Electronics,North,4,30000,100800.0,0.16,27668.17
2189,2025-10-12,CUST0434,Customer 0434,T-Shirt,Fashion,West,2,1200,2328.0,0.03,696.13
2190,2025-09-03,CUST0056,Customer 0056,Phone,Electronics,North,2,30000,59400.0,0.01,9823.22
2191,2025-12-22,CUST0413,Customer 0413,Phone,Electronics,South,2,30000,54600.0,0.09,8823.27
2192,2025-08-15,CUST0306,Customer 0306,Laptop,Electronics,South,5,65000,276250.0,0.15,33584.62
2193,2025-06-12,CUST0023,Customer 0023,Coffee,Grocery,East,1,500,405.0,0.19,62.81
2194,2025-03-31,CUST0180,Customer 0180,T-Shirt,Fashion,West,2,1200,1968.0,0.18,181.87
2195,2025-03-20,CUST0485,Customer 0485,Chair,Furniture,South,5,7000,34650.0,0.01,4174.35
2196,2025-06-21,CUST0337,Customer 0337,Oil,Grocery,South,4,1500,5940.0,0.01,1050.89
2197,2025-11-05,CUST0271,Customer 0271,Chair,Furniture,East,5,7000,33950.0,0.03,6802.46
2198,2025-01-30,CUST0058,Customer 0058,Rice,Grocery,South,1,1000,920.0,0.08,181.74
2199,2025-06-14,CUST0190,Customer 0190,Laptop,Electronics,North,2,65000,106600.0,0.18,24576.59
2200,2025-07-15,CUST0002,Customer 0002,Coffee,Grocery,North,1,500,420.0,0.16,104.63
2201,2025-04-25,CUST0391,Customer 0391,Rice,Grocery,West,1,1000,890.0,0.11,85.67
2202,2025-10-20,CUST0331,Customer 0331,Shoes,Fashion,South,3,4000,10320.0,0.14,1703.72
2203,2025-12-16,CUST0252,Customer 0252,Coffee,Grocery,West,3,500,1395.0,0.07,414.81
2204,2025-09-03,CUST0471,Customer 0471,Headphones,Electronics,South,4,3000,10680.0,0.11,1700.57
2205,2025-05-27,CUST0327,Customer 0327,Oil,Grocery,East,2,1500,2430.0,0.19,402.07
2206,2025-03-24,CUST0189,Customer 0189,Oil,Grocery,North,1,1500,1365.0,0.09,199.25
2207,2025-08-24,CUST0211,Customer 0211,Oil,Grocery,South,5,1500,6225.0,0.17,1850.37
2208,2025-11-17,CUST0181,Customer 0181,Keyboard,Electronics,West,4,2500,9200.0,0.08,1581.48
2209,2025-08-16,CUST0488,Customer 0488,Shoes,Fashion,West,4,4000,14880.0,0.07,2257.63
2210,2025-03-10,CUST0371,Customer 0371,Jeans,Fashion,South,2,2500,4750.0,0.05,1124.66
2211,2025-12-04,CUST0402,Customer 0402,Coffee,Grocery,West,3,500,1230.0,0.18,246.74
2212,2025-07-11,CUST0330,Customer 0330,Chair,Furniture,West,2,7000,12880.0,0.08,2362.85
2213,2025-06-03,CUST0464,Customer 0464,Coffee,Grocery,South,4,500,1980.0,0.01,253.0
2214,2025-12-04,CUST0197,Customer 0197,Jeans,Fashion,South,4,2500,9600.0,0.04,1703.57
2215,2025-07-17,CUST0291,Customer 0291,Rice,Grocery,South,2,1000,1900.0,0.05,463.82
2216,2025-11-25,CUST0206,Customer 0206,Coffee,Grocery,South,2,500,970.0,0.03,145.14
2217,2025-03-08,CUST0391,Customer 0391,T-Shirt,Fashion,North,3,1200,3168.0,0.12,785.49
2218,2025-12-13,CUST0050,Customer 0050,Phone,Electronics,North,1,30000,30000.0,0.0,8473.13
2219,2025-06-19,CUST0437,Customer 0437,Phone,Electronics,South,3,30000,72900.0,0.19,11552.7
2220,2025-04-20,CUST0158,Customer 0158,Phone,Electronics,West,3,30000,79200.0,0.12,11833.27
2221,2025-09-01,CUST0174,Customer 0174,Oil,Grocery,South,2,1500,2820.0,0.06,288.57
2222,2025-03-19,CUST0084,Customer 0084,Shoes,Fashion,South,1,4000,3560.0,0.11,769.04
2223,2025-10-15,CUST0283,Customer 0283,Rice,Grocery,South,4,1000,3440.0,0.14,488.04
2224,2025-02-28,CUST0340,Customer 0340,Headphones,Electronics,West,4,3000,11760.0,0.02,1042.68
2225,2025-08-31,CUST0195,Customer 0195,T-Shirt,Fashion,East,2,1200,2040.0,0.15,426.28
2226,2025-08-14,CUST0300,Customer 0300,Coffee,Grocery,West,2,500,910.0,0.09,76.78
2227,2025-12-10,CUST0291,Customer 0291,Desk,Furniture,North,3,12000,28800.0,0.2,7920.81
2228,2025-04-01,CUST0070,Customer 0070,Coffee,Grocery,North,3,500,1290.0,0.14,363.38
2229,2025-12-09,CUST0101,Customer 0101,Rice,Grocery,North,3,1000,2820.0,0.06,717.44
2230,2025-07-01,CUST0309,Customer 0309,T-Shirt,Fashion,South,1,1200,1056.0,0.12,221.62
2231,2025-07-06,CUST0436,Customer 0436,Chair,Furniture,North,2,7000,12600.0,0.1,3730.2
2232,2025-09-08,CUST0164,Customer 0164,Headphones,Electronics,East,1,3000,2610.0,0.13,611.04
2233,2025-08-18,CUST0222,Customer 0222,Desk,Furniture,West,1,12000,11400.0,0.05,3407.7
2234,2025-12-04,CUST0042,Customer 0042,Desk,Furniture,North,5,12000,59400.0,0.01,16147.82
2235,2025-10-21,CUST0010,Customer 0010,Chair,Furniture,West,4,7000,26880.0,0.04,4930.51
2236,2025-01-19,CUST0356,Customer 0356,Rice,Grocery,West,3,1000,2580.0,0.14,396.91
2237,2025-07-28,CUST0363,Customer 0363,Desk,Furniture,South,2,12000,19440.0,0.19,4630.72
2238,2025-09-08,CUST0145,Customer 0145,Chair,Furniture,North,1,7000,5740.0,0.18,1619.43
2239,2025-12-08,CUST0468,Customer 0468,Desk,Furniture,South,5,12000,49200.0,0.18,4185.03
2240,2025-02-24,CUST0125,Customer 0125,Phone,Electronics,South,2,30000,55800.0,0.07,6354.58
2241,2025-02-14,CUST0443,Customer 0443,Phone,Electronics,East,1,30000,25800.0,0.14,6244.39
2242,2025-11-13,CUST0037,Customer 0037,Headphones,Electronics,West,5,3000,13050.0,0.13,3545.64
2243,2025-11-20,CUST0448,Customer 0448,Desk,Furniture,South,1,12000,10560.0,0.12,975.29
2244,2025-04-13,CUST0471,Customer 0471,Oil,Grocery,North,1,1500,1440.0,0.04,342.74
2245,2025-01-02,CUST0222,Customer 0222,Rice,Grocery,West,2,1000,1920.0,0.04,456.45
2246,2025-06-14,CUST0321,Customer 0321,Jeans,Fashion,West,2,2500,4500.0,0.1,555.33
2247,2025-11-06,CUST0362,Customer 0362,Headphones,Electronics,North,4,3000,11280.0,0.06,2580.36
2248,2025-08-15,CUST0095,Customer 0095,Jeans,Fashion,East,1,2500,2450.0,0.02,721.09
2249,2025-03-15,CUST0450,Customer 0450,Jeans,Fashion,North,5,2500,10125.0,0.19,2369.18
2250,2025-04-07,CUST0096,Customer 0096,Desk,Furniture,East,2,12000,23280.0,0.03,5116.14
2251,2025-11-04,CUST0212,Customer 0212,Jeans,Fashion,East,3,2500,7200.0,0.04,973.5
2252,2025-05-04,CUST0272,Customer 0272,Laptop,Electronics,North,3,65000,183300.0,0.06,21167.14
2253,2025-02-02,CUST0253,Customer 0253,Desk,Furniture,North,1,12000,10560.0,0.12,2744.49
2254,2025-12-12,CUST0392,Customer 0392,Oil,Grocery,North,4,1500,6000.0,0.0,1462.43
2255,2025-06-13,CUST0302,Customer 0302,Desk,Furniture,East,5,12000,51600.0,0.14,4875.86
2256,2025-06-13,CUST0231,Customer 0231,Desk,Furniture,West,4,12000,44640.0,0.07,6519.87
2257,2025-06-10,CUST0280,Customer 0280,Oil,Grocery,East,2,1500,2850.0,0.05,334.94
2258,2025-07-29,CUST0239,Customer 0239,T-Shirt,Fashion,West,3,1200,2952.0,0.18,785.9
2259,2025-08-26,CUST0445,Customer 0445,T-Shirt,Fashion,West,4,1200,4656.0,0.03,1128.28
2260,2025-08-03,CUST0487,Customer 0487,Laptop,Electronics,South,2,65000,109200.0,0.16,17900.13
2261,2025-07-24,CUST0188,Customer 0188,Laptop,Electronics,South,4,65000,218400.0,0.16,49268.82
2262,2025-03-19,CUST0304,Customer 0304,Headphones,Electronics,South,2,3000,5880.0,0.02,976.57
2263,2025-05-19,CUST0173,Customer 0173,Keyboard,Electronics,East,1,2500,2250.0,0.1,258.37
2264,2025-04-27,CUST0098,Customer 0098,T-Shirt,Fashion,South,5,1200,5160.0,0.14,904.18
2265,2025-09-07,CUST0497,Customer 0497,Rice,Grocery,East,1,1000,930.0,0.07,96.09
2266,2025-12-28,CUST0245,Customer 0245,Coffee,Grocery,West,3,500,1455.0,0.03,282.46
2267,2025-04-21,CUST0214,Customer 0214,T-Shirt,Fashion,East,1,1200,972.0,0.19,212.8
2268,2025-11-19,CUST0160,Customer 0160,Rice,Grocery,South,5,1000,4550.0,0.09,485.97
2269,2025-09-29,CUST0145,Customer 0145,Desk,Furniture,East,3,12000,30240.0,0.16,8167.87
2270,2025-10-17,CUST0497,Customer 0497,T-Shirt,Fashion,South,1,1200,1200.0,0.0,193.68
2271,2025-04-18,CUST0484,Customer 0484,Desk,Furniture,West,2,12000,19680.0,0.18,5482.1
2272,2025-05-24,CUST0285,Customer 0285,Desk,Furniture,South,5,12000,50400.0,0.16,11775.08
2273,2025-06-14,CUST0401,Customer 0401,Rice,Grocery,South,5,1000,4050.0,0.19,527.97
2274,2025-05-08,CUST0251,Customer 0251,Coffee,Grocery,North,4,500,1640.0,0.18,244.3
2275,2025-07-16,CUST0385,Customer 0385,Headphones,Electronics,West,5,3000,14100.0,0.06,2769.69
2276,2025-11-05,CUST0462,Customer 0462,Oil,Grocery,South,3,1500,4455.0,0.01,738.22
2277,2025-05-22,CUST0365,Customer 0365,Headphones,Electronics,South,3,3000,7470.0,0.17,694.6
2278,2025-04-25,CUST0325,Customer 0325,Laptop,Electronics,South,3,65000,181350.0,0.07,39270.17
2279,2025-05-20,CUST0490,Customer 0490,Desk,Furniture,South,4,12000,38400.0,0.2,8181.11
2280,2025-11-27,CUST0097,Customer 0097,Coffee,Grocery,South,5,500,2450.0,0.02,591.31
2281,2025-09-26,CUST0410,Customer 0410,Jeans,Fashion,North,3,2500,7125.0,0.05,1159.39
2282,2025-06-02,CUST0134,Customer 0134,Keyboard,Electronics,West,2,2500,4700.0,0.06,405.8
2283,2025-02-10,CUST0189,Customer 0189,T-Shirt,Fashion,South,2,1200,2184.0,0.09,358.27
2284,2025-11-01,CUST0228,Customer 0228,Desk,Furniture,South,1,12000,9720.0,0.19,1752.59
2285,2025-12-28,CUST0311,Customer 0311,T-Shirt,Fashion,North,3,1200,3492.0,0.03,378.11
2286,2025-03-05,CUST0027,Customer 0027,Desk,Furniture,West,5,12000,54000.0,0.1,6004.02
2287,2025-10-09,CUST0014,Customer 0014,Rice,Grocery,East,4,1000,3480.0,0.13,581.22
2288,2025-11-10,CUST0429,Customer 0429,Laptop,Electronics,North,3,65000,183300.0,0.06,45170.27
2289,2025-09-19,CUST0029,Customer 0029,Oil,Grocery,South,2,1500,2700.0,0.1,766.61
2290,2025-03-19,CUST0053,Customer 0053,Jeans,Fashion,East,2,2500,4050.0,0.19,533.4
2291,2025-07-02,CUST0174,Customer 0174,Phone,Electronics,West,4,30000,111600.0,0.07,10636.24
2292,2025-10-07,CUST0032,Customer 0032,Jeans,Fashion,South,4,2500,8700.0,0.13,1453.93
2293,2025-10-08,CUST0422,Customer 0422,Phone,Electronics,East,2,30000,54600.0,0.09,5752.37
2294,2025-04-27,CUST0123,Customer 0123,Laptop,Electronics,South,5,65000,325000.0,0.0,71967.53
2295,2025-09-03,CUST0022,Customer 0022,Laptop,Electronics,South,2,65000,110500.0,0.15,31933.67
2296,2025-09-14,CUST0164,Customer 0164,Desk,Furniture,North,4,12000,40800.0,0.15,9280.28
2297,2025-09-19,CUST0392,Customer 0392,Chair,Furniture,West,4,7000,28000.0,0.0,6642.81
2298,2025-10-09,CUST0035,Customer 0035,Laptop,Electronics,West,2,65000,114400.0,0.12,14408.0
2299,2025-01-04,CUST0179,Customer 0179,Oil,Grocery,South,1,1500,1320.0,0.12,212.5
2300,2025-07-23,CUST0109,Customer 0109,Headphones,Electronics,East,5,3000,15000.0,0.0,3271.34
2301,2025-05-17,CUST0285,Customer 0285,Desk,Furniture,East,5,12000,55200.0,0.08,14554.08
2302,2025-06-21,CUST0101,Customer 0101,Desk,Furniture,West,3,12000,33120.0,0.08,7389.13
2303,2025-01-15,CUST0229,Customer 0229,Coffee,Grocery,North,5,500,2125.0,0.15,265.65
2304,2025-01-22,CUST0199,Customer 0199,Phone,Electronics,East,2,30000,57600.0,0.04,11833.66
2305,2025-12-20,CUST0346,Customer 0346,Keyboard,Electronics,North,5,2500,10500.0,0.16,1673.77
2306,2025-11-28,CUST0321,Customer 0321,Keyboard,Electronics,South,5,2500,10250.0,0.18,2722.23
2307,2025-09-19,CUST0013,Customer 0013,Chair,Furniture,East,1,7000,6720.0,0.04,805.07
2308,2025-04-16,CUST0256,Customer 0256,Oil,Grocery,West,4,1500,5160.0,0.14,932.59
2309,2025-11-05,CUST0386,Customer 0386,Headphones,Electronics,South,4,3000,10800.0,0.1,2281.86
2310,2025-02-09,CUST0316,Customer 0316,Phone,Electronics,North,1,30000,24900.0,0.17,5384.4
2311,2025-05-21,CUST0477,Customer 0477,Laptop,Electronics,South,3,65000,177450.0,0.09,42645.6
2312,2025-02-19,CUST0028,Customer 0028,Desk,Furniture,East,2,12000,20880.0,0.13,6130.51
2313,2025-02-08,CUST0144,Customer 0144,Shoes,Fashion,North,1,4000,3760.0,0.06,329.75
2314,2025-06-04,CUST0073,Customer 0073,Chair,Furniture,South,4,7000,22680.0,0.19,6241.98
2315,2025-03-03,CUST0471,Customer 0471,Rice,Grocery,South,1,1000,820.0,0.18,233.74
2316,2025-01-08,CUST0058,Customer 0058,Phone,Electronics,East,2,30000,54600.0,0.09,15015.92
2317,2025-05-19,CUST0012,Customer 0012,Oil,Grocery,South,5,1500,6750.0,0.1,1626.18
2318,2025-04-21,CUST0034,Customer 0034,Shoes,Fashion,West,4,4000,15840.0,0.01,3000.62
2319,2025-07-31,CUST0090,Customer 0090,Laptop,Electronics,East,5,65000,266500.0,0.18,59817.05
2320,2025-12-30,CUST0145,Customer 0145,Oil,Grocery,East,4,1500,5760.0,0.04,799.5
2321,2025-04-07,CUST0121,Customer 0121,Oil,Grocery,North,4,1500,5040.0,0.16,1507.38
2322,2025-10-16,CUST0428,Customer 0428,Shoes,Fashion,South,5,4000,16200.0,0.19,3037.11
2323,2025-01-25,CUST0147,Customer 0147,Desk,Furniture,West,1,12000,10560.0,0.12,1904.78
2324,2025-10-06,CUST0084,Customer 0084,Desk,Furniture,East,3,12000,30600.0,0.15,6088.44
2325,2025-11-24,CUST0178,Customer 0178,Shoes,Fashion,East,2,4000,7040.0,0.12,1139.52
2326,2025-05-30,CUST0076,Customer 0076,Rice,Grocery,West,4,1000,3440.0,0.14,583.84
2327,2025-02-14,CUST0309,Customer 0309,Chair,Furniture,West,2,7000,13020.0,0.07,2068.97
2328,2025-08-19,CUST0386,Customer 0386,Jeans,Fashion,South,2,2500,4100.0,0.18,637.8
2329,2025-11-03,CUST0175,Customer 0175,Jeans,Fashion,South,2,2500,4150.0,0.17,855.78
2330,2025-12-21,CUST0203,Customer 0203,Phone,Electronics,North,4,30000,98400.0,0.18,29314.43
2331,2025-09-24,CUST0054,Customer 0054,Coffee,Grocery,South,1,500,475.0,0.05,95.52
2332,2025-04-27,CUST0351,Customer 0351,Oil,Grocery,East,3,1500,4050.0,0.1,614.01
2333,2025-10-08,CUST0480,Customer 0480,Shoes,Fashion,East,5,4000,17400.0,0.13,2895.64
2334,2025-07-28,CUST0353,Customer 0353,Phone,Electronics,South,2,30000,52200.0,0.13,9385.76
2335,2025-01-01,CUST0458,Customer 0458,Jeans,Fashion,East,1,2500,2250.0,0.1,633.34
2336,2025-05-04,CUST0387,Customer 0387,Shoes,Fashion,North,3,4000,9960.0,0.17,1984.36
2337,2025-04-08,CUST0013,Customer 0013,Laptop,Electronics,North,1,65000,61100.0,0.06,7671.67
2338,2025-02-04,CUST0130,Customer 0130,T-Shirt,Fashion,West,1,1200,1104.0,0.08,175.15
2339,2025-01-06,CUST0358,Customer 0358,Coffee,Grocery,East,3,500,1395.0,0.07,226.66
2340,2025-08-08,CUST0318,Customer 0318,Coffee,Grocery,West,4,500,1740.0,0.13,366.33
2341,2025-01-17,CUST0256,Customer 0256,Desk,Furniture,West,3,12000,35640.0,0.01,8344.71
2342,2025-10-03,CUST0395,Customer 0395,Phone,Electronics,East,4,30000,103200.0,0.14,22337.74
2343,2025-12-17,CUST0252,Customer 0252,Laptop,Electronics,North,4,65000,257400.0,0.01,48195.23
2344,2025-09-01,CUST0130,Customer 0130,Jeans,Fashion,North,1,2500,2450.0,0.02,586.39
2345,2025-08-21,CUST0195,Customer 0195,Oil,Grocery,North,3,1500,4275.0,0.05,1267.45
2346,2025-06-15,CUST0159,Customer 0159,Jeans,Fashion,North,4,2500,9600.0,0.04,1635.2
2347,2025-12-17,CUST0066,Customer 0066,Coffee,Grocery,South,1,500,405.0,0.19,72.0
2348,2025-08-26,CUST0141,Customer 0141,Oil,Grocery,North,5,1500,6900.0,0.08,1956.12
2349,2025-05-10,CUST0300,Customer 0300,Phone,Electronics,East,5,30000,135000.0,0.1,37597.17
2350,2025-03-25,CUST0021,Customer 0021,Chair,Furniture,South,5,7000,32550.0,0.07,3389.38
2351,2025-02-09,CUST0102,Customer 0102,T-Shirt,Fashion,South,4,1200,4560.0,0.05,753.34
2352,2025-07-12,CUST0023,Customer 0023,Chair,Furniture,West,2,7000,13440.0,0.04,3634.5
2353,2025-04-28,CUST0366,Customer 0366,T-Shirt,Fashion,North,1,1200,1176.0,0.02,130.1
2354,2025-08-13,CUST0255,Customer 0255,Desk,Furniture,East,4,12000,48000.0,0.0,9385.85
2355,2025-11-22,CUST0279,Customer 0279,Phone,Electronics,West,4,30000,109200.0,0.09,15436.35
2356,2025-02-04,CUST0034,Customer 0034,Phone,Electronics,West,3,30000,73800.0,0.18,16696.11
2357,2025-07-25,CUST0260,Customer 0260,Keyboard,Electronics,South,2,2500,4900.0,0.02,566.63
2358,2025-12-07,CUST0101,Customer 0101,T-Shirt,Fashion,North,5,1200,5580.0,0.07,769.27
2359,2025-12-03,CUST0095,Customer 0095,Coffee,Grocery,South,4,500,1960.0,0.02,173.94
2360,2025-03-17,CUST0154,Customer 0154,Headphones,Electronics,North,4,3000,12000.0,0.0,1118.38
2361,2025-02-27,CUST0269,Customer 0269,Rice,Grocery,South,3,1000,2640.0,0.12,216.34
2362,2025-06-13,CUST0472,Customer 0472,Keyboard,Electronics,West,4,2500,8400.0,0.16,1020.66
2363,2025-09-02,CUST0246,Customer 0246,Keyboard,Electronics,North,1,2500,2425.0,0.03,489.04
2364,2025-03-16,CUST0342,Customer 0342,Headphones,Electronics,West,5,3000,14550.0,0.03,3598.42
2365,2025-09-20,CUST0038,Customer 0038,Coffee,Grocery,East,2,500,950.0,0.05,233.46
2366,2025-04-26,CUST0424,Customer 0424,Chair,Furniture,East,4,7000,27720.0,0.01,4851.32
2367,2025-07-22,CUST0015,Customer 0015,Keyboard,Electronics,South,3,2500,6900.0,0.08,1472.57
2368,2025-03-07,CUST0246,Customer 0246,Coffee,Grocery,South,5,500,2050.0,0.18,455.36
2369,2025-05-04,CUST0307,Customer 0307,Jeans,Fashion,North,3,2500,6750.0,0.1,651.46
2370,2025-08-02,CUST0034,Customer 0034,Jeans,Fashion,North,1,2500,2150.0,0.14,539.54
2371,2025-07-09,CUST0143,Customer 0143,Shoes,Fashion,East,3,4000,10920.0,0.09,2811.88
2372,2025-06-05,CUST0429,Customer 0429,Jeans,Fashion,West,5,2500,11625.0,0.07,1718.07
2373,2025-09-19,CUST0250,Customer 0250,Shoes,Fashion,South,5,4000,17200.0,0.14,4870.35
2374,2025-08-29,CUST0173,Customer 0173,Phone,Electronics,North,4,30000,96000.0,0.2,18931.45
2375,2025-05-09,CUST0323,Customer 0323,Chair,Furniture,South,3,7000,17430.0,0.17,3673.82
2376,2025-06-10,CUST0475,Customer 0475,Desk,Furniture,East,2,12000,21360.0,0.11,3346.53
2377,2025-04-09,CUST0423,Customer 0423,Desk,Furniture,West,5,12000,51600.0,0.14,7289.78
2378,2025-12-09,CUST0338,Customer 0338,Keyboard,Electronics,East,5,2500,10250.0,0.18,1134.07
2379,2025-04-08,CUST0352,Customer 0352,Rice,Grocery,South,3,1000,2580.0,0.14,520.23
2380,2025-08-25,CUST0298,Customer 0298,Jeans,Fashion,East,2,2500,4900.0,0.02,1171.12
2381,2025-11-23,CUST0127,Customer 0127,Keyboard,Electronics,South,5,2500,10500.0,0.16,2758.2
2382,2025-11-28,CUST0415,Customer 0415,T-Shirt,Fashion,East,3,1200,3420.0,0.05,638.02
2383,2025-10-18,CUST0236,Customer 0236,Jeans,Fashion,East,3,2500,7275.0,0.03,1551.88
2384,2025-03-05,CUST0495,Customer 0495,Shoes,Fashion,South,5,4000,16000.0,0.2,1291.5
2385,2025-05-11,CUST0476,Customer 0476,T-Shirt,Fashion,East,4,1200,3888.0,0.19,782.04
2386,2025-09-19,CUST0291,Customer 0291,Shoes,Fashion,West,2,4000,7600.0,0.05,2249.2
2387,2025-11-01,CUST0056,Customer 0056,T-Shirt,Fashion,South,4,1200,4416.0,0.08,469.32
2388,2025-03-04,CUST0186,Customer 0186,Laptop,Electronics,East,1,65000,53950.0,0.17,7607.94
2389,2025-03-07,CUST0402,Customer 0402,Phone,Electronics,North,4,30000,115200.0,0.04,31805.4
2390,2025-01-06,CUST0058,Customer 0058,Desk,Furniture,South,5,12000,51600.0,0.14,7354.1
2391,2025-04-29,CUST0113,Customer 0113,Coffee,Grocery,East,5,500,2225.0,0.11,308.57
2392,2025-05-02,CUST0078,Customer 0078,Laptop,Electronics,South,5,65000,286000.0,0.12,70847.14
2393,2025-07-16,CUST0105,Customer 0105,Jeans,Fashion,East,5,2500,12500.0,0.0,1441.09
2394,2025-09-06,CUST0064,Customer 0064,Phone,Electronics,West,2,30000,49800.0,0.17,6404.99
2395,2025-11-09,CUST0085,Customer 0085,Headphones,Electronics,East,2,3000,5640.0,0.06,455.13
2396,2025-08-11,CUST0297,Customer 0297,Coffee,Grocery,North,4,500,1820.0,0.09,238.57
2397,2025-07-29,CUST0365,Customer 0365,T-Shirt,Fashion,West,4,1200,4656.0,0.03,1282.2
2398,2025-01-12,CUST0278,Customer 0278,Chair,Furniture,East,2,7000,11480.0,0.18,2159.78
2399,2025-06-14,CUST0011,Customer 0011,T-Shirt,Fashion,South,5,1200,5280.0,0.12,1396.08
2400,2025-07-10,CUST0074,Customer 0074,Oil,Grocery,West,1,1500,1320.0,0.12,308.57
2401,2025-03-28,CUST0404,Customer 0404,Shoes,Fashion,East,2,4000,7680.0,0.04,1211.28
2402,2025-05-08,CUST0367,Customer 0367,Chair,Furniture,North,2,7000,12880.0,0.08,3517.54
2403,2025-12-18,CUST0479,Customer 0479,Coffee,Grocery,North,2,500,870.0,0.13,81.98
2404,2025-07-19,CUST0293,Customer 0293,Desk,Furniture,West,3,12000,33120.0,0.08,6226.91
2405,2025-08-06,CUST0046,Customer 0046,Shoes,Fashion,East,3,4000,11160.0,0.07,1553.55
2406,2025-09-03,CUST0081,Customer 0081,Headphones,Electronics,South,2,3000,4980.0,0.17,1105.07
2407,2025-01-19,CUST0196,Customer 0196,Desk,Furniture,South,1,12000,10200.0,0.15,1017.9
2408,2025-02-17,CUST0316,Customer 0316,Oil,Grocery,East,5,1500,7425.0,0.01,723.46
2409,2025-08-20,CUST0077,Customer 0077,Chair,Furniture,South,2,7000,11620.0,0.17,1641.59
2410,2025-04-28,CUST0210,Customer 0210,Chair,Furniture,North,2,7000,12600.0,0.1,1650.59
2411,2025-11-14,CUST0027,Customer 0027,Coffee,Grocery,West,2,500,940.0,0.06,172.45
2412,2025-03-27,CUST0121,Customer 0121,Laptop,Electronics,North,2,65000,114400.0,0.12,11091.13
2413,2025-05-18,CUST0419,Customer 0419,Headphones,Electronics,East,5,3000,14700.0,0.02,2671.85
2414,2025-04-02,CUST0079,Customer 0079,Jeans,Fashion,South,2,2500,4750.0,0.05,389.14
2415,2025-05-20,CUST0263,Customer 0263,Laptop,Electronics,South,5,65000,292500.0,0.1,27058.3
2416,2025-03-27,CUST0025,Customer 0025,T-Shirt,Fashion,East,2,1200,1992.0,0.17,265.38
2417,2025-10-21,CUST0401,Customer 0401,Chair,Furniture,North,4,7000,26600.0,0.05,3152.95
2418,2025-05-08,CUST0083,Customer 0083,Rice,Grocery,West,5,1000,4250.0,0.15,402.71
2419,2025-03-11,CUST0001,Customer 0001,Chair,Furniture,West,4,7000,24920.0,0.11,4679.74
2420,2025-10-09,CUST0278,Customer 0278,Oil,Grocery,East,4,1500,4920.0,0.18,898.67
2421,2025-11-07,CUST0296,Customer 0296,Oil,Grocery,West,4,1500,5100.0,0.15,995.33
2422,2025-03-27,CUST0258,Customer 0258,T-Shirt,Fashion,East,2,1200,2016.0,0.16,253.04
2423,2025-06-02,CUST0060,Customer 0060,Coffee,Grocery,North,4,500,1840.0,0.08,268.44
2424,2025-06-11,CUST0250,Customer 0250,Keyboard,Electronics,South,1,2500,2400.0,0.04,601.24
2425,2025-08-19,CUST0443,Customer 0443,Coffee,Grocery,South,2,500,870.0,0.13,127.4
2426,2025-03-14,CUST0009,Customer 0009,Keyboard,Electronics,West,4,2500,9500.0,0.05,1594.41
2427,2025-07-10,CUST0452,Customer 0452,Keyboard,Electronics,South,4,2500,9700.0,0.03,2823.83
2428,2025-03-16,CUST0460,Customer 0460,Rice,Grocery,West,1,1000,940.0,0.06,86.19
2429,2025-07-17,CUST0455,Customer 0455,Rice,Grocery,West,4,1000,3920.0,0.02,567.1
2430,2025-01-21,CUST0479,Customer 0479,T-Shirt,Fashion,South,1,1200,1116.0,0.07,136.78
2431,2025-01-06,CUST0052,Customer 0052,Headphones,Electronics,South,5,3000,14250.0,0.05,1217.38
2432,2025-11-19,CUST0267,Customer 0267,Desk,Furniture,West,1,12000,10920.0,0.09,1676.1
2433,2025-06-27,CUST0319,Customer 0319,Desk,Furniture,North,3,12000,33480.0,0.07,8579.9
2434,2025-08-13,CUST0389,Customer 0389,T-Shirt,Fashion,North,4,1200,4080.0,0.15,358.85
2435,2025-03-20,CUST0478,Customer 0478,Shoes,Fashion,East,3,4000,10440.0,0.13,1845.47
2436,2025-03-15,CUST0073,Customer 0073,Keyboard,Electronics,South,1,2500,2200.0,0.12,309.47
2437,2025-01-22,CUST0023,Customer 0023,Chair,Furniture,South,1,7000,5670.0,0.19,696.21
2438,2025-08-02,CUST0410,Customer 0410,Headphones,Electronics,South,4,3000,10680.0,0.11,1453.9
2439,2025-01-01,CUST0034,Customer 0034,Headphones,Electronics,North,1,3000,2850.0,0.05,530.63
2440,2025-04-23,CUST0240,Customer 0240,Headphones,Electronics,East,4,3000,11760.0,0.02,2672.72
2441,2025-11-12,CUST0373,Customer 0373,Desk,Furniture,East,4,12000,38880.0,0.19,5317.94
2442,2025-11-20,CUST0341,Customer 0341,Desk,Furniture,East,5,12000,58200.0,0.03,13387.78
2443,2025-11-01,CUST0399,Customer 0399,Keyboard,Electronics,East,2,2500,4200.0,0.16,736.9
2444,2025-06-18,CUST0482,Customer 0482,Jeans,Fashion,West,3,2500,6750.0,0.1,1615.55
2445,2025-01-27,CUST0488,Customer 0488,Coffee,Grocery,South,3,500,1260.0,0.16,172.22
2446,2025-10-12,CUST0115,Customer 0115,Keyboard,Electronics,North,2,2500,4550.0,0.09,517.41
2447,2025-12-24,CUST0278,Customer 0278,Jeans,Fashion,East,3,2500,6900.0,0.08,1158.97
2448,2025-06-03,CUST0042,Customer 0042,Keyboard,Electronics,North,2,2500,4400.0,0.12,1270.14
2449,2025-06-10,CUST0475,Customer 0475,Laptop,Electronics,West,4,65000,239200.0,0.08,41878.39
2450,2025-08-31,CUST0016,Customer 0016,Desk,Furniture,West,3,12000,35280.0,0.02,4651.67
2451,2025-07-22,CUST0302,Customer 0302,Keyboard,Electronics,South,4,2500,9100.0,0.09,1198.69
2452,2025-11-09,CUST0412,Customer 0412,Headphones,Electronics,West,3,3000,8730.0,0.03,1326.71
2453,2025-02-12,CUST0052,Customer 0052,Phone,Electronics,West,1,30000,25200.0,0.16,2063.07
2454,2025-09-10,CUST0460,Customer 0460,Phone,Electronics,South,2,30000,48000.0,0.2,3862.04
2455,2025-01-17,CUST0069,Customer 0069,Chair,Furniture,East,3,7000,18060.0,0.14,5092.53
2456,2025-12-08,CUST0293,Customer 0293,Phone,Electronics,North,1,30000,29100.0,0.03,4311.13
2457,2025-01-20,CUST0299,Customer 0299,Phone,Electronics,South,1,30000,26400.0,0.12,6882.86
2458,2025-03-29,CUST0460,Customer 0460,Shoes,Fashion,North,4,4000,15680.0,0.02,3301.29
2459,2025-11-10,CUST0146,Customer 0146,Headphones,Electronics,South,1,3000,2730.0,0.09,730.35
2460,2025-11-26,CUST0398,Customer 0398,Oil,Grocery,East,5,1500,7350.0,0.02,1568.68
2461,2025-01-17,CUST0202,Customer 0202,Desk,Furniture,East,2,12000,20640.0,0.14,5330.48
2462,2025-09-18,CUST0157,Customer 0157,Chair,Furniture,East,4,7000,25760.0,0.08,7334.11
2463,2025-12-08,CUST0168,Customer 0168,Keyboard,Electronics,North,2,2500,4550.0,0.09,1067.94
2464,2025-02-10,CUST0031,Customer 0031,Coffee,Grocery,South,1,500,485.0,0.03,145.31
2465,2025-03-18,CUST0371,Customer 0371,Phone,Electronics,South,3,30000,76500.0,0.15,17694.43
2466,2025-09-04,CUST0223,Customer 0223,Shoes,Fashion,East,1,4000,3240.0,0.19,735.54
2467,2025-12-30,CUST0108,Customer 0108,T-Shirt,Fashion,East,1,1200,1116.0,0.07,185.23
2468,2025-02-03,CUST0026,Customer 0026,Laptop,Electronics,West,3,65000,179400.0,0.08,46420.49
2469,2025-12-04,CUST0495,Customer 0495,Shoes,Fashion,West,3,4000,10920.0,0.09,2833.43
2470,2025-12-04,CUST0162,Customer 0162,Coffee,Grocery,East,2,500,1000.0,0.0,252.31
2471,2025-08-01,CUST0048,Customer 0048,T-Shirt,Fashion,South,3,1200,3492.0,0.03,958.65
2472,2025-09-20,CUST0310,Customer 0310,T-Shirt,Fashion,West,3,1200,2952.0,0.18,704.27
2473,2025-01-20,CUST0395,Customer 0395,Laptop,Electronics,East,3,65000,167700.0,0.14,42938.9
2474,2025-06-22,CUST0002,Customer 0002,Phone,Electronics,South,4,30000,102000.0,0.15,29910.51
2475,2025-04-19,CUST0076,Customer 0076,Desk,Furniture,South,5,12000,57000.0,0.05,9459.26
2476,2025-08-11,CUST0395,Customer 0395,Oil,Grocery,East,1,1500,1365.0,0.09,325.15
2477,2025-10-03,CUST0387,Customer 0387,T-Shirt,Fashion,North,1,1200,1128.0,0.06,94.69
2478,2025-08-31,CUST0425,Customer 0425,Shoes,Fashion,South,4,4000,13120.0,0.18,2806.73
2479,2025-06-11,CUST0428,Customer 0428,Coffee,Grocery,North,2,500,910.0,0.09,132.92
2480,2025-04-28,CUST0343,Customer 0343,Coffee,Grocery,South,3,500,1380.0,0.08,111.7
2481,2025-01-21,CUST0114,Customer 0114,T-Shirt,Fashion,North,2,1200,2208.0,0.08,385.52
2482,2025-05-21,CUST0275,Customer 0275,Jeans,Fashion,East,4,2500,10000.0,0.0,2710.8
2483,2025-11-04,CUST0340,Customer 0340,Laptop,Electronics,East,4,65000,208000.0,0.2,26405.85
2484,2025-03-01,CUST0438,Customer 0438,Keyboard,Electronics,South,4,2500,8900.0,0.11,1355.37
2485,2025-01-08,CUST0351,Customer 0351,Shoes,Fashion,West,1,4000,3720.0,0.07,498.6
2486,2025-01-11,CUST0051,Customer 0051,Headphones,Electronics,East,3,3000,8730.0,0.03,1259.82
2487,2025-08-01,CUST0083,Customer 0083,Shoes,Fashion,East,2,4000,6800.0,0.15,1084.7
2488,2025-06-08,CUST0278,Customer 0278,Oil,Grocery,South,5,1500,6525.0,0.13,631.42
2489,2025-03-04,CUST0437,Customer 0437,Laptop,Electronics,East,2,65000,128700.0,0.01,32107.39
2490,2025-04-02,CUST0059,Customer 0059,T-Shirt,Fashion,West,3,1200,3528.0,0.02,876.78
2491,2025-09-19,CUST0063,Customer 0063,T-Shirt,Fashion,North,5,1200,5640.0,0.06,554.52
2492,2025-06-30,CUST0091,Customer 0091,Shoes,Fashion,North,2,4000,7120.0,0.11,961.63
2493,2025-11-14,CUST0412,Customer 0412,Phone,Electronics,South,1,30000,29100.0,0.03,4518.13
2494,2025-09-03,CUST0474,Customer 0474,Rice,Grocery,West,3,1000,2970.0,0.01,795.28
2495,2025-02-23,CUST0414,Customer 0414,Jeans,Fashion,West,4,2500,9600.0,0.04,1169.58
2496,2025-10-28,CUST0383,Customer 0383,Oil,Grocery,West,1,1500,1200.0,0.2,292.59
2497,2025-10-13,CUST0395,Customer 0395,T-Shirt,Fashion,North,4,1200,4512.0,0.06,727.12
2498,2025-01-19,CUST0232,Customer 0232,Keyboard,Electronics,East,1,2500,2225.0,0.11,186.38
2499,2025-11-29,CUST0174,Customer 0174,Shoes,Fashion,North,1,4000,3240.0,0.19,873.64
2500,2025-03-10,CUST0432,Customer 0432,Phone,Electronics,South,5,30000,135000.0,0.1,33553.92
2501,2025-08-31,CUST0254,Customer 0254,Jeans,Fashion,North,5,2500,10625.0,0.15,1646.39
2502,2025-11-23,CUST0163,Customer 0163,Keyboard,Electronics,North,3,2500,6675.0,0.11,1159.05
2503,2025-02-24,CUST0029,Customer 0029,Chair,Furniture,South,2,7000,12040.0,0.14,3123.81
2504,2025-05-24,CUST0175,Customer 0175,Shoes,Fashion,West,1,4000,3200.0,0.2,512.1
2505,2025-06-07,CUST0379,Customer 0379,Chair,Furniture,East,4,7000,28000.0,0.0,8284.52
2506,2025-04-05,CUST0365,Customer 0365,Phone,Electronics,North,2,30000,48600.0,0.19,10334.28
2507,2025-07-05,CUST0059,Customer 0059,Phone,Electronics,North,3,30000,76500.0,0.15,11477.19
2508,2025-04-04,CUST0296,Customer 0296,Keyboard,Electronics,East,5,2500,10500.0,0.16,1374.81
2509,2025-06-09,CUST0431,Customer 0431,Jeans,Fashion,East,5,2500,10250.0,0.18,999.64
2510,2025-10-10,CUST0337,Customer 0337,Chair,Furniture,North,1,7000,5740.0,0.18,1409.21
2511,2025-06-09,CUST0471,Customer 0471,Shoes,Fashion,North,1,4000,3480.0,0.13,484.38
2512,2025-03-12,CUST0036,Customer 0036,Phone,Electronics,North,5,30000,150000.0,0.0,41416.28
2513,2025-08-29,CUST0415,Customer 0415,Desk,Furniture,South,4,12000,42720.0,0.11,5901.43
2514,2025-02-11,CUST0172,Customer 0172,Headphones,Electronics,North,2,3000,5220.0,0.13,1071.06
2515,2025-11-19,CUST0416,Customer 0416,Laptop,Electronics,South,4,65000,249600.0,0.04,58854.56
2516,2025-12-16,CUST0261,Customer 0261,Keyboard,Electronics,East,4,2500,10000.0,0.0,1950.55
2517,2025-10-23,CUST0407,Customer 0407,Oil,Grocery,West,2,1500,2700.0,0.1,357.32
2518,2025-04-19,CUST0314,Customer 0314,Rice,Grocery,East,4,1000,3840.0,0.04,753.07
2519,2025-03-11,CUST0208,Customer 0208,Coffee,Grocery,South,4,500,1640.0,0.18,234.99
2520,2025-11-12,CUST0439,Customer 0439,Phone,Electronics,North,4,30000,114000.0,0.05,24299.82
2521,2025-02-28,CUST0208,Customer 0208,Coffee,Grocery,South,2,500,850.0,0.15,197.27
2522,2025-11-25,CUST0298,Customer 0298,Phone,Electronics,South,2,30000,58200.0,0.03,5170.8
2523,2025-01-24,CUST0375,Customer 0375,Phone,Electronics,North,4,30000,116400.0,0.03,14898.02
2524,2025-10-22,CUST0002,Customer 0002,Rice,Grocery,North,2,1000,1720.0,0.14,451.66
2525,2025-07-31,CUST0055,Customer 0055,Desk,Furniture,North,2,12000,21840.0,0.09,2453.45
2526,2025-07-08,CUST0167,Customer 0167,Shoes,Fashion,West,4,4000,13920.0,0.13,3197.0
2527,2025-12-06,CUST0104,Customer 0104,Rice,Grocery,South,2,1000,1920.0,0.04,302.78
2528,2025-09-08,CUST0251,Customer 0251,Chair,Furniture,West,4,7000,27720.0,0.01,2236.25
2529,2025-03-23,CUST0032,Customer 0032,Laptop,Electronics,North,4,65000,234000.0,0.1,29213.68
2530,2025-05-28,CUST0073,Customer 0073,Chair,Furniture,West,3,7000,20160.0,0.04,5023.71
2531,2025-09-29,CUST0034,Customer 0034,Coffee,Grocery,West,4,500,1860.0,0.07,412.43
2532,2025-04-13,CUST0353,Customer 0353,Chair,Furniture,West,4,7000,22680.0,0.19,3159.79
2533,2025-04-23,CUST0225,Customer 0225,Headphones,Electronics,West,1,3000,2520.0,0.16,559.31
2534,2025-04-23,CUST0486,Customer 0486,Jeans,Fashion,East,5,2500,10875.0,0.13,1216.18
2535,2025-07-09,CUST0268,Customer 0268,Chair,Furniture,East,1,7000,6650.0,0.05,1495.08
2536,2025-07-26,CUST0011,Customer 0011,Phone,Electronics,East,5,30000,121500.0,0.19,12583.29
2537,2025-05-10,CUST0415,Customer 0415,Keyboard,Electronics,South,5,2500,10375.0,0.17,2141.1
2538,2025-11-18,CUST0255,Customer 0255,Jeans,Fashion,West,1,2500,2425.0,0.03,204.44
2539,2025-10-18,CUST0175,Customer 0175,Laptop,Electronics,East,4,65000,249600.0,0.04,25924.1
2540,2025-08-06,CUST0129,Customer 0129,Oil,Grocery,East,3,1500,3960.0,0.12,864.65
2541,2025-02-19,CUST0195,Customer 0195,T-Shirt,Fashion,North,5,1200,5760.0,0.04,771.12
2542,2025-06-22,CUST0183,Customer 0183,T-Shirt,Fashion,West,2,1200,2136.0,0.11,402.62
2543,2025-10-15,CUST0009,Customer 0009,Oil,Grocery,South,1,1500,1470.0,0.02,407.34
2544,2025-07-30,CUST0444,Customer 0444,Laptop,Electronics,North,2,65000,118300.0,0.09,23387.41
2545,2025-02-22,CUST0349,Customer 0349,Jeans,Fashion,South,4,2500,8600.0,0.14,1105.63
2546,2025-04-22,CUST0190,Customer 0190,Phone,Electronics,West,1,30000,28500.0,0.05,8037.14
2547,2025-03-03,CUST0144,Customer 0144,Rice,Grocery,North,5,1000,4100.0,0.18,1133.58
2548,2025-06-24,CUST0473,Customer 0473,Keyboard,Electronics,South,5,2500,12250.0,0.02,3150.6
2549,2025-01-23,CUST0244,Customer 0244,Oil,Grocery,North,3,1500,4005.0,0.11,899.54
2550,2025-09-08,CUST0419,Customer 0419,Keyboard,Electronics,South,4,2500,8200.0,0.18,836.57
2551,2025-10-22,CUST0143,Customer 0143,Laptop,Electronics,West,4,65000,223600.0,0.14,63865.54
2552,2025-10-12,CUST0357,Customer 0357,Headphones,Electronics,North,1,3000,2550.0,0.15,754.18
2553,2025-12-08,CUST0141,Customer 0141,Keyboard,Electronics,North,2,2500,4200.0,0.16,552.42
2554,2025-04-02,CUST0101,Customer 0101,Keyboard,Electronics,West,2,2500,4850.0,0.03,879.73
2555,2025-04-26,CUST0317,Customer 0317,Headphones,Electronics,South,1,3000,2940.0,0.02,825.24
2556,2025-07-07,CUST0322,Customer 0322,Chair,Furniture,South,4,7000,27160.0,0.03,2550.84
2557,2025-08-31,CUST0194,Customer 0194,Laptop,Electronics,West,2,65000,120900.0,0.07,23849.52
2558,2025-02-25,CUST0044,Customer 0044,Headphones,Electronics,West,2,3000,5940.0,0.01,1017.59
2559,2025-04-28,CUST0359,Customer 0359,Headphones,Electronics,East,3,3000,7740.0,0.14,1834.53
2560,2025-08-20,CUST0081,Customer 0081,Coffee,Grocery,West,5,500,2175.0,0.13,277.16
2561,2025-08-06,CUST0089,Customer 0089,Coffee,Grocery,South,4,500,1880.0,0.06,258.03
2562,2025-01-11,CUST0101,Customer 0101,Shoes,Fashion,North,3,4000,11040.0,0.08,2183.7
2563,2025-10-25,CUST0060,Customer 0060,Oil,Grocery,North,2,1500,2460.0,0.18,321.13
2564,2025-10-14,CUST0246,Customer 0246,Shoes,Fashion,North,5,4000,17200.0,0.14,4466.41
2565,2025-09-23,CUST0093,Customer 0093,Jeans,Fashion,North,2,2500,4200.0,0.16,558.21
2566,2025-09-18,CUST0440,Customer 0440,Coffee,Grocery,North,5,500,2050.0,0.18,272.91
2567,2025-06-23,CUST0269,Customer 0269,Jeans,Fashion,South,1,2500,2375.0,0.05,363.51
2568,2025-04-02,CUST0023,Customer 0023,Shoes,Fashion,South,4,4000,13280.0,0.17,1662.21
2569,2025-12-24,CUST0326,Customer 0326,Phone,Electronics,West,5,30000,145500.0,0.03,25799.55
2570,2025-11-21,CUST0280,Customer 0280,Phone,Electronics,East,3,30000,81900.0,0.09,18828.36
2571,2025-01-16,CUST0017,Customer 0017,Laptop,Electronics,North,1,65000,54600.0,0.16,12666.89
2572,2025-02-12,CUST0166,Customer 0166,Headphones,Electronics,West,5,3000,14700.0,0.02,3400.85
2573,2025-02-20,CUST0225,Customer 0225,Jeans,Fashion,North,3,2500,7425.0,0.01,1624.49
2574,2025-03-18,CUST0181,Customer 0181,Desk,Furniture,East,4,12000,41760.0,0.13,10641.77
2575,2025-05-30,CUST0134,Customer 0134,Headphones,Electronics,West,1,3000,2670.0,0.11,300.5
2576,2025-05-28,CUST0252,Customer 0252,Jeans,Fashion,East,1,2500,2425.0,0.03,633.79
2577,2025-09-14,CUST0319,Customer 0319,Laptop,Electronics,West,3,65000,179400.0,0.08,15945.84
2578,2025-08-28,CUST0014,Customer 0014,Laptop,Electronics,South,5,65000,321750.0,0.01,72602.3
2579,2025-07-13,CUST0177,Customer 0177,Rice,Grocery,East,3,1000,2940.0,0.02,703.42
2580,2025-09-29,CUST0077,Customer 0077,Shoes,Fashion,South,4,4000,14240.0,0.11,1877.92
2581,2025-05-18,CUST0262,Customer 0262,Keyboard,Electronics,East,3,2500,6975.0,0.07,633.19
2582,2025-03-29,CUST0402,Customer 0402,Coffee,Grocery,North,4,500,1700.0,0.15,342.65
2583,2025-11-17,CUST0241,Customer 0241,Laptop,Electronics,West,4,65000,249600.0,0.04,42491.99
2584,2025-11-13,CUST0182,Customer 0182,Laptop,Electronics,South,5,65000,273000.0,0.16,79083.51
2585,2025-03-06,CUST0034,Customer 0034,Laptop,Electronics,West,3,65000,163800.0,0.16,46550.4
2586,2025-05-10,CUST0428,Customer 0428,Jeans,Fashion,North,1,2500,2050.0,0.18,576.77
2587,2025-05-14,CUST0321,Customer 0321,Oil,Grocery,West,3,1500,3645.0,0.19,807.85
2588,2025-09-13,CUST0451,Customer 0451,Keyboard,Electronics,South,5,2500,12000.0,0.04,2856.0
2589,2025-09-28,CUST0332,Customer 0332,Phone,Electronics,North,4,30000,114000.0,0.05,13003.91
2590,2025-03-14,CUST0357,Customer 0357,Shoes,Fashion,East,5,4000,17200.0,0.14,4123.14
2591,2025-07-28,CUST0153,Customer 0153,Headphones,Electronics,South,1,3000,2850.0,0.05,491.21
2592,2025-07-08,CUST0370,Customer 0370,Oil,Grocery,East,5,1500,6825.0,0.09,702.3
2593,2025-02-12,CUST0237,Customer 0237,Laptop,Electronics,West,4,65000,244400.0,0.06,72363.38
2594,2025-03-22,CUST0182,Customer 0182,Desk,Furniture,West,3,12000,29880.0,0.17,2668.59
2595,2025-04-28,CUST0370,Customer 0370,Rice,Grocery,East,3,1000,2790.0,0.07,642.54
2596,2025-04-09,CUST0492,Customer 0492,Oil,Grocery,East,1,1500,1305.0,0.13,239.29
2597,2025-07-30,CUST0406,Customer 0406,Chair,Furniture,North,3,7000,18900.0,0.1,5503.56
2598,2025-04-26,CUST0375,Customer 0375,Phone,Electronics,South,3,30000,85500.0,0.05,19958.21
2599,2025-05-22,CUST0170,Customer 0170,Oil,Grocery,North,2,1500,2730.0,0.09,717.95
2600,2025-12-11,CUST0353,Customer 0353,Desk,Furniture,East,1,12000,11280.0,0.06,2488.34
2601,2025-05-03,CUST0105,Customer 0105,Keyboard,Electronics,South,2,2500,4050.0,0.19,1058.13
2602,2025-09-27,CUST0132,Customer 0132,Coffee,Grocery,South,3,500,1230.0,0.18,131.46
2603,2025-03-14,CUST0413,Customer 0413,Phone,Electronics,West,1,30000,29400.0,0.02,6231.86
2604,2025-03-05,CUST0279,Customer 0279,Laptop,Electronics,North,5,65000,260000.0,0.2,34590.71
2605,2025-11-20,CUST0348,Customer 0348,Keyboard,Electronics,East,4,2500,9600.0,0.04,1623.35
2606,2025-04-26,CUST0021,Customer 0021,Shoes,Fashion,West,1,4000,3440.0,0.14,998.86
2607,2025-06-17,CUST0200,Customer 0200,Phone,Electronics,North,4,30000,97200.0,0.19,26131.56
2608,2025-01-06,CUST0467,Customer 0467,Headphones,Electronics,North,2,3000,5040.0,0.16,1508.97
2609,2025-10-28,CUST0055,Customer 0055,Desk,Furniture,North,4,12000,47040.0,0.02,5086.88
2610,2025-05-06,CUST0353,Customer 0353,Shoes,Fashion,East,3,4000,10920.0,0.09,2562.1
2611,2025-05-26,CUST0422,Customer 0422,Coffee,Grocery,North,1,500,405.0,0.19,113.3
2612,2025-11-14,CUST0349,Customer 0349,Keyboard,Electronics,South,4,2500,9300.0,0.07,2364.6
2613,2025-01-30,CUST0040,Customer 0040,Chair,Furniture,East,5,7000,34650.0,0.01,3710.95
2614,2025-02-25,CUST0277,Customer 0277,Chair,Furniture,East,2,7000,13300.0,0.05,2614.45
2615,2025-01-14,CUST0301,Customer 0301,Headphones,Electronics,South,4,3000,11520.0,0.04,2987.0
2616,2025-04-21,CUST0311,Customer 0311,Coffee,Grocery,East,5,500,2425.0,0.03,322.12
2617,2025-06-21,CUST0173,Customer 0173,Shoes,Fashion,East,1,4000,3920.0,0.02,1118.89
2618,2025-03-08,CUST0267,Customer 0267,Jeans,Fashion,East,4,2500,8100.0,0.19,724.36
2619,2025-11-19,CUST0011,Customer 0011,Desk,Furniture,West,2,12000,21600.0,0.1,3607.4
2620,2025-01-24,CUST0266,Customer 0266,Oil,Grocery,North,1,1500,1470.0,0.02,159.25
2621,2025-01-22,CUST0484,Customer 0484,Keyboard,Electronics,West,1,2500,2250.0,0.1,280.58
2622,2025-07-23,CUST0453,Customer 0453,Coffee,Grocery,West,1,500,420.0,0.16,104.08
2623,2025-03-20,CUST0351,Customer 0351,T-Shirt,Fashion,North,1,1200,1128.0,0.06,275.16
2624,2025-03-31,CUST0394,Customer 0394,Keyboard,Electronics,West,3,2500,6150.0,0.18,973.39
2625,2025-09-18,CUST0282,Customer 0282,Headphones,Electronics,West,4,3000,10680.0,0.11,1994.86
2626,2025-08-06,CUST0391,Customer 0391,Jeans,Fashion,East,2,2500,4400.0,0.12,1304.43
2627,2025-05-29,CUST0384,Customer 0384,Laptop,Electronics,North,1,65000,61750.0,0.05,17117.06
2628,2025-09-28,CUST0230,Customer 0230,Keyboard,Electronics,South,3,2500,7050.0,0.06,1303.65
2629,2025-07-28,CUST0024,Customer 0024,Keyboard,Electronics,North,2,2500,4350.0,0.13,936.08
2630,2025-01-28,CUST0053,Customer 0053,Rice,Grocery,North,3,1000,2730.0,0.09,635.2
2631,2025-09-17,CUST0189,Customer 0189,Coffee,Grocery,East,5,500,2150.0,0.14,551.95
2632,2025-10-21,CUST0094,Customer 0094,Laptop,Electronics,South,4,65000,208000.0,0.2,43313.46
2633,2025-07-26,CUST0388,Customer 0388,Coffee,Grocery,West,5,500,2200.0,0.12,478.97
2634,2025-12-03,CUST0152,Customer 0152,Jeans,Fashion,West,5,2500,10625.0,0.15,2593.82
2635,2025-02-15,CUST0456,Customer 0456,Jeans,Fashion,West,3,2500,7275.0,0.03,1836.04
2636,2025-11-23,CUST0488,Customer 0488,Coffee,Grocery,East,2,500,970.0,0.03,198.24
2637,2025-01-11,CUST0396,Customer 0396,Jeans,Fashion,South,3,2500,6675.0,0.11,1697.49
2638,2025-03-31,CUST0456,Customer 0456,Keyboard,Electronics,South,1,2500,2400.0,0.04,604.02
2639,2025-05-31,CUST0400,Customer 0400,Headphones,Electronics,North,4,3000,11040.0,0.08,2242.96
2640,2025-07-28,CUST0319,Customer 0319,Oil,Grocery,West,1,1500,1200.0,0.2,220.87
2641,2025-11-24,CUST0061,Customer 0061,T-Shirt,Fashion,West,4,1200,3888.0,0.19,337.15
2642,2025-03-31,CUST0384,Customer 0384,Keyboard,Electronics,South,3,2500,6675.0,0.11,1994.71
2643,2025-09-24,CUST0311,Customer 0311,Keyboard,Electronics,East,3,2500,6525.0,0.13,1386.75
2644,2025-11-29,CUST0125,Customer 0125,Jeans,Fashion,North,2,2500,4350.0,0.13,885.02
2645,2025-05-26,CUST0424,Customer 0424,Laptop,Electronics,North,3,65000,157950.0,0.19,43468.19
2646,2025-03-14,CUST0462,Customer 0462,Oil,Grocery,South,5,1500,6600.0,0.12,1023.63
2647,2025-07-27,CUST0303,Customer 0303,Desk,Furniture,East,5,12000,51600.0,0.14,9056.42
2648,2025-02-17,CUST0402,Customer 0402,Jeans,Fashion,North,4,2500,8900.0,0.11,1386.96
2649,2025-04-21,CUST0008,Customer 0008,Jeans,Fashion,South,4,2500,8400.0,0.16,853.57
2650,2025-04-08,CUST0414,Customer 0414,Jeans,Fashion,North,3,2500,6675.0,0.11,1973.83
2651,2025-05-09,CUST0432,Customer 0432,Keyboard,Electronics,East,3,2500,6900.0,0.08,778.11
2652,2025-09-18,CUST0140,Customer 0140,Rice,Grocery,South,1,1000,830.0,0.17,218.42
2653,2025-09-02,CUST0386,Customer 0386,Keyboard,Electronics,West,1,2500,2500.0,0.0,668.71
2654,2025-11-04,CUST0201,Customer 0201,Shoes,Fashion,West,1,4000,3200.0,0.2,338.22
2655,2025-09-15,CUST0104,Customer 0104,Phone,Electronics,East,1,30000,26100.0,0.13,6763.79
2656,2025-01-14,CUST0025,Customer 0025,Phone,Electronics,East,4,30000,106800.0,0.11,22925.14
2657,2025-02-11,CUST0151,Customer 0151,Rice,Grocery,North,5,1000,4950.0,0.01,1199.39
2658,2025-08-21,CUST0209,Customer 0209,Headphones,Electronics,West,5,3000,14400.0,0.04,2997.24
2659,2025-11-25,CUST0211,Customer 0211,Rice,Grocery,East,2,1000,1980.0,0.01,318.86
2660,2025-05-19,CUST0009,Customer 0009,T-Shirt,Fashion,South,4,1200,4368.0,0.09,619.95
2661,2025-01-30,CUST0366,Customer 0366,T-Shirt,Fashion,West,2,1200,2040.0,0.15,505.62
2662,2025-12-10,CUST0067,Customer 0067,Coffee,Grocery,North,2,500,930.0,0.07,188.05
2663,2025-09-09,CUST0372,Customer 0372,Rice,Grocery,South,4,1000,3280.0,0.18,928.5
2664,2025-10-17,CUST0359,Customer 0359,Coffee,Grocery,West,1,500,425.0,0.15,58.64
2665,2025-09-26,CUST0346,Customer 0346,Jeans,Fashion,South,3,2500,7425.0,0.01,912.97
2666,2025-08-21,CUST0119,Customer 0119,Phone,Electronics,South,2,30000,48600.0,0.19,7247.43
2667,2025-04-14,CUST0177,Customer 0177,Shoes,Fashion,West,1,4000,3640.0,0.09,1033.68
2668,2025-01-06,CUST0105,Customer 0105,Headphones,Electronics,West,1,3000,2940.0,0.02,340.88
2669,2025-02-27,CUST0113,Customer 0113,Shoes,Fashion,East,2,4000,6640.0,0.17,1962.12
2670,2025-03-09,CUST0240,Customer 0240,T-Shirt,Fashion,North,5,1200,5340.0,0.11,832.47
2671,2025-04-08,CUST0112,Customer 0112,T-Shirt,Fashion,East,1,1200,984.0,0.18,196.74
2672,2025-05-16,CUST0304,Customer 0304,Laptop,Electronics,South,2,65000,107900.0,0.17,16299.91
2673,2025-07-22,CUST0151,Customer 0151,Jeans,Fashion,East,1,2500,2025.0,0.19,204.11
2674,2025-05-26,CUST0028,Customer 0028,Keyboard,Electronics,North,4,2500,9600.0,0.04,1296.27
2675,2025-07-23,CUST0241,Customer 0241,Jeans,Fashion,West,1,2500,2025.0,0.19,565.2
2676,2025-12-08,CUST0263,Customer 0263,Headphones,Electronics,North,2,3000,5880.0,0.02,1549.21
2677,2025-09-09,CUST0458,Customer 0458,Coffee,Grocery,South,5,500,2075.0,0.17,212.72
2678,2025-05-14,CUST0266,Customer 0266,Shoes,Fashion,West,2,4000,7120.0,0.11,1102.39
2679,2025-12-18,CUST0311,Customer 0311,T-Shirt,Fashion,South,2,1200,2040.0,0.15,552.12
2680,2025-10-04,CUST0125,Customer 0125,Phone,Electronics,East,5,30000,144000.0,0.04,33110.93
2681,2025-07-29,CUST0015,Customer 0015,Desk,Furniture,North,2,12000,21360.0,0.11,3821.76
2682,2025-09-10,CUST0403,Customer 0403,Oil,Grocery,West,5,1500,6675.0,0.11,1468.92
2683,2025-12-15,CUST0475,Customer 0475,Phone,Electronics,West,4,30000,108000.0,0.1,10091.47
2684,2025-05-01,CUST0461,Customer 0461,Shoes,Fashion,North,5,4000,16800.0,0.16,1885.63
2685,2025-07-06,CUST0392,Customer 0392,Laptop,Electronics,South,4,65000,231400.0,0.11,22806.22
2686,2025-04-03,CUST0115,Customer 0115,Rice,Grocery,West,3,1000,2790.0,0.07,320.93
2687,2025-12-14,CUST0448,Customer 0448,Rice,Grocery,West,3,1000,3000.0,0.0,461.13
2688,2025-02-23,CUST0352,Customer 0352,Chair,Furniture,South,4,7000,24920.0,0.11,6009.4
2689,2025-02-07,CUST0293,Customer 0293,Headphones,Electronics,North,3,3000,8010.0,0.11,2348.22
2690,2025-10-13,CUST0303,Customer 0303,Jeans,Fashion,East,3,2500,7125.0,0.05,1547.24
2691,2025-10-07,CUST0445,Customer 0445,Laptop,Electronics,East,2,65000,126100.0,0.03,35571.41
2692,2025-01-18,CUST0488,Customer 0488,Coffee,Grocery,East,2,500,870.0,0.13,173.39
2693,2025-09-17,CUST0497,Customer 0497,Chair,Furniture,North,2,7000,13160.0,0.06,2806.13
2694,2025-11-28,CUST0044,Customer 0044,Chair,Furniture,West,3,7000,19110.0,0.09,3823.0
2695,2025-01-19,CUST0356,Customer 0356,Rice,Grocery,South,4,1000,3920.0,0.02,1110.16
2696,2025-10-06,CUST0206,Customer 0206,T-Shirt,Fashion,South,4,1200,4320.0,0.1,858.12
2697,2025-01-14,CUST0479,Customer 0479,Coffee,Grocery,North,4,500,1900.0,0.05,478.14
2698,2025-11-18,CUST0340,Customer 0340,T-Shirt,Fashion,South,4,1200,4224.0,0.12,795.56
2699,2025-11-16,CUST0295,Customer 0295,Shoes,Fashion,South,5,4000,18000.0,0.1,4788.22
2700,2025-06-13,CUST0265,Customer 0265,Coffee,Grocery,East,2,500,900.0,0.1,220.45
2701,2025-12-15,CUST0269,Customer 0269,Laptop,Electronics,South,4,65000,226200.0,0.13,52051.9
2702,2025-07-08,CUST0027,Customer 0027,Oil,Grocery,East,3,1500,3690.0,0.18,833.89
2703,2025-07-19,CUST0196,Customer 0196,Oil,Grocery,North,5,1500,6975.0,0.07,1258.71
2704,2025-01-16,CUST0345,Customer 0345,Phone,Electronics,East,2,30000,56400.0,0.06,11234.28
2705,2025-07-11,CUST0138,Customer 0138,Chair,Furniture,West,2,7000,11340.0,0.19,1888.09
2706,2025-04-11,CUST0072,Customer 0072,Desk,Furniture,South,5,12000,56400.0,0.06,12432.04
2707,2025-12-16,CUST0273,Customer 0273,Oil,Grocery,South,5,1500,6225.0,0.17,1579.27
2708,2025-04-10,CUST0280,Customer 0280,Coffee,Grocery,North,1,500,465.0,0.07,54.02
2709,2025-12-17,CUST0349,Customer 0349,Desk,Furniture,West,2,12000,21360.0,0.11,3296.6
2710,2025-04-02,CUST0468,Customer 0468,Desk,Furniture,West,4,12000,46560.0,0.03,9619.18
2711,2025-10-29,CUST0114,Customer 0114,Oil,Grocery,East,2,1500,2790.0,0.07,596.35
2712,2025-02-22,CUST0115,Customer 0115,Jeans,Fashion,East,1,2500,2225.0,0.11,369.5
2713,2025-01-14,CUST0488,Customer 0488,Rice,Grocery,East,4,1000,3600.0,0.1,1045.36
2714,2025-01-09,CUST0313,Customer 0313,Desk,Furniture,East,4,12000,40800.0,0.15,5842.85
2715,2025-04-25,CUST0004,Customer 0004,Keyboard,Electronics,North,3,2500,6525.0,0.13,694.23
2716,2025-02-27,CUST0468,Customer 0468,T-Shirt,Fashion,East,5,1200,5400.0,0.1,487.71
2717,2025-10-25,CUST0121,Customer 0121,Chair,Furniture,West,1,7000,6860.0,0.02,1098.49
2718,2025-06-07,CUST0046,Customer 0046,Desk,Furniture,East,3,12000,32760.0,0.09,4975.88
2719,2025-04-14,CUST0055,Customer 0055,Keyboard,Electronics,West,2,2500,4650.0,0.07,1278.48
2720,2025-09-01,CUST0373,Customer 0373,Jeans,Fashion,East,1,2500,2375.0,0.05,412.72
2721,2025-01-24,CUST0009,Customer 0009,Coffee,Grocery,North,3,500,1215.0,0.19,137.21
2722,2025-05-26,CUST0487,Customer 0487,Phone,Electronics,West,1,30000,25200.0,0.16,2999.09
2723,2025-11-12,CUST0271,Customer 0271,Phone,Electronics,South,5,30000,135000.0,0.1,27476.12
2724,2025-09-02,CUST0004,Customer 0004,Chair,Furniture,East,3,7000,20370.0,0.03,5415.05
2725,2025-07-25,CUST0084,Customer 0084,Headphones,Electronics,West,3,3000,8010.0,0.11,2249.5
2726,2025-08-02,CUST0030,Customer 0030,Desk,Furniture,West,5,12000,54000.0,0.1,13732.47
2727,2025-10-03,CUST0227,Customer 0227,Chair,Furniture,East,3,7000,17430.0,0.17,1924.41
2728,2025-09-19,CUST0173,Customer 0173,Oil,Grocery,West,3,1500,4005.0,0.11,619.57
2729,2025-07-06,CUST0408,Customer 0408,Desk,Furniture,East,5,12000,56400.0,0.06,10741.2
2730,2025-11-11,CUST0467,Customer 0467,Phone,Electronics,East,1,30000,25200.0,0.16,4389.43
2731,2025-01-14,CUST0070,Customer 0070,Laptop,Electronics,East,1,65000,64350.0,0.01,16496.56
2732,2025-11-24,CUST0118,Customer 0118,Coffee,Grocery,North,2,500,990.0,0.01,130.69
2733,2025-06-16,CUST0445,Customer 0445,Desk,Furniture,West,1,12000,11520.0,0.04,1742.69
2734,2025-01-18,CUST0268,Customer 0268,Keyboard,Electronics,North,4,2500,8900.0,0.11,1068.65
2735,2025-05-26,CUST0156,Customer 0156,Chair,Furniture,West,5,7000,31500.0,0.1,5174.66
2736,2025-03-15,CUST0256,Customer 0256,Oil,Grocery,West,2,1500,2760.0,0.08,766.59
2737,2025-05-30,CUST0330,Customer 0330,Shoes,Fashion,South,2,4000,6800.0,0.15,738.09
2738,2025-07-08,CUST0148,Customer 0148,Keyboard,Electronics,South,1,2500,2225.0,0.11,572.24
2739,2025-12-29,CUST0279,Customer 0279,Phone,Electronics,South,2,30000,57600.0,0.04,5405.27
2740,2025-11-07,CUST0074,Customer 0074,Rice,Grocery,North,1,1000,870.0,0.13,189.05
2741,2025-07-13,CUST0379,Customer 0379,Laptop,Electronics,West,1,65000,58500.0,0.1,10025.79
2742,2025-03-23,CUST0105,Customer 0105,Oil,Grocery,South,5,1500,6825.0,0.09,582.37
2743,2025-08-30,CUST0207,Customer 0207,Jeans,Fashion,South,1,2500,2175.0,0.13,258.67
2744,2025-06-29,CUST0246,Customer 0246,T-Shirt,Fashion,East,3,1200,3420.0,0.05,1005.91
2745,2025-09-05,CUST0070,Customer 0070,Shoes,Fashion,East,2,4000,6640.0,0.17,1907.47
2746,2025-03-14,CUST0317,Customer 0317,Phone,Electronics,West,5,30000,126000.0,0.16,33777.25
2747,2025-07-15,CUST0461,Customer 0461,Rice,Grocery,North,5,1000,4750.0,0.05,486.85
2748,2025-10-09,CUST0445,Customer 0445,Headphones,Electronics,South,4,3000,9720.0,0.19,2157.77
2749,2025-02-02,CUST0235,Customer 0235,Rice,Grocery,South,2,1000,1920.0,0.04,486.12
2750,2025-10-17,CUST0336,Customer 0336,Coffee,Grocery,East,2,500,810.0,0.19,229.83
2751,2025-04-04,CUST0089,Customer 0089,Headphones,Electronics,South,5,3000,12150.0,0.19,3403.47
2752,2025-07-30,CUST0452,Customer 0452,Headphones,Electronics,North,1,3000,2550.0,0.15,652.47
2753,2025-11-24,CUST0156,Customer 0156,Keyboard,Electronics,South,5,2500,11125.0,0.11,1468.72
2754,2025-06-16,CUST0335,Customer 0335,Desk,Furniture,South,2,12000,20160.0,0.16,5408.0
2755,2025-06-13,CUST0285,Customer 0285,Chair,Furniture,West,3,7000,19320.0,0.08,3624.48
2756,2025-09-10,CUST0113,Customer 0113,Headphones,Electronics,East,4,3000,11280.0,0.06,3239.81
2757,2025-05-14,CUST0444,Customer 0444,Chair,Furniture,North,5,7000,29400.0,0.16,7364.25
2758,2025-04-03,CUST0458,Customer 0458,T-Shirt,Fashion,West,5,1200,5040.0,0.16,1357.45
2759,2025-01-02,CUST0096,Customer 0096,Coffee,Grocery,East,2,500,910.0,0.09,105.25
2760,2025-05-07,CUST0342,Customer 0342,Coffee,Grocery,North,4,500,1700.0,0.15,476.59
2761,2025-04-20,CUST0252,Customer 0252,Oil,Grocery,South,3,1500,4365.0,0.03,1262.67
2762,2025-03-08,CUST0077,Customer 0077,Laptop,Electronics,North,1,65000,63050.0,0.03,10097.31
2763,2025-10-08,CUST0097,Customer 0097,Headphones,Electronics,West,1,3000,2460.0,0.18,340.39
2764,2025-11-07,CUST0416,Customer 0416,Rice,Grocery,West,4,1000,3600.0,0.1,688.68
2765,2025-06-28,CUST0351,Customer 0351,Keyboard,Electronics,South,3,2500,6525.0,0.13,1035.0
2766,2025-11-23,CUST0274,Customer 0274,Shoes,Fashion,North,1,4000,3360.0,0.16,950.75
2767,2025-04-14,CUST0009,Customer 0009,Chair,Furniture,North,3,7000,19950.0,0.05,3298.28
2768,2025-10-21,CUST0438,Customer 0438,Coffee,Grocery,South,3,500,1470.0,0.02,139.08
2769,2025-04-18,CUST0447,Customer 0447,Oil,Grocery,North,5,1500,6150.0,0.18,1665.85
2770,2025-03-18,CUST0330,Customer 0330,Coffee,Grocery,East,2,500,840.0,0.16,202.06
2771,2025-12-06,CUST0013,Customer 0013,Phone,Electronics,South,3,30000,86400.0,0.04,12180.72
2772,2025-01-30,CUST0314,Customer 0314,Keyboard,Electronics,North,1,2500,2200.0,0.12,656.21
2773,2025-04-18,CUST0352,Customer 0352,Coffee,Grocery,South,4,500,1960.0,0.02,573.95
2774,2025-07-23,CUST0025,Customer 0025,Rice,Grocery,South,2,1000,1700.0,0.15,179.22
2775,2025-03-02,CUST0444,Customer 0444,Rice,Grocery,South,4,1000,3680.0,0.08,903.75
2776,2025-01-28,CUST0059,Customer 0059,Coffee,Grocery,North,1,500,490.0,0.02,80.44
2777,2025-03-08,CUST0468,Customer 0468,Headphones,Electronics,West,1,3000,2940.0,0.02,701.98
2778,2025-03-11,CUST0371,Customer 0371,Desk,Furniture,South,5,12000,51000.0,0.15,14541.56
2779,2025-11-15,CUST0383,Customer 0383,Oil,Grocery,West,2,1500,2970.0,0.01,611.27
2780,2025-07-14,CUST0173,Customer 0173,Keyboard,Electronics,East,5,2500,12500.0,0.0,1491.8
2781,2025-09-24,CUST0054,Customer 0054,Headphones,Electronics,North,3,3000,8640.0,0.04,862.46
2782,2025-10-13,CUST0350,Customer 0350,Shoes,Fashion,North,5,4000,19400.0,0.03,2990.98
2783,2025-10-23,CUST0341,Customer 0341,Desk,Furniture,South,2,12000,23280.0,0.03,3330.83
2784,2025-01-09,CUST0431,Customer 0431,Coffee,Grocery,East,2,500,860.0,0.14,138.18
2785,2025-07-14,CUST0430,Customer 0430,Phone,Electronics,East,1,30000,25200.0,0.16,3205.84
2786,2025-03-07,CUST0399,Customer 0399,Oil,Grocery,North,5,1500,6750.0,0.1,565.38
2787,2025-04-28,CUST0497,Customer 0497,T-Shirt,Fashion,East,1,1200,1164.0,0.03,141.97
2788,2025-10-09,CUST0168,Customer 0168,Jeans,Fashion,South,3,2500,6900.0,0.08,1709.58
2789,2025-04-19,CUST0434,Customer 0434,Laptop,Electronics,South,3,65000,157950.0,0.19,43496.67
2790,2025-01-14,CUST0073,Customer 0073,T-Shirt,Fashion,South,1,1200,1104.0,0.08,176.2
2791,2025-09-03,CUST0119,Customer 0119,Jeans,Fashion,North,4,2500,9400.0,0.06,1096.02
2792,2025-08-15,CUST0369,Customer 0369,Oil,Grocery,North,1,1500,1365.0,0.09,368.05
2793,2025-07-31,CUST0117,Customer 0117,Headphones,Electronics,North,2,3000,4980.0,0.17,980.22
2794,2025-06-25,CUST0164,Customer 0164,Chair,Furniture,North,2,7000,11620.0,0.17,2679.32
2795,2025-04-24,CUST0360,Customer 0360,Oil,Grocery,North,3,1500,4455.0,0.01,413.88
2796,2025-11-12,CUST0186,Customer 0186,Shoes,Fashion,West,4,4000,14240.0,0.11,3546.48
2797,2025-07-08,CUST0217,Customer 0217,Chair,Furniture,East,5,7000,34650.0,0.01,6147.56
2798,2025-07-10,CUST0146,Customer 0146,Shoes,Fashion,North,2,4000,6480.0,0.19,876.63
2799,2025-03-12,CUST0429,Customer 0429,Chair,Furniture,North,4,7000,25480.0,0.09,2658.16
2800,2025-03-02,CUST0409,Customer 0409,Jeans,Fashion,West,1,2500,2475.0,0.01,212.51
2801,2025-10-11,CUST0118,Customer 0118,Phone,Electronics,North,4,30000,110400.0,0.08,27374.53
2802,2025-09-08,CUST0083,Customer 0083,Shoes,Fashion,North,5,4000,19800.0,0.01,1641.19
2803,2025-12-10,CUST0188,Customer 0188,T-Shirt,Fashion,North,1,1200,1164.0,0.03,100.93
2804,2025-06-25,CUST0361,Customer 0361,Laptop,Electronics,West,4,65000,254800.0,0.02,48880.8
2805,2025-08-20,CUST0053,Customer 0053,Keyboard,Electronics,North,1,2500,2275.0,0.09,296.71
2806,2025-01-25,CUST0417,Customer 0417,Chair,Furniture,West,3,7000,17010.0,0.19,4930.44
2807,2025-06-03,CUST0103,Customer 0103,Shoes,Fashion,North,2,4000,7840.0,0.02,966.22
2808,2025-10-17,CUST0223,Customer 0223,Headphones,Electronics,East,3,3000,8010.0,0.11,1571.46
2809,2025-08-17,CUST0219,Customer 0219,Oil,Grocery,South,4,1500,5280.0,0.12,998.76
2810,2025-03-03,CUST0288,Customer 0288,Laptop,Electronics,South,3,65000,187200.0,0.04,42612.55
2811,2025-11-07,CUST0207,Customer 0207,Headphones,Electronics,West,4,3000,9840.0,0.18,2602.02
2812,2025-08-12,CUST0422,Customer 0422,Headphones,Electronics,South,1,3000,2790.0,0.07,262.53
2813,2025-03-12,CUST0359,Customer 0359,T-Shirt,Fashion,West,1,1200,1188.0,0.01,351.13
2814,2025-08-01,CUST0218,Customer 0218,Phone,Electronics,North,3,30000,72900.0,0.19,15885.22
2815,2025-02-04,CUST0408,Customer 0408,Phone,Electronics,West,1,30000,27300.0,0.09,5100.84
2816,2025-03-05,CUST0468,Customer 0468,Chair,Furniture,South,1,7000,7000.0,0.0,1568.86
2817,2025-10-06,CUST0394,Customer 0394,Jeans,Fashion,East,1,2500,2100.0,0.16,428.07
2818,2025-10-21,CUST0002,Customer 0002,Desk,Furniture,East,2,12000,20880.0,0.13,4921.42
2819,2025-03-30,CUST0022,Customer 0022,Chair,Furniture,East,5,7000,30800.0,0.12,2720.8
2820,2025-11-28,CUST0426,Customer 0426,Coffee,Grocery,West,4,500,1620.0,0.19,270.38
2821,2025-11-24,CUST0115,Customer 0115,Rice,Grocery,North,1,1000,960.0,0.04,201.47
2822,2025-08-01,CUST0196,Customer 0196,Coffee,Grocery,West,5,500,2125.0,0.15,217.71
2823,2025-02-20,CUST0077,Customer 0077,Keyboard,Electronics,West,4,2500,9400.0,0.06,853.55
2824,2025-10-20,CUST0137,Customer 0137,Keyboard,Electronics,West,2,2500,4150.0,0.17,1027.88
2825,2025-04-04,CUST0108,Customer 0108,Oil,Grocery,North,5,1500,6525.0,0.13,1376.3
2826,2025-11-09,CUST0229,Customer 0229,Laptop,Electronics,South,1,65000,55900.0,0.14,15676.35
2827,2025-08-09,CUST0435,Customer 0435,Rice,Grocery,West,2,1000,1980.0,0.01,361.94
2828,2025-10-04,CUST0433,Customer 0433,Headphones,Electronics,South,1,3000,2940.0,0.02,270.72
2829,2025-12-05,CUST0341,Customer 0341,Rice,Grocery,East,1,1000,870.0,0.13,196.01
2830,2025-02-18,CUST0436,Customer 0436,Jeans,Fashion,West,1,2500,2375.0,0.05,547.57
2831,2025-03-17,CUST0460,Customer 0460,Phone,Electronics,East,1,30000,24000.0,0.2,7002.1
2832,2025-12-05,CUST0261,Customer 0261,Laptop,Electronics,East,1,65000,52650.0,0.19,14961.9
2833,2025-06-05,CUST0274,Customer 0274,Headphones,Electronics,East,2,3000,5100.0,0.15,914.35
2834,2025-09-25,CUST0263,Customer 0263,Oil,Grocery,East,2,1500,2670.0,0.11,472.26
2835,2025-08-13,CUST0478,Customer 0478,Laptop,Electronics,East,5,65000,315250.0,0.03,81527.26
2836,2025-10-04,CUST0024,Customer 0024,Shoes,Fashion,South,4,4000,15040.0,0.06,3408.79
2837,2025-04-07,CUST0195,Customer 0195,Coffee,Grocery,North,1,500,470.0,0.06,79.29
2838,2025-03-22,CUST0262,Customer 0262,T-Shirt,Fashion,West,5,1200,5700.0,0.05,663.35
2839,2025-10-14,CUST0463,Customer 0463,Jeans,Fashion,West,2,2500,4550.0,0.09,1116.91
2840,2025-12-07,CUST0326,Customer 0326,Laptop,Electronics,North,3,65000,193050.0,0.01,30505.97
2841,2025-05-13,CUST0464,Customer 0464,Phone,Electronics,North,5,30000,138000.0,0.08,21805.96
2842,2025-09-11,CUST0461,Customer 0461,Jeans,Fashion,South,2,2500,4800.0,0.04,684.03
2843,2025-06-20,CUST0371,Customer 0371,Shoes,Fashion,West,3,4000,11760.0,0.02,3349.51
2844,2025-04-04,CUST0150,Customer 0150,Rice,Grocery,East,1,1000,820.0,0.18,232.69
2845,2025-11-09,CUST0193,Customer 0193,Shoes,Fashion,West,5,4000,19000.0,0.05,2627.0
2846,2025-01-14,CUST0137,Customer 0137,T-Shirt,Fashion,North,5,1200,5640.0,0.06,531.55
2847,2025-03-20,CUST0288,Customer 0288,Desk,Furniture,East,1,12000,11040.0,0.08,1271.34
2848,2025-10-24,CUST0390,Customer 0390,Keyboard,Electronics,North,4,2500,9400.0,0.06,1882.6
2849,2025-09-15,CUST0496,Customer 0496,Coffee,Grocery,South,2,500,950.0,0.05,159.63
2850,2025-11-11,CUST0022,Customer 0022,Shoes,Fashion,South,2,4000,6400.0,0.2,1068.43
2851,2025-09-27,CUST0228,Customer 0228,Coffee,Grocery,North,5,500,2475.0,0.01,210.01
2852,2025-02-15,CUST0154,Customer 0154,Phone,Electronics,South,2,30000,48000.0,0.2,5032.71
2853,2025-07-03,CUST0339,Customer 0339,Coffee,Grocery,West,2,500,800.0,0.2,217.67
2854,2025-02-25,CUST0120,Customer 0120,Keyboard,Electronics,East,4,2500,8600.0,0.14,2380.29
2855,2025-04-06,CUST0128,Customer 0128,Laptop,Electronics,West,3,65000,183300.0,0.06,35272.34
2856,2025-06-20,CUST0400,Customer 0400,Oil,Grocery,East,1,1500,1230.0,0.18,195.9
2857,2025-06-04,CUST0254,Customer 0254,Headphones,Electronics,East,3,3000,8820.0,0.02,894.52
2858,2025-11-29,CUST0017,Customer 0017,Keyboard,Electronics,West,3,2500,7125.0,0.05,1804.72
2859,2025-07-25,CUST0433,Customer 0433,Phone,Electronics,North,4,30000,102000.0,0.15,19026.34
2860,2025-09-22,CUST0065,Customer 0065,Oil,Grocery,North,3,1500,3960.0,0.12,816.2
2861,2025-10-07,CUST0278,Customer 0278,Oil,Grocery,South,1,1500,1245.0,0.17,226.07
2862,2025-02-19,CUST0140,Customer 0140,Phone,Electronics,North,4,30000,114000.0,0.05,22085.65
2863,2025-04-26,CUST0430,Customer 0430,Desk,Furniture,West,5,12000,57600.0,0.04,9607.35
2864,2025-05-16,CUST0280,Customer 0280,Shoes,Fashion,South,5,4000,17400.0,0.13,3755.43
2865,2025-12-24,CUST0500,Customer 0500,Coffee,Grocery,East,4,500,1720.0,0.14,345.55
2866,2025-09-17,CUST0196,Customer 0196,Coffee,Grocery,East,3,500,1290.0,0.14,349.18
2867,2025-06-24,CUST0302,Customer 0302,Chair,Furniture,North,3,7000,17640.0,0.16,1602.53
2868,2025-11-11,CUST0070,Customer 0070,Oil,Grocery,West,5,1500,6450.0,0.14,599.14
2869,2025-07-04,CUST0127,Customer 0127,Oil,Grocery,North,4,1500,4920.0,0.18,441.75
2870,2025-02-06,CUST0243,Customer 0243,Phone,Electronics,West,4,30000,103200.0,0.14,9660.63
2871,2025-04-17,CUST0216,Customer 0216,Desk,Furniture,South,2,12000,22080.0,0.08,5212.17
2872,2025-02-21,CUST0264,Customer 0264,Coffee,Grocery,West,3,500,1395.0,0.07,295.58
2873,2025-09-06,CUST0004,Customer 0004,Laptop,Electronics,East,1,65000,57200.0,0.12,12772.3
2874,2025-03-11,CUST0153,Customer 0153,Jeans,Fashion,West,5,2500,11875.0,0.05,1072.68
2875,2025-07-12,CUST0350,Customer 0350,Chair,Furniture,West,5,7000,30800.0,0.12,5386.76
2876,2025-01-26,CUST0168,Customer 0168,Shoes,Fashion,East,3,4000,11640.0,0.03,3031.55
2877,2025-06-11,CUST0217,Customer 0217,Desk,Furniture,North,4,12000,40800.0,0.15,6315.09
2878,2025-10-20,CUST0231,Customer 0231,Chair,Furniture,North,3,7000,17010.0,0.19,2080.38
2879,2025-08-06,CUST0067,Customer 0067,Keyboard,Electronics,West,3,2500,7125.0,0.05,1203.95
2880,2025-03-08,CUST0438,Customer 0438,Rice,Grocery,East,2,1000,1700.0,0.15,261.85
2881,2025-01-28,CUST0056,Customer 0056,Shoes,Fashion,North,3,4000,10560.0,0.12,1651.0
2882,2025-01-05,CUST0356,Customer 0356,Rice,Grocery,South,4,1000,3880.0,0.03,469.8
2883,2025-03-19,CUST0151,Customer 0151,Headphones,Electronics,West,4,3000,10920.0,0.09,2990.97
2884,2025-06-09,CUST0206,Customer 0206,Headphones,Electronics,North,3,3000,7920.0,0.12,1313.39
2885,2025-02-10,CUST0091,Customer 0091,Chair,Furniture,East,1,7000,6860.0,0.02,1923.26
2886,2025-10-01,CUST0409,Customer 0409,Jeans,Fashion,North,4,2500,8000.0,0.2,650.77
2887,2025-02-25,CUST0243,Customer 0243,Coffee,Grocery,West,5,500,2000.0,0.2,371.73
2888,2025-10-14,CUST0066,Customer 0066,Keyboard,Electronics,East,1,2500,2425.0,0.03,511.71
2889,2025-08-16,CUST0477,Customer 0477,Laptop,Electronics,West,3,65000,177450.0,0.09,53009.2
2890,2025-05-15,CUST0437,Customer 0437,Headphones,Electronics,South,4,3000,11760.0,0.02,2830.61
2891,2025-01-28,CUST0105,Customer 0105,Jeans,Fashion,West,3,2500,7125.0,0.05,1760.86
2892,2025-06-25,CUST0117,Customer 0117,Shoes,Fashion,North,3,4000,10320.0,0.14,2481.85
2893,2025-08-25,CUST0284,Customer 0284,Desk,Furniture,South,2,12000,22320.0,0.07,3085.52
2894,2025-06-08,CUST0066,Customer 0066,Phone,Electronics,East,5,30000,129000.0,0.14,16920.07
2895,2025-05-10,CUST0186,Customer 0186,Chair,Furniture,East,1,7000,6930.0,0.01,1994.5
2896,2025-06-06,CUST0335,Customer 0335,Desk,Furniture,South,3,12000,31320.0,0.13,4838.27
2897,2025-04-11,CUST0433,Customer 0433,Phone,Electronics,West,1,30000,29100.0,0.03,3567.1
2898,2025-05-27,CUST0395,Customer 0395,Jeans,Fashion,West,5,2500,10625.0,0.15,2558.65
2899,2025-12-16,CUST0482,Customer 0482,Coffee,Grocery,West,1,500,455.0,0.09,126.61
2900,2025-04-16,CUST0125,Customer 0125,Rice,Grocery,South,3,1000,2610.0,0.13,598.41
2901,2025-09-08,CUST0087,Customer 0087,Laptop,Electronics,West,2,65000,107900.0,0.17,21808.7
2902,2025-12-17,CUST0087,Customer 0087,Phone,Electronics,North,4,30000,111600.0,0.07,9237.74
2903,2025-02-04,CUST0311,Customer 0311,Shoes,Fashion,South,2,4000,6640.0,0.17,903.6
2904,2025-01-17,CUST0198,Customer 0198,Coffee,Grocery,South,2,500,940.0,0.06,187.97
2905,2025-05-17,CUST0320,Customer 0320,Keyboard,Electronics,North,3,2500,6225.0,0.17,1704.66
2906,2025-01-19,CUST0440,Customer 0440,Oil,Grocery,West,1,1500,1350.0,0.1,320.4
2907,2025-08-14,CUST0243,Customer 0243,Jeans,Fashion,West,3,2500,6750.0,0.1,639.44
2908,2025-06-26,CUST0089,Customer 0089,Chair,Furniture,East,3,7000,19950.0,0.05,4536.74
2909,2025-05-14,CUST0135,Customer 0135,Shoes,Fashion,East,1,4000,3320.0,0.17,419.18
2910,2025-12-19,CUST0034,Customer 0034,T-Shirt,Fashion,North,5,1200,5280.0,0.12,945.51
2911,2025-01-08,CUST0329,Customer 0329,Rice,Grocery,South,3,1000,2850.0,0.05,601.54
2912,2025-10-02,CUST0234,Customer 0234,Jeans,Fashion,West,5,2500,10875.0,0.13,2961.36
2913,2025-11-15,CUST0291,Customer 0291,Coffee,Grocery,South,4,500,1600.0,0.2,313.75
2914,2025-12-20,CUST0307,Customer 0307,Laptop,Electronics,South,3,65000,156000.0,0.2,23273.71
2915,2025-09-03,CUST0054,Customer 0054,Chair,Furniture,South,4,7000,24080.0,0.14,3270.89
2916,2025-01-19,CUST0415,Customer 0415,Phone,Electronics,East,5,30000,133500.0,0.11,38978.2
2917,2025-03-31,CUST0138,Customer 0138,Headphones,Electronics,West,2,3000,4980.0,0.17,1109.11
2918,2025-03-25,CUST0267,Customer 0267,Keyboard,Electronics,North,2,2500,4450.0,0.11,457.04
2919,2025-11-27,CUST0338,Customer 0338,Jeans,Fashion,South,4,2500,9900.0,0.01,2795.65
2920,2025-10-18,CUST0108,Customer 0108,Headphones,Electronics,South,5,3000,12450.0,0.17,3527.26
2921,2025-03-27,CUST0075,Customer 0075,Phone,Electronics,South,1,30000,25200.0,0.16,2098.62
2922,2025-03-31,CUST0456,Customer 0456,Laptop,Electronics,West,1,65000,64350.0,0.01,12538.26
2923,2025-08-11,CUST0195,Customer 0195,Phone,Electronics,West,1,30000,24600.0,0.18,4716.88
2924,2025-07-17,CUST0063,Customer 0063,Laptop,Electronics,East,5,65000,318500.0,0.02,46183.7
2925,2025-07-16,CUST0408,Customer 0408,Phone,Electronics,East,3,30000,89100.0,0.01,21329.77
2926,2025-06-13,CUST0333,Customer 0333,Keyboard,Electronics,West,1,2500,2200.0,0.12,541.48
2927,2025-05-22,CUST0216,Customer 0216,Jeans,Fashion,East,2,2500,4800.0,0.04,710.65
2928,2025-12-13,CUST0405,Customer 0405,Phone,Electronics,North,1,30000,30000.0,0.0,7240.01
2929,2025-08-23,CUST0428,Customer 0428,Shoes,Fashion,East,2,4000,8000.0,0.0,2078.57
2930,2025-06-18,CUST0488,Customer 0488,Oil,Grocery,East,5,1500,6900.0,0.08,1818.15
2931,2025-01-11,CUST0463,Customer 0463,Oil,Grocery,West,1,1500,1365.0,0.09,401.22
2932,2025-08-05,CUST0138,Customer 0138,Phone,Electronics,East,1,30000,30000.0,0.0,6672.21
2933,2025-06-03,CUST0445,Customer 0445,Phone,Electronics,South,1,30000,25800.0,0.14,7125.91
2934,2025-05-25,CUST0001,Customer 0001,T-Shirt,Fashion,East,5,1200,5640.0,0.06,946.06
2935,2025-11-13,CUST0241,Customer 0241,Laptop,Electronics,South,5,65000,286000.0,0.12,45989.53
2936,2025-08-09,CUST0215,Customer 0215,Jeans,Fashion,West,2,2500,4700.0,0.06,521.61
2937,2025-03-23,CUST0199,Customer 0199,Coffee,Grocery,West,4,500,1680.0,0.16,329.53
2938,2025-10-13,CUST0285,Customer 0285,Jeans,Fashion,West,5,2500,12250.0,0.02,2406.03
2939,2025-11-11,CUST0038,Customer 0038,Desk,Furniture,South,1,12000,11160.0,0.07,2344.71
2940,2025-07-05,CUST0233,Customer 0233,Phone,Electronics,South,5,30000,136500.0,0.09,22242.95
2941,2025-03-06,CUST0012,Customer 0012,Phone,Electronics,East,2,30000,54600.0,0.09,12794.92
2942,2025-08-21,CUST0435,Customer 0435,Rice,Grocery,South,5,1000,4400.0,0.12,1156.44
2943,2025-07-14,CUST0008,Customer 0008,Chair,Furniture,East,1,7000,6230.0,0.11,506.41
2944,2025-03-13,CUST0482,Customer 0482,Phone,Electronics,North,4,30000,111600.0,0.07,21461.72
2945,2025-08-24,CUST0250,Customer 0250,T-Shirt,Fashion,South,3,1200,3096.0,0.14,704.69
2946,2025-09-07,CUST0152,Customer 0152,Shoes,Fashion,South,5,4000,19200.0,0.04,1851.23
2947,2025-05-24,CUST0048,Customer 0048,Coffee,Grocery,East,5,500,2300.0,0.08,253.71
2948,2025-04-01,CUST0084,Customer 0084,Headphones,Electronics,North,5,3000,12150.0,0.19,1865.5
2949,2025-08-19,CUST0028,Customer 0028,Oil,Grocery,South,3,1500,3870.0,0.14,621.59
2950,2025-02-23,CUST0422,Customer 0422,Jeans,Fashion,North,3,2500,6450.0,0.14,1045.07
2951,2025-06-13,CUST0223,Customer 0223,Jeans,Fashion,South,2,2500,5000.0,0.0,1035.78
2952,2025-07-07,CUST0255,Customer 0255,Laptop,Electronics,North,5,65000,325000.0,0.0,78503.69
2953,2025-11-20,CUST0205,Customer 0205,Keyboard,Electronics,West,3,2500,6900.0,0.08,1995.07
2954,2025-03-29,CUST0109,Customer 0109,Headphones,Electronics,South,3,3000,7470.0,0.17,1370.0
2955,2025-09-15,CUST0084,Customer 0084,Jeans,Fashion,East,5,2500,11625.0,0.07,2774.26
2956,2025-01-03,CUST0030,Customer 0030,Phone,Electronics,South,4,30000,108000.0,0.1,31100.8
2957,2025-03-24,CUST0353,Customer 0353,Chair,Furniture,West,4,7000,26600.0,0.05,2925.33
2958,2025-02-07,CUST0200,Customer 0200,Jeans,Fashion,East,3,2500,7500.0,0.0,708.75
2959,2025-10-15,CUST0329,Customer 0329,Oil,Grocery,North,1,1500,1470.0,0.02,303.35
2960,2025-11-09,CUST0092,Customer 0092,T-Shirt,Fashion,East,1,1200,960.0,0.2,215.55
2961,2025-04-06,CUST0219,Customer 0219,Phone,Electronics,West,1,30000,25500.0,0.15,3315.79
2962,2025-01-28,CUST0421,Customer 0421,Coffee,Grocery,North,2,500,960.0,0.04,83.73
2963,2025-08-09,CUST0304,Customer 0304,Desk,Furniture,North,1,12000,12000.0,0.0,2237.41
2964,2025-09-16,CUST0294,Customer 0294,Chair,Furniture,South,5,7000,30100.0,0.14,7037.62
2965,2025-11-27,CUST0073,Customer 0073,Coffee,Grocery,South,5,500,2275.0,0.09,478.85
2966,2025-07-31,CUST0177,Customer 0177,Headphones,Electronics,North,5,3000,14250.0,0.05,4138.78
2967,2025-07-31,CUST0429,Customer 0429,Oil,Grocery,South,1,1500,1215.0,0.19,309.18
2968,2025-08-31,CUST0104,Customer 0104,Chair,Furniture,North,5,7000,34300.0,0.02,9548.2
2969,2025-01-19,CUST0133,Customer 0133,Desk,Furniture,West,1,12000,11640.0,0.03,2915.01
2970,2025-04-24,CUST0351,Customer 0351,Headphones,Electronics,East,1,3000,2730.0,0.09,396.64
2971,2025-08-13,CUST0132,Customer 0132,Jeans,Fashion,West,2,2500,4650.0,0.07,1311.52
2972,2025-09-29,CUST0031,Customer 0031,Shoes,Fashion,West,3,4000,9600.0,0.2,1687.61
2973,2025-08-18,CUST0100,Customer 0100,Coffee,Grocery,East,5,500,2400.0,0.04,570.97
2974,2025-06-03,CUST0477,Customer 0477,Jeans,Fashion,South,5,2500,12000.0,0.04,1761.61
2975,2025-06-12,CUST0410,Customer 0410,Keyboard,Electronics,East,4,2500,8200.0,0.18,2095.22
2976,2025-07-27,CUST0469,Customer 0469,Headphones,Electronics,West,5,3000,14850.0,0.01,2279.15
2977,2025-08-16,CUST0475,Customer 0475,Chair,Furniture,East,1,7000,6440.0,0.08,1151.32
2978,2025-06-30,CUST0041,Customer 0041,Desk,Furniture,North,4,12000,46560.0,0.03,9507.81
2979,2025-11-01,CUST0018,Customer 0018,Jeans,Fashion,North,3,2500,6150.0,0.18,931.12
2980,2025-09-10,CUST0323,Customer 0323,Oil,Grocery,North,3,1500,3825.0,0.15,866.51
2981,2025-04-30,CUST0052,Customer 0052,Phone,Electronics,West,1,30000,27300.0,0.09,5232.11
2982,2025-02-18,CUST0308,Customer 0308,Rice,Grocery,West,1,1000,970.0,0.03,249.48
2983,2025-12-16,CUST0200,Customer 0200,Laptop,Electronics,East,2,65000,126100.0,0.03,10748.07
2984,2025-04-30,CUST0162,Customer 0162,Chair,Furniture,North,1,7000,6020.0,0.14,1803.63
2985,2025-12-08,CUST0070,Customer 0070,Headphones,Electronics,East,4,3000,9840.0,0.18,2486.42
2986,2025-01-31,CUST0006,Customer 0006,Headphones,Electronics,North,4,3000,10200.0,0.15,2385.98
2987,2025-02-10,CUST0164,Customer 0164,Phone,Electronics,South,3,30000,86400.0,0.04,20587.77
2988,2025-06-27,CUST0495,Customer 0495,Rice,Grocery,East,5,1000,4750.0,0.05,1042.23
2989,2025-01-17,CUST0225,Customer 0225,Chair,Furniture,West,1,7000,5670.0,0.19,1067.71
2990,2025-12-27,CUST0098,Customer 0098,Headphones,Electronics,East,4,3000,10560.0,0.12,959.84
2991,2025-12-29,CUST0381,Customer 0381,Coffee,Grocery,North,3,500,1305.0,0.13,366.65
2992,2025-01-25,CUST0005,Customer 0005,Shoes,Fashion,East,3,4000,9720.0,0.19,2107.77
2993,2025-01-07,CUST0105,Customer 0105,Oil,Grocery,South,5,1500,7350.0,0.02,1036.61
2994,2025-01-17,CUST0450,Customer 0450,Keyboard,Electronics,East,4,2500,9900.0,0.01,2124.01
2995,2025-02-02,CUST0037,Customer 0037,Jeans,Fashion,South,3,2500,6525.0,0.13,1828.1
2996,2025-12-01,CUST0173,Customer 0173,Coffee,Grocery,East,5,500,2050.0,0.18,596.89
2997,2025-06-27,CUST0390,Customer 0390,Keyboard,Electronics,North,3,2500,6450.0,0.14,999.12
2998,2025-07-05,CUST0199,Customer 0199,Phone,Electronics,North,1,30000,29700.0,0.01,8673.17
2999,2025-11-26,CUST0010,Customer 0010,Shoes,Fashion,North,5,4000,18200.0,0.09,5115.68
3000,2025-02-07,CUST0280,Customer 0280,Shoes,Fashion,South,4,4000,14400.0,0.1,1291.67
3001,2025-09-03,CUST0257,Customer 0257,Chair,Furniture,South,2,7000,12040.0,0.14,3496.56
3002,2025-10-19,CUST0435,Customer 0435,Chair,Furniture,East,3,7000,18480.0,0.12,5394.31
3003,2025-04-26,CUST0011,Customer 0011,Laptop,Electronics,South,4,65000,234000.0,0.1,38126.77
3004,2025-06-21,CUST0168,Customer 0168,Laptop,Electronics,North,2,65000,126100.0,0.03,19740.52
3005,2025-02-07,CUST0253,Customer 0253,Keyboard,Electronics,West,4,2500,9400.0,0.06,1020.86
3006,2025-04-05,CUST0147,Customer 0147,Phone,Electronics,North,4,30000,106800.0,0.11,12861.87
3007,2025-11-18,CUST0096,Customer 0096,Rice,Grocery,South,5,1000,4300.0,0.14,485.38
3008,2025-06-07,CUST0170,Customer 0170,Phone,Electronics,North,1,30000,30000.0,0.0,7597.2
3009,2025-11-26,CUST0459,Customer 0459,Shoes,Fashion,West,1,4000,3720.0,0.07,302.2
3010,2025-09-19,CUST0130,Customer 0130,Keyboard,Electronics,North,1,2500,2425.0,0.03,675.67
3011,2025-07-16,CUST0202,Customer 0202,T-Shirt,Fashion,North,2,1200,2016.0,0.16,434.61
3012,2025-05-25,CUST0459,Customer 0459,Rice,Grocery,West,3,1000,2430.0,0.19,688.12
3013,2025-06-21,CUST0387,Customer 0387,Coffee,Grocery,East,5,500,2100.0,0.16,418.88
3014,2025-10-17,CUST0441,Customer 0441,Headphones,Electronics,West,1,3000,2910.0,0.03,704.59
3015,2025-06-09,CUST0086,Customer 0086,Shoes,Fashion,West,1,4000,3800.0,0.05,1008.89
3016,2025-12-10,CUST0412,Customer 0412,Headphones,Electronics,East,1,3000,2460.0,0.18,273.36
3017,2025-07-01,CUST0267,Customer 0267,Headphones,Electronics,North,1,3000,2850.0,0.05,844.53
3018,2025-12-22,CUST0306,Customer 0306,Headphones,Electronics,East,1,3000,2460.0,0.18,258.79
3019,2025-03-24,CUST0116,Customer 0116,Oil,Grocery,South,5,1500,7500.0,0.0,911.92
3020,2025-02-20,CUST0332,Customer 0332,Coffee,Grocery,North,2,500,990.0,0.01,276.72
3021,2025-09-25,CUST0294,Customer 0294,T-Shirt,Fashion,West,1,1200,1032.0,0.14,210.96
3022,2025-02-24,CUST0396,Customer 0396,Phone,Electronics,East,5,30000,136500.0,0.09,27001.98
3023,2025-10-09,CUST0282,Customer 0282,Phone,Electronics,West,5,30000,123000.0,0.18,25236.46
3024,2025-12-20,CUST0499,Customer 0499,T-Shirt,Fashion,North,2,1200,2064.0,0.14,207.89
3025,2025-12-29,CUST0026,Customer 0026,Desk,Furniture,South,2,12000,21600.0,0.1,5366.07
3026,2025-02-04,CUST0281,Customer 0281,Shoes,Fashion,West,5,4000,16200.0,0.19,3108.37
3027,2025-03-30,CUST0412,Customer 0412,Jeans,Fashion,North,3,2500,6975.0,0.07,1911.53
3028,2025-12-03,CUST0050,Customer 0050,Jeans,Fashion,South,2,2500,4850.0,0.03,1192.51
3029,2025-01-01,CUST0028,Customer 0028,Headphones,Electronics,South,5,3000,14400.0,0.04,2085.12
3030,2025-11-17,CUST0475,Customer 0475,Keyboard,Electronics,East,2,2500,4350.0,0.13,496.8
3031,2025-02-15,CUST0143,Customer 0143,Chair,Furniture,South,4,7000,22400.0,0.2,5019.02
3032,2025-09-26,CUST0383,Customer 0383,Phone,Electronics,East,1,30000,27600.0,0.08,7997.57
3033,2025-10-23,CUST0309,Customer 0309,Oil,Grocery,North,2,1500,2580.0,0.14,588.47
3034,2025-03-07,CUST0019,Customer 0019,Rice,Grocery,South,2,1000,1600.0,0.2,225.5
3035,2025-04-23,CUST0437,Customer 0437,Headphones,Electronics,South,2,3000,5160.0,0.14,978.16
3036,2025-12-23,CUST0449,Customer 0449,Phone,Electronics,South,2,30000,55800.0,0.07,6845.09
3037,2025-09-15,CUST0048,Customer 0048,Shoes,Fashion,West,3,4000,9840.0,0.18,1668.62
3038,2025-04-11,CUST0002,Customer 0002,Rice,Grocery,South,1,1000,930.0,0.07,236.66
3039,2025-08-14,CUST0234,Customer 0234,T-Shirt,Fashion,South,3,1200,3312.0,0.08,690.9
3040,2025-03-09,CUST0394,Customer 0394,Phone,Electronics,North,1,30000,26100.0,0.13,7776.42
3041,2025-08-01,CUST0350,Customer 0350,Rice,Grocery,North,1,1000,910.0,0.09,148.5
3042,2025-03-23,CUST0299,Customer 0299,Oil,Grocery,North,5,1500,7200.0,0.04,2071.47
3043,2025-05-15,CUST0127,Customer 0127,Oil,Grocery,West,5,1500,6300.0,0.16,596.7
3044,2025-07-20,CUST0084,Customer 0084,Headphones,Electronics,North,5,3000,14700.0,0.02,3985.16
3045,2025-08-03,CUST0250,Customer 0250,Laptop,Electronics,East,5,65000,321750.0,0.01,54469.0
3046,2025-08-02,CUST0431,Customer 0431,Shoes,Fashion,North,4,4000,12960.0,0.19,3537.34
3047,2025-07-16,CUST0120,Customer 0120,Oil,Grocery,West,4,1500,4860.0,0.19,478.73
3048,2025-07-05,CUST0186,Customer 0186,Laptop,Electronics,East,3,65000,171600.0,0.12,43129.37
3049,2025-06-03,CUST0336,Customer 0336,Laptop,Electronics,South,4,65000,210600.0,0.19,34987.73
3050,2025-12-17,CUST0157,Customer 0157,Coffee,Grocery,East,2,500,860.0,0.14,176.18
3051,2025-01-05,CUST0155,Customer 0155,Rice,Grocery,South,5,1000,4600.0,0.08,827.06
3052,2025-03-28,CUST0198,Customer 0198,Headphones,Electronics,East,4,3000,9840.0,0.18,1041.5
3053,2025-03-17,CUST0131,Customer 0131,Keyboard,Electronics,East,4,2500,8700.0,0.13,2456.18
3054,2025-12-02,CUST0285,Customer 0285,Oil,Grocery,North,3,1500,4275.0,0.05,484.3
3055,2025-10-01,CUST0377,Customer 0377,T-Shirt,Fashion,West,5,1200,4860.0,0.19,1049.24
3056,2025-03-17,CUST0328,Customer 0328,Keyboard,Electronics,West,3,2500,6150.0,0.18,1454.27
3057,2025-05-15,CUST0113,Customer 0113,Keyboard,Electronics,South,5,2500,11625.0,0.07,1542.32
3058,2025-05-25,CUST0485,Customer 0485,T-Shirt,Fashion,East,2,1200,1968.0,0.18,446.1
3059,2025-09-30,CUST0121,Customer 0121,Keyboard,Electronics,North,2,2500,4750.0,0.05,591.41
3060,2025-12-20,CUST0124,Customer 0124,Phone,Electronics,West,1,30000,25800.0,0.14,4140.53
3061,2025-07-27,CUST0015,Customer 0015,Desk,Furniture,West,3,12000,33480.0,0.07,6117.43
3062,2025-12-20,CUST0289,Customer 0289,Rice,Grocery,West,3,1000,2700.0,0.1,688.86
3063,2025-10-28,CUST0365,Customer 0365,Oil,Grocery,East,3,1500,3870.0,0.14,1112.25
3064,2025-04-13,CUST0185,Customer 0185,Keyboard,Electronics,East,4,2500,9300.0,0.07,1710.1
3065,2025-07-21,CUST0198,Customer 0198,Oil,Grocery,North,5,1500,6300.0,0.16,1033.88
3066,2025-08-09,CUST0107,Customer 0107,Chair,Furniture,East,2,7000,13720.0,0.02,2133.69
3067,2025-01-12,CUST0275,Customer 0275,Oil,Grocery,East,1,1500,1335.0,0.11,378.56
3068,2025-09-18,CUST0045,Customer 0045,Desk,Furniture,East,2,12000,20400.0,0.15,4306.6
3069,2025-07-10,CUST0295,Customer 0295,Shoes,Fashion,North,4,4000,15040.0,0.06,2681.19
3070,2025-05-03,CUST0007,Customer 0007,T-Shirt,Fashion,North,3,1200,3492.0,0.03,562.03
3071,2025-05-17,CUST0093,Customer 0093,Shoes,Fashion,East,1,4000,3240.0,0.19,463.0
3072,2025-11-30,CUST0279,Customer 0279,Coffee,Grocery,West,2,500,950.0,0.05,263.53
3073,2025-03-01,CUST0155,Customer 0155,Desk,Furniture,West,3,12000,34560.0,0.04,8920.3
3074,2025-10-18,CUST0212,Customer 0212,Keyboard,Electronics,North,4,2500,9500.0,0.05,2768.6
3075,2025-01-16,CUST0274,Customer 0274,Rice,Grocery,East,1,1000,900.0,0.1,177.1
3076,2025-03-27,CUST0073,Customer 0073,Phone,Electronics,North,1,30000,27900.0,0.07,5601.66
3077,2025-10-13,CUST0144,Customer 0144,Desk,Furniture,East,2,12000,23040.0,0.04,5977.54
3078,2025-04-01,CUST0222,Customer 0222,Jeans,Fashion,West,4,2500,9500.0,0.05,2524.26
3079,2025-01-25,CUST0058,Customer 0058,T-Shirt,Fashion,North,2,1200,2088.0,0.13,242.19
3080,2025-12-21,CUST0271,Customer 0271,Shoes,Fashion,South,3,4000,9840.0,0.18,2563.11
3081,2025-08-16,CUST0237,Customer 0237,T-Shirt,Fashion,East,2,1200,2112.0,0.12,354.96
3082,2025-07-28,CUST0097,Customer 0097,Keyboard,Electronics,North,4,2500,10000.0,0.0,1413.05
3083,2025-11-27,CUST0424,Customer 0424,Laptop,Electronics,North,3,65000,163800.0,0.16,42425.46
3084,2025-01-13,CUST0475,Customer 0475,Desk,Furniture,North,3,12000,31320.0,0.13,7041.45
3085,2025-01-19,CUST0013,Customer 0013,Headphones,Electronics,South,4,3000,9960.0,0.17,1187.23
3086,2025-02-03,CUST0159,Customer 0159,Headphones,Electronics,South,3,3000,8190.0,0.09,2180.75
3087,2025-03-03,CUST0218,Customer 0218,Laptop,Electronics,North,5,65000,305500.0,0.06,89476.4
3088,2025-04-22,CUST0391,Customer 0391,Shoes,Fashion,West,5,4000,16800.0,0.16,3909.5
3089,2025-03-26,CUST0466,Customer 0466,Laptop,Electronics,East,2,65000,127400.0,0.02,20788.92
3090,2025-06-29,CUST0364,Customer 0364,Headphones,Electronics,North,5,3000,12600.0,0.16,1495.9
3091,2025-11-04,CUST0331,Customer 0331,Headphones,Electronics,South,5,3000,12750.0,0.15,3420.93
3092,2025-06-26,CUST0066,Customer 0066,Oil,Grocery,South,3,1500,3645.0,0.19,574.07
3093,2025-05-01,CUST0076,Customer 0076,Headphones,Electronics,West,2,3000,5220.0,0.13,1302.85
3094,2025-04-27,CUST0359,Customer 0359,Coffee,Grocery,South,2,500,820.0,0.18,174.45
3095,2025-01-01,CUST0148,Customer 0148,Desk,Furniture,South,4,12000,41280.0,0.14,10824.74
3096,2025-07-01,CUST0116,Customer 0116,Headphones,Electronics,East,2,3000,5520.0,0.08,547.38
3097,2025-01-18,CUST0241,Customer 0241,Shoes,Fashion,West,1,4000,3280.0,0.18,660.17
3098,2025-01-24,CUST0262,Customer 0262,Headphones,Electronics,North,4,3000,10560.0,0.12,2675.28
3099,2025-09-16,CUST0414,Customer 0414,Headphones,Electronics,West,2,3000,5520.0,0.08,561.43
3100,2025-03-05,CUST0080,Customer 0080,Shoes,Fashion,South,1,4000,3720.0,0.07,989.41
3101,2025-10-13,CUST0348,Customer 0348,Jeans,Fashion,West,2,2500,4300.0,0.14,1255.62
3102,2025-12-08,CUST0407,Customer 0407,Rice,Grocery,East,4,1000,3280.0,0.18,812.29
3103,2025-07-26,CUST0245,Customer 0245,Keyboard,Electronics,South,3,2500,6825.0,0.09,940.38
3104,2025-04-18,CUST0497,Customer 0497,Keyboard,Electronics,North,2,2500,4850.0,0.03,560.2
3105,2025-11-21,CUST0055,Customer 0055,Coffee,Grocery,South,3,500,1425.0,0.05,162.27
3106,2025-12-07,CUST0351,Customer 0351,Rice,Grocery,West,2,1000,1920.0,0.04,558.41
3107,2025-01-30,CUST0194,Customer 0194,Headphones,Electronics,East,5,3000,12000.0,0.2,1851.09
3108,2025-12-02,CUST0026,Customer 0026,Shoes,Fashion,West,2,4000,6640.0,0.17,1459.44
3109,2025-05-06,CUST0035,Customer 0035,Rice,Grocery,West,1,1000,890.0,0.11,124.37
3110,2025-05-22,CUST0054,Customer 0054,Keyboard,Electronics,East,1,2500,2250.0,0.1,336.05
3111,2025-03-04,CUST0335,Customer 0335,Jeans,Fashion,North,3,2500,7275.0,0.03,2004.01
3112,2025-04-23,CUST0397,Customer 0397,Shoes,Fashion,East,2,4000,7360.0,0.08,681.63
3113,2025-12-06,CUST0205,Customer 0205,Keyboard,Electronics,East,5,2500,10375.0,0.17,1910.82
3114,2025-07-17,CUST0033,Customer 0033,Desk,Furniture,East,3,12000,30240.0,0.16,2718.8
3115,2025-05-09,CUST0292,Customer 0292,Phone,Electronics,East,2,30000,48600.0,0.19,10941.39
3116,2025-02-14,CUST0220,Customer 0220,Oil,Grocery,East,3,1500,4455.0,0.01,911.36
3117,2025-06-18,CUST0220,Customer 0220,Chair,Furniture,West,1,7000,6230.0,0.11,1417.42
3118,2025-10-31,CUST0109,Customer 0109,Coffee,Grocery,South,3,500,1365.0,0.09,258.34
3119,2025-01-31,CUST0245,Customer 0245,Laptop,Electronics,South,2,65000,130000.0,0.0,15225.6
3120,2025-12-08,CUST0008,Customer 0008,Phone,Electronics,South,5,30000,124500.0,0.17,23549.01
3121,2025-12-05,CUST0046,Customer 0046,Headphones,Electronics,South,3,3000,8910.0,0.01,1108.34
3122,2025-08-09,CUST0464,Customer 0464,Coffee,Grocery,West,4,500,1820.0,0.09,372.44
3123,2025-07-27,CUST0019,Customer 0019,Coffee,Grocery,West,5,500,2275.0,0.09,219.13
3124,2025-09-09,CUST0458,Customer 0458,T-Shirt,Fashion,South,2,1200,2352.0,0.02,499.63
3125,2025-03-09,CUST0225,Customer 0225,Rice,Grocery,East,4,1000,3480.0,0.13,300.08
3126,2025-12-23,CUST0296,Customer 0296,Jeans,Fashion,West,5,2500,11000.0,0.12,2449.97
3127,2025-06-30,CUST0122,Customer 0122,Rice,Grocery,East,2,1000,1620.0,0.19,373.71
3128,2025-04-14,CUST0060,Customer 0060,Coffee,Grocery,East,1,500,435.0,0.13,71.38
3129,2025-04-07,CUST0016,Customer 0016,Jeans,Fashion,North,5,2500,10875.0,0.13,1304.69
3130,2025-03-16,CUST0024,Customer 0024,Headphones,Electronics,North,1,3000,2640.0,0.12,415.63
3131,2025-06-28,CUST0249,Customer 0249,Shoes,Fashion,West,3,4000,9600.0,0.2,1957.14
3132,2025-05-26,CUST0246,Customer 0246,Laptop,Electronics,West,1,65000,65000.0,0.0,11218.37
3133,2025-07-22,CUST0157,Customer 0157,Chair,Furniture,West,5,7000,30450.0,0.13,5351.8
3134,2025-06-02,CUST0294,Customer 0294,T-Shirt,Fashion,North,5,1200,5460.0,0.09,808.58
3135,2025-08-03,CUST0418,Customer 0418,Keyboard,Electronics,North,4,2500,8200.0,0.18,1425.64
3136,2025-05-12,CUST0440,Customer 0440,Desk,Furniture,East,1,12000,12000.0,0.0,1604.86
3137,2025-12-24,CUST0113,Customer 0113,T-Shirt,Fashion,East,2,1200,2376.0,0.01,576.43
3138,2025-10-17,CUST0219,Customer 0219,Coffee,Grocery,North,2,500,810.0,0.19,143.45
3139,2025-11-22,CUST0290,Customer 0290,Rice,Grocery,South,3,1000,2910.0,0.03,678.34
3140,2025-06-14,CUST0106,Customer 0106,Laptop,Electronics,South,3,65000,171600.0,0.12,40872.29
3141,2025-07-08,CUST0180,Customer 0180,Phone,Electronics,South,2,30000,53400.0,0.11,9707.48
3142,2025-08-07,CUST0154,Customer 0154,Keyboard,Electronics,East,1,2500,2075.0,0.17,446.33
3143,2025-11-10,CUST0202,Customer 0202,Desk,Furniture,East,3,12000,33120.0,0.08,5816.45
3144,2025-06-19,CUST0386,Customer 0386,Chair,Furniture,East,3,7000,17850.0,0.15,2635.13
3145,2025-02-07,CUST0406,Customer 0406,Chair,Furniture,South,5,7000,34300.0,0.02,7040.58
3146,2025-11-08,CUST0125,Customer 0125,Oil,Grocery,South,3,1500,4230.0,0.06,758.0
3147,2025-10-22,CUST0452,Customer 0452,Chair,Furniture,South,4,7000,26600.0,0.05,5205.13
3148,2025-03-16,CUST0115,Customer 0115,Laptop,Electronics,West,5,65000,302250.0,0.07,52116.43
3149,2025-04-22,CUST0295,Customer 0295,Rice,Grocery,East,5,1000,4350.0,0.13,1192.4
3150,2025-02-21,CUST0128,Customer 0128,Headphones,Electronics,West,1,3000,2430.0,0.19,727.77
3151,2025-03-08,CUST0032,Customer 0032,Oil,Grocery,North,2,1500,2940.0,0.02,544.85
3152,2025-09-03,CUST0168,Customer 0168,Chair,Furniture,West,5,7000,32550.0,0.07,4659.68
3153,2025-07-09,CUST0173,Customer 0173,T-Shirt,Fashion,North,5,1200,5820.0,0.03,1461.43
3154,2025-05-06,CUST0006,Customer 0006,Laptop,Electronics,East,3,65000,183300.0,0.06,32118.6
3155,2025-07-15,CUST0476,Customer 0476,Phone,Electronics,North,2,30000,51600.0,0.14,6664.56
3156,2025-01-15,CUST0073,Customer 0073,Oil,Grocery,South,3,1500,4410.0,0.02,1108.38
3157,2025-08-25,CUST0171,Customer 0171,Shoes,Fashion,South,3,4000,10680.0,0.11,2252.19
3158,2025-06-19,CUST0299,Customer 0299,Desk,Furniture,West,4,12000,38880.0,0.19,7860.87
3159,2025-02-10,CUST0473,Customer 0473,Coffee,Grocery,East,5,500,2400.0,0.04,228.32
3160,2025-10-10,CUST0153,Customer 0153,Keyboard,Electronics,South,3,2500,6450.0,0.14,1078.7
3161,2025-02-13,CUST0038,Customer 0038,Keyboard,Electronics,South,5,2500,11125.0,0.11,1007.62
3162,2025-06-01,CUST0456,Customer 0456,Headphones,Electronics,South,2,3000,4980.0,0.17,571.04
3163,2025-01-18,CUST0440,Customer 0440,Keyboard,Electronics,East,2,2500,4700.0,0.06,678.71
3164,2025-07-28,CUST0107,Customer 0107,Rice,Grocery,West,1,1000,1000.0,0.0,131.04
3165,2025-10-24,CUST0213,Customer 0213,Jeans,Fashion,North,4,2500,8400.0,0.16,1670.42
3166,2025-01-17,CUST0283,Customer 0283,Rice,Grocery,East,3,1000,2580.0,0.14,715.64
3167,2025-07-15,CUST0386,Customer 0386,Coffee,Grocery,North,1,500,485.0,0.03,124.66
3168,2025-11-28,CUST0340,Customer 0340,T-Shirt,Fashion,East,4,1200,3936.0,0.18,370.66
3169,2025-04-07,CUST0020,Customer 0020,Chair,Furniture,South,2,7000,11620.0,0.17,1079.01
3170,2025-10-02,CUST0407,Customer 0407,Desk,Furniture,East,1,12000,11640.0,0.03,3018.42
3171,2025-08-05,CUST0201,Customer 0201,Desk,Furniture,South,2,12000,21840.0,0.09,3365.33
3172,2025-04-12,CUST0103,Customer 0103,Headphones,Electronics,South,5,3000,12000.0,0.2,2606.33
3173,2025-01-05,CUST0070,Customer 0070,Laptop,Electronics,North,2,65000,120900.0,0.07,24929.06
3174,2025-04-21,CUST0105,Customer 0105,Laptop,Electronics,West,2,65000,130000.0,0.0,16041.88
3175,2025-08-28,CUST0226,Customer 0226,Phone,Electronics,West,1,30000,26100.0,0.13,4544.29
3176,2025-07-06,CUST0478,Customer 0478,Laptop,Electronics,West,4,65000,215800.0,0.17,24005.33
3177,2025-11-09,CUST0313,Customer 0313,Desk,Furniture,South,3,12000,34200.0,0.05,8366.91
3178,2025-05-23,CUST0329,Customer 0329,Desk,Furniture,South,2,12000,23760.0,0.01,6822.53
3179,2025-04-29,CUST0377,Customer 0377,Coffee,Grocery,South,5,500,2125.0,0.15,551.51
3180,2025-05-01,CUST0015,Customer 0015,Keyboard,Electronics,South,3,2500,6450.0,0.14,1865.13
3181,2025-01-24,CUST0066,Customer 0066,Jeans,Fashion,North,3,2500,6825.0,0.09,1967.24
3182,2025-02-16,CUST0233,Customer 0233,Oil,Grocery,South,2,1500,2430.0,0.19,548.26
3183,2025-05-30,CUST0027,Customer 0027,Desk,Furniture,West,1,12000,10920.0,0.09,2984.53
3184,2025-05-13,CUST0339,Customer 0339,Jeans,Fashion,West,4,2500,8500.0,0.15,2472.29
3185,2025-11-25,CUST0326,Customer 0326,Oil,Grocery,North,4,1500,5640.0,0.06,774.37
3186,2025-11-15,CUST0403,Customer 0403,Coffee,Grocery,East,2,500,810.0,0.19,73.72
3187,2025-11-24,CUST0278,Customer 0278,Keyboard,Electronics,West,5,2500,10375.0,0.17,1835.91
3188,2025-11-19,CUST0076,Customer 0076,Desk,Furniture,South,5,12000,49800.0,0.17,4686.16
3189,2025-06-12,CUST0307,Customer 0307,Laptop,Electronics,West,5,65000,273000.0,0.16,42455.12
3190,2025-10-01,CUST0145,Customer 0145,Oil,Grocery,South,3,1500,3690.0,0.18,883.52
3191,2025-05-07,CUST0249,Customer 0249,Keyboard,Electronics,North,2,2500,4550.0,0.09,1134.19
3192,2025-04-06,CUST0052,Customer 0052,Headphones,Electronics,West,1,3000,2940.0,0.02,265.69
3193,2025-09-20,CUST0022,Customer 0022,Keyboard,Electronics,North,3,2500,6000.0,0.2,1209.69
3194,2025-12-09,CUST0470,Customer 0470,Phone,Electronics,West,4,30000,99600.0,0.17,26877.05
3195,2025-05-30,CUST0356,Customer 0356,Laptop,Electronics,East,2,65000,114400.0,0.12,18024.27
3196,2025-12-22,CUST0182,Customer 0182,Headphones,Electronics,North,5,3000,14100.0,0.06,3875.6
3197,2025-09-10,CUST0053,Customer 0053,Headphones,Electronics,West,2,3000,5820.0,0.03,1095.85
3198,2025-05-11,CUST0128,Customer 0128,Keyboard,Electronics,East,5,2500,11375.0,0.09,1319.28
3199,2025-05-29,CUST0077,Customer 0077,Headphones,Electronics,East,1,3000,2760.0,0.08,449.64
3200,2025-12-17,CUST0416,Customer 0416,Chair,Furniture,South,5,7000,28700.0,0.18,4711.11
3201,2025-04-10,CUST0379,Customer 0379,Oil,Grocery,South,1,1500,1290.0,0.14,334.91
3202,2025-05-29,CUST0151,Customer 0151,Chair,Furniture,East,4,7000,22960.0,0.18,6047.05
3203,2025-09-15,CUST0431,Customer 0431,Jeans,Fashion,East,4,2500,9000.0,0.1,1868.62
3204,2025-01-07,CUST0139,Customer 0139,T-Shirt,Fashion,East,1,1200,1008.0,0.16,82.93
3205,2025-11-11,CUST0350,Customer 0350,Shoes,Fashion,East,5,4000,17200.0,0.14,1646.07
3206,2025-04-08,CUST0404,Customer 0404,Rice,Grocery,South,4,1000,3600.0,0.1,782.14
3207,2025-07-23,CUST0219,Customer 0219,Rice,Grocery,East,2,1000,1940.0,0.03,529.78
3208,2025-08-01,CUST0120,Customer 0120,Chair,Furniture,East,2,7000,12740.0,0.09,2415.02
3209,2025-03-29,CUST0082,Customer 0082,Desk,Furniture,West,5,12000,58200.0,0.03,10012.69
3210,2025-06-28,CUST0278,Customer 0278,Phone,Electronics,East,2,30000,50400.0,0.16,5515.81
3211,2025-10-21,CUST0372,Customer 0372,Headphones,Electronics,East,2,3000,5280.0,0.12,558.34
3212,2025-07-30,CUST0112,Customer 0112,Laptop,Electronics,West,2,65000,114400.0,0.12,17100.17
3213,2025-04-30,CUST0224,Customer 0224,Keyboard,Electronics,West,4,2500,8700.0,0.13,2250.86
3214,2025-03-30,CUST0424,Customer 0424,Coffee,Grocery,North,3,500,1305.0,0.13,378.28
3215,2025-08-09,CUST0194,Customer 0194,Phone,Electronics,North,3,30000,78300.0,0.13,17004.45
3216,2025-11-27,CUST0343,Customer 0343,Jeans,Fashion,North,3,2500,7350.0,0.02,919.1
3217,2025-04-25,CUST0336,Customer 0336,Jeans,Fashion,South,1,2500,2475.0,0.01,510.49
3218,2025-12-27,CUST0439,Customer 0439,Headphones,Electronics,South,1,3000,2520.0,0.16,248.01
3219,2025-02-18,CUST0487,Customer 0487,Headphones,Electronics,North,1,3000,2790.0,0.07,404.93
3220,2025-12-31,CUST0191,Customer 0191,Jeans,Fashion,West,2,2500,4150.0,0.17,828.16
3221,2025-07-25,CUST0153,Customer 0153,Laptop,Electronics,East,1,65000,55250.0,0.15,5753.83
3222,2025-05-15,CUST0285,Customer 0285,Jeans,Fashion,South,1,2500,2300.0,0.08,684.34
3223,2025-12-11,CUST0001,Customer 0001,Laptop,Electronics,West,4,65000,249600.0,0.04,70930.11
3224,2025-08-15,CUST0327,Customer 0327,Jeans,Fashion,East,4,2500,9500.0,0.05,1415.59
3225,2025-07-18,CUST0327,Customer 0327,Shoes,Fashion,East,3,4000,9720.0,0.19,1631.45
3226,2025-03-02,CUST0306,Customer 0306,Shoes,Fashion,North,2,4000,7680.0,0.04,1727.01
3227,2025-11-09,CUST0073,Customer 0073,Oil,Grocery,South,4,1500,5040.0,0.16,601.73
3228,2025-04-04,CUST0009,Customer 0009,Chair,Furniture,East,1,7000,6930.0,0.01,803.05
3229,2025-09-30,CUST0112,Customer 0112,Phone,Electronics,North,3,30000,76500.0,0.15,21900.83
3230,2025-02-16,CUST0242,Customer 0242,Coffee,Grocery,East,4,500,1940.0,0.03,479.72
3231,2025-10-22,CUST0354,Customer 0354,Jeans,Fashion,South,1,2500,2175.0,0.13,419.8
3232,2025-02-26,CUST0377,Customer 0377,Jeans,Fashion,West,1,2500,2475.0,0.01,674.54
3233,2025-07-29,CUST0011,Customer 0011,Oil,Grocery,East,2,1500,2580.0,0.14,241.81
3234,2025-04-11,CUST0383,Customer 0383,Headphones,Electronics,South,5,3000,13950.0,0.07,2785.45
3235,2025-02-19,CUST0002,Customer 0002,Desk,Furniture,South,1,12000,11160.0,0.07,1333.41
3236,2025-09-29,CUST0461,Customer 0461,Keyboard,Electronics,South,5,2500,10750.0,0.14,3072.03
3237,2025-08-02,CUST0432,Customer 0432,Coffee,Grocery,North,2,500,870.0,0.13,177.66
3238,2025-01-31,CUST0231,Customer 0231,Shoes,Fashion,West,5,4000,17200.0,0.14,1996.63
3239,2025-08-12,CUST0478,Customer 0478,Keyboard,Electronics,South,2,2500,4800.0,0.04,970.94
3240,2025-09-14,CUST0313,Customer 0313,Shoes,Fashion,North,2,4000,7680.0,0.04,1431.58
3241,2025-09-16,CUST0173,Customer 0173,Rice,Grocery,West,1,1000,820.0,0.18,239.41
3242,2025-04-01,CUST0204,Customer 0204,T-Shirt,Fashion,North,1,1200,1140.0,0.05,229.68
3243,2025-01-01,CUST0499,Customer 0499,Phone,Electronics,South,2,30000,58200.0,0.03,11132.79
3244,2025-04-13,CUST0461,Customer 0461,Keyboard,Electronics,South,5,2500,12125.0,0.03,2765.3
3245,2025-06-28,CUST0460,Customer 0460,Headphones,Electronics,North,4,3000,10200.0,0.15,2450.36
3246,2025-09-28,CUST0245,Customer 0245,Desk,Furniture,West,1,12000,11040.0,0.08,3058.56
3247,2025-07-17,CUST0049,Customer 0049,Rice,Grocery,East,1,1000,920.0,0.08,200.94
3248,2025-10-25,CUST0086,Customer 0086,Laptop,Electronics,East,5,65000,292500.0,0.1,78502.94
3249,2025-05-07,CUST0395,Customer 0395,Phone,Electronics,West,5,30000,145500.0,0.03,31060.43
3250,2025-03-01,CUST0236,Customer 0236,Jeans,Fashion,South,1,2500,2325.0,0.07,489.53
3251,2025-10-05,CUST0355,Customer 0355,Chair,Furniture,North,3,7000,18270.0,0.13,2177.84
3252,2025-03-19,CUST0360,Customer 0360,Shoes,Fashion,West,4,4000,14880.0,0.07,4311.26
3253,2025-10-01,CUST0197,Customer 0197,Headphones,Electronics,North,5,3000,12450.0,0.17,2570.23
3254,2025-03-12,CUST0166,Customer 0166,T-Shirt,Fashion,South,2,1200,2256.0,0.06,432.23
3255,2025-06-25,CUST0167,Customer 0167,Keyboard,Electronics,North,5,2500,11875.0,0.05,2086.84
3256,2025-08-16,CUST0378,Customer 0378,Chair,Furniture,West,2,7000,12320.0,0.12,2633.06
3257,2025-05-18,CUST0322,Customer 0322,T-Shirt,Fashion,East,2,1200,2040.0,0.15,348.11
3258,2025-02-02,CUST0392,Customer 0392,T-Shirt,Fashion,North,5,1200,5280.0,0.12,985.12
3259,2025-10-11,CUST0401,Customer 0401,Coffee,Grocery,East,4,500,1880.0,0.06,431.53
3260,2025-10-14,CUST0181,Customer 0181,Rice,Grocery,East,5,1000,4150.0,0.17,591.5
3261,2025-02-08,CUST0489,Customer 0489,Jeans,Fashion,East,2,2500,4200.0,0.16,1077.03
3262,2025-02-27,CUST0211,Customer 0211,T-Shirt,Fashion,East,2,1200,2256.0,0.06,407.96
3263,2025-04-16,CUST0205,Customer 0205,Oil,Grocery,West,5,1500,6675.0,0.11,1317.03
3264,2025-05-30,CUST0398,Customer 0398,Coffee,Grocery,North,5,500,2475.0,0.01,355.91
3265,2025-11-06,CUST0086,Customer 0086,Rice,Grocery,East,5,1000,4200.0,0.16,1145.27
3266,2025-03-29,CUST0061,Customer 0061,Laptop,Electronics,North,2,65000,119600.0,0.08,34858.55
3267,2025-07-23,CUST0205,Customer 0205,Chair,Furniture,South,5,7000,30800.0,0.12,2878.74
3268,2025-05-19,CUST0274,Customer 0274,Chair,Furniture,North,3,7000,18900.0,0.1,4714.38
3269,2025-10-12,CUST0450,Customer 0450,Jeans,Fashion,North,5,2500,11125.0,0.11,3031.4
3270,2025-06-18,CUST0248,Customer 0248,Chair,Furniture,West,5,7000,31150.0,0.11,6733.01
3271,2025-05-15,CUST0427,Customer 0427,Oil,Grocery,South,1,1500,1335.0,0.11,228.98
3272,2025-01-08,CUST0077,Customer 0077,T-Shirt,Fashion,South,3,1200,2952.0,0.18,266.84
3273,2025-01-24,CUST0348,Customer 0348,Desk,Furniture,East,4,12000,40800.0,0.15,6883.99
3274,2025-11-27,CUST0105,Customer 0105,Laptop,Electronics,East,3,65000,179400.0,0.08,18184.0
3275,2025-10-17,CUST0099,Customer 0099,T-Shirt,Fashion,East,5,1200,5220.0,0.13,1447.95
3276,2025-08-10,CUST0230,Customer 0230,Coffee,Grocery,North,1,500,450.0,0.1,83.51
3277,2025-12-01,CUST0061,Customer 0061,Jeans,Fashion,North,4,2500,9700.0,0.03,2650.05
3278,2025-01-16,CUST0058,Customer 0058,Rice,Grocery,North,2,1000,1820.0,0.09,501.38
3279,2025-01-25,CUST0119,Customer 0119,Chair,Furniture,South,3,7000,19740.0,0.06,5787.06
3280,2025-11-04,CUST0305,Customer 0305,Laptop,Electronics,West,4,65000,234000.0,0.1,52967.85
3281,2025-10-14,CUST0463,Customer 0463,Shoes,Fashion,West,3,4000,11640.0,0.03,3338.35
3282,2025-03-14,CUST0404,Customer 0404,Headphones,Electronics,West,1,3000,2820.0,0.06,439.14
3283,2025-09-02,CUST0071,Customer 0071,Desk,Furniture,South,4,12000,40800.0,0.15,4917.71
3284,2025-03-05,CUST0312,Customer 0312,Laptop,Electronics,East,3,65000,185250.0,0.05,52798.37
3285,2025-08-14,CUST0407,Customer 0407,Laptop,Electronics,West,3,65000,175500.0,0.1,32588.26
3286,2025-06-05,CUST0278,Customer 0278,Chair,Furniture,West,3,7000,19530.0,0.07,2519.84
3287,2025-06-17,CUST0088,Customer 0088,Phone,Electronics,West,2,30000,53400.0,0.11,7943.72
3288,2025-02-11,CUST0497,Customer 0497,Headphones,Electronics,North,3,3000,8370.0,0.07,1309.85
3289,2025-03-27,CUST0360,Customer 0360,Coffee,Grocery,South,1,500,500.0,0.0,67.41
3290,2025-12-04,CUST0095,Customer 0095,Phone,Electronics,South,1,30000,24300.0,0.19,6109.24
3291,2025-11-24,CUST0074,Customer 0074,Rice,Grocery,East,4,1000,3600.0,0.1,625.07
3292,2025-10-02,CUST0329,Customer 0329,Jeans,Fashion,East,2,2500,4400.0,0.12,889.9
3293,2025-10-11,CUST0167,Customer 0167,Headphones,Electronics,East,2,3000,5280.0,0.12,777.01
3294,2025-03-13,CUST0365,Customer 0365,Desk,Furniture,East,1,12000,11040.0,0.08,3257.35
3295,2025-09-08,CUST0189,Customer 0189,Coffee,Grocery,North,1,500,455.0,0.09,41.88
3296,2025-09-28,CUST0437,Customer 0437,Rice,Grocery,East,1,1000,930.0,0.07,197.01
3297,2025-08-18,CUST0233,Customer 0233,Chair,Furniture,South,3,7000,19110.0,0.09,4743.69
3298,2025-07-02,CUST0396,Customer 0396,Headphones,Electronics,East,3,3000,8190.0,0.09,1608.22
3299,2025-02-27,CUST0427,Customer 0427,T-Shirt,Fashion,West,1,1200,1116.0,0.07,163.0
3300,2025-04-13,CUST0134,Customer 0134,Chair,Furniture,West,5,7000,33600.0,0.04,5152.27
3301,2025-09-19,CUST0274,Customer 0274,Laptop,Electronics,West,2,65000,124800.0,0.04,24531.59
3302,2025-02-12,CUST0448,Customer 0448,Phone,Electronics,South,2,30000,57000.0,0.05,12639.64
3303,2025-08-07,CUST0480,Customer 0480,Laptop,Electronics,South,5,65000,295750.0,0.09,58466.38
3304,2025-10-13,CUST0035,Customer 0035,Desk,Furniture,North,2,12000,21600.0,0.1,3986.24
3305,2025-05-27,CUST0424,Customer 0424,Jeans,Fashion,East,4,2500,9600.0,0.04,2213.18
3306,2025-04-03,CUST0063,Customer 0063,T-Shirt,Fashion,South,3,1200,3312.0,0.08,870.99
3307,2025-06-17,CUST0374,Customer 0374,Keyboard,Electronics,North,4,2500,8400.0,0.16,2121.29
3308,2025-02-21,CUST0263,Customer 0263,Coffee,Grocery,South,1,500,465.0,0.07,107.33
3309,2025-05-30,CUST0143,Customer 0143,Shoes,Fashion,West,4,4000,15680.0,0.02,2907.42
3310,2025-03-25,CUST0304,Customer 0304,Shoes,Fashion,South,5,4000,16200.0,0.19,4813.44
3311,2025-04-18,CUST0417,Customer 0417,Shoes,Fashion,West,2,4000,7040.0,0.12,1454.68
3312,2025-11-19,CUST0407,Customer 0407,Shoes,Fashion,North,3,4000,9720.0,0.19,1507.77
3313,2025-12-20,CUST0019,Customer 0019,Phone,Electronics,West,1,30000,26700.0,0.11,5390.8
3314,2025-04-27,CUST0296,Customer 0296,Laptop,Electronics,East,5,65000,266500.0,0.18,70138.87
3315,2025-03-25,CUST0049,Customer 0049,Oil,Grocery,East,1,1500,1335.0,0.11,227.1
3316,2025-05-28,CUST0088,Customer 0088,Rice,Grocery,East,3,1000,2760.0,0.08,667.77
3317,2025-11-14,CUST0385,Customer 0385,Rice,Grocery,West,5,1000,4300.0,0.14,895.37
3318,2025-03-29,CUST0288,Customer 0288,Desk,Furniture,East,4,12000,44640.0,0.07,10543.76
3319,2025-09-24,CUST0065,Customer 0065,Jeans,Fashion,South,1,2500,2075.0,0.17,189.44
3320,2025-02-06,CUST0226,Customer 0226,Oil,Grocery,North,5,1500,6825.0,0.09,1355.03
3321,2025-03-12,CUST0154,Customer 0154,Jeans,Fashion,West,5,2500,12000.0,0.04,2566.27
3322,2025-02-11,CUST0237,Customer 0237,Laptop,Electronics,East,3,65000,165750.0,0.15,32554.39
3323,2025-06-18,CUST0416,Customer 0416,Phone,Electronics,West,3,30000,75600.0,0.16,9476.03
3324,2025-03-23,CUST0268,Customer 0268,Shoes,Fashion,South,5,4000,19600.0,0.02,2353.76
3325,2025-11-23,CUST0016,Customer 0016,Keyboard,Electronics,North,5,2500,11250.0,0.1,2761.16
3326,2025-02-11,CUST0296,Customer 0296,Keyboard,Electronics,North,5,2500,10000.0,0.2,1881.71
3327,2025-05-21,CUST0484,Customer 0484,Desk,Furniture,South,5,12000,60000.0,0.0,15638.07
3328,2025-02-23,CUST0228,Customer 0228,T-Shirt,Fashion,West,5,1200,5940.0,0.01,887.66
3329,2025-08-05,CUST0300,Customer 0300,Keyboard,Electronics,East,2,2500,4200.0,0.16,681.27
3330,2025-09-16,CUST0276,Customer 0276,Laptop,Electronics,East,4,65000,210600.0,0.19,17398.83
3331,2025-04-10,CUST0065,Customer 0065,Rice,Grocery,North,4,1000,4000.0,0.0,975.08
3332,2025-10-22,CUST0124,Customer 0124,Coffee,Grocery,South,1,500,500.0,0.0,145.44
3333,2025-10-21,CUST0243,Customer 0243,Chair,Furniture,North,2,7000,12180.0,0.13,1818.87
3334,2025-05-05,CUST0371,Customer 0371,Shoes,Fashion,East,1,4000,3560.0,0.11,825.27
3335,2025-10-01,CUST0409,Customer 0409,Phone,Electronics,East,5,30000,129000.0,0.14,11532.29
3336,2025-02-01,CUST0451,Customer 0451,Headphones,Electronics,West,3,3000,8640.0,0.04,1567.54
3337,2025-02-05,CUST0464,Customer 0464,Desk,Furniture,West,5,12000,54000.0,0.1,8823.88
3338,2025-03-13,CUST0469,Customer 0469,T-Shirt,Fashion,West,1,1200,1152.0,0.04,180.53
3339,2025-10-18,CUST0126,Customer 0126,Keyboard,Electronics,North,3,2500,7125.0,0.05,1539.78
3340,2025-11-17,CUST0171,Customer 0171,Jeans,Fashion,West,3,2500,6000.0,0.2,1769.08
3341,2025-02-16,CUST0188,Customer 0188,Rice,Grocery,East,3,1000,2730.0,0.09,366.33
3342,2025-07-17,CUST0421,Customer 0421,Shoes,Fashion,East,2,4000,7040.0,0.12,1443.07
3343,2025-06-27,CUST0405,Customer 0405,Phone,Electronics,North,1,30000,27600.0,0.08,3702.32
3344,2025-12-04,CUST0069,Customer 0069,Jeans,Fashion,North,2,2500,4550.0,0.09,545.89
3345,2025-03-23,CUST0279,Customer 0279,Coffee,Grocery,West,4,500,1600.0,0.2,356.86
3346,2025-01-03,CUST0176,Customer 0176,Keyboard,Electronics,East,3,2500,7200.0,0.04,706.22
3347,2025-05-12,CUST0036,Customer 0036,Oil,Grocery,West,4,1500,5880.0,0.02,1625.97
3348,2025-06-15,CUST0325,Customer 0325,Keyboard,Electronics,East,3,2500,6675.0,0.11,1735.43
3349,2025-07-29,CUST0425,Customer 0425,Chair,Furniture,North,1,7000,5600.0,0.2,1634.83
3350,2025-04-07,CUST0343,Customer 0343,Jeans,Fashion,South,5,2500,12500.0,0.0,2348.64
3351,2025-01-05,CUST0136,Customer 0136,Headphones,Electronics,North,4,3000,11040.0,0.08,1908.69
3352,2025-05-15,CUST0325,Customer 0325,Chair,Furniture,South,3,7000,19110.0,0.09,3752.27
3353,2025-10-31,CUST0163,Customer 0163,Keyboard,Electronics,North,1,2500,2200.0,0.12,454.36
3354,2025-08-03,CUST0254,Customer 0254,Shoes,Fashion,North,3,4000,10320.0,0.14,2779.42
3355,2025-10-19,CUST0089,Customer 0089,Headphones,Electronics,West,5,3000,13350.0,0.11,3588.52
3356,2025-05-19,CUST0447,Customer 0447,Desk,Furniture,East,3,12000,35280.0,0.02,8309.17
3357,2025-10-03,CUST0384,Customer 0384,T-Shirt,Fashion,East,2,1200,1992.0,0.17,213.39
3358,2025-04-11,CUST0011,Customer 0011,Rice,Grocery,North,4,1000,3360.0,0.16,978.33
3359,2025-02-24,CUST0388,Customer 0388,Shoes,Fashion,North,3,4000,10080.0,0.16,2504.34
3360,2025-04-14,CUST0157,Customer 0157,Keyboard,Electronics,North,5,2500,11250.0,0.1,2193.73
3361,2025-09-17,CUST0253,Customer 0253,Keyboard,Electronics,East,5,2500,11375.0,0.09,2541.38
3362,2025-09-20,CUST0114,Customer 0114,Oil,Grocery,West,2,1500,2880.0,0.04,410.32
3363,2025-08-19,CUST0008,Customer 0008,Chair,Furniture,North,1,7000,6650.0,0.05,544.33
3364,2025-11-15,CUST0468,Customer 0468,Phone,Electronics,West,3,30000,86400.0,0.04,22610.8
3365,2025-01-12,CUST0096,Customer 0096,Jeans,Fashion,South,2,2500,4600.0,0.08,720.86
3366,2025-01-21,CUST0474,Customer 0474,Chair,Furniture,South,1,7000,6090.0,0.13,715.48
3367,2025-02-13,CUST0313,Customer 0313,Laptop,Electronics,East,3,65000,177450.0,0.09,19425.29
3368,2025-05-24,CUST0034,Customer 0034,Laptop,Electronics,East,1,65000,55900.0,0.14,10556.41
3369,2025-02-21,CUST0290,Customer 0290,Keyboard,Electronics,South,2,2500,4750.0,0.05,1422.73
3370,2025-10-10,CUST0330,Customer 0330,Phone,Electronics,East,1,30000,26400.0,0.12,6262.32
3371,2025-02-20,CUST0489,Customer 0489,Rice,Grocery,West,2,1000,1940.0,0.03,273.44
3372,2025-01-15,CUST0301,Customer 0301,Oil,Grocery,East,5,1500,6825.0,0.09,1663.73
3373,2025-10-22,CUST0209,Customer 0209,Keyboard,Electronics,West,2,2500,4800.0,0.04,466.5
3374,2025-06-02,CUST0407,Customer 0407,Headphones,Electronics,South,2,3000,5640.0,0.06,780.03
3375,2025-03-30,CUST0215,Customer 0215,Phone,Electronics,North,1,30000,26700.0,0.11,5788.79
3376,2025-04-09,CUST0157,Customer 0157,Shoes,Fashion,South,5,4000,18200.0,0.09,4208.92
3377,2025-01-26,CUST0244,Customer 0244,Laptop,Electronics,South,2,65000,115700.0,0.11,20675.96
3378,2025-01-29,CUST0479,Customer 0479,Headphones,Electronics,South,1,3000,2970.0,0.01,456.63
3379,2025-07-20,CUST0458,Customer 0458,Shoes,Fashion,West,2,4000,7920.0,0.01,1261.55
3380,2025-10-06,CUST0299,Customer 0299,Laptop,Electronics,East,1,65000,60450.0,0.07,11163.61
3381,2025-01-16,CUST0031,Customer 0031,Phone,Electronics,North,4,30000,114000.0,0.05,17485.14
3382,2025-01-14,CUST0409,Customer 0409,T-Shirt,Fashion,North,2,1200,2112.0,0.12,210.53
3383,2025-12-02,CUST0232,Customer 0232,Headphones,Electronics,West,2,3000,5880.0,0.02,734.55
3384,2025-10-17,CUST0022,Customer 0022,Oil,Grocery,West,5,1500,6825.0,0.09,659.47
3385,2025-09-11,CUST0073,Customer 0073,Headphones,Electronics,East,1,3000,3000.0,0.0,783.59
3386,2025-12-30,CUST0397,Customer 0397,Chair,Furniture,North,4,7000,23520.0,0.16,7049.76
3387,2025-10-19,CUST0086,Customer 0086,Jeans,Fashion,East,1,2500,2275.0,0.09,185.15
3388,2025-06-06,CUST0126,Customer 0126,Shoes,Fashion,South,1,4000,3200.0,0.2,357.87
3389,2025-06-04,CUST0151,Customer 0151,Headphones,Electronics,West,2,3000,5580.0,0.07,560.37
3390,2025-01-08,CUST0074,Customer 0074,Desk,Furniture,North,2,12000,23040.0,0.04,4822.2
3391,2025-03-14,CUST0489,Customer 0489,Oil,Grocery,West,1,1500,1320.0,0.12,194.2
3392,2025-08-31,CUST0453,Customer 0453,Headphones,Electronics,South,4,3000,10560.0,0.12,1328.59
3393,2025-08-04,CUST0329,Customer 0329,Rice,Grocery,South,3,1000,2820.0,0.06,364.97
3394,2025-08-29,CUST0210,Customer 0210,Phone,Electronics,North,4,30000,105600.0,0.12,15420.11
3395,2025-12-13,CUST0069,Customer 0069,Chair,Furniture,East,3,7000,17430.0,0.17,2771.37
3396,2025-02-27,CUST0196,Customer 0196,Laptop,Electronics,North,2,65000,127400.0,0.02,26307.33
3397,2025-06-13,CUST0490,Customer 0490,Jeans,Fashion,West,5,2500,10250.0,0.18,1025.02
3398,2025-10-04,CUST0451,Customer 0451,Shoes,Fashion,West,3,4000,10200.0,0.15,2616.44
3399,2025-05-11,CUST0246,Customer 0246,Jeans,Fashion,West,4,2500,8400.0,0.16,2350.54
3400,2025-03-06,CUST0110,Customer 0110,T-Shirt,Fashion,East,4,1200,3840.0,0.2,1074.16
3401,2025-06-09,CUST0234,Customer 0234,Chair,Furniture,North,1,7000,6300.0,0.1,823.78
3402,2025-10-17,CUST0057,Customer 0057,Coffee,Grocery,South,1,500,450.0,0.1,97.35
3403,2025-02-13,CUST0224,Customer 0224,Chair,Furniture,South,1,7000,6930.0,0.01,1425.37
3404,2025-07-21,CUST0312,Customer 0312,Oil,Grocery,South,2,1500,2490.0,0.17,629.45
3405,2025-05-23,CUST0277,Customer 0277,Chair,Furniture,North,5,7000,31850.0,0.09,5694.47
3406,2025-09-16,CUST0081,Customer 0081,Phone,Electronics,East,2,30000,53400.0,0.11,10472.41
3407,2025-05-21,CUST0222,Customer 0222,Headphones,Electronics,North,2,3000,5160.0,0.14,423.84
3408,2025-03-27,CUST0103,Customer 0103,Oil,Grocery,North,4,1500,5160.0,0.14,1255.74
3409,2025-07-03,CUST0463,Customer 0463,Desk,Furniture,North,1,12000,9840.0,0.18,2435.4
3410,2025-02-01,CUST0011,Customer 0011,Laptop,Electronics,East,5,65000,292500.0,0.1,39401.71
3411,2025-07-26,CUST0233,Customer 0233,Keyboard,Electronics,North,5,2500,12250.0,0.02,993.01
3412,2025-03-04,CUST0130,Customer 0130,Phone,Electronics,North,4,30000,100800.0,0.16,8577.21
3413,2025-07-16,CUST0291,Customer 0291,Oil,Grocery,West,2,1500,2520.0,0.16,278.59
3414,2025-04-14,CUST0479,Customer 0479,T-Shirt,Fashion,West,5,1200,5220.0,0.13,1502.92
3415,2025-11-13,CUST0023,Customer 0023,Shoes,Fashion,East,1,4000,3560.0,0.11,858.93
3416,2025-10-06,CUST0432,Customer 0432,Phone,Electronics,West,5,30000,136500.0,0.09,40949.25
3417,2025-05-06,CUST0021,Customer 0021,Laptop,Electronics,East,1,65000,53300.0,0.18,13831.66
3418,2025-12-17,CUST0113,Customer 0113,Keyboard,Electronics,South,4,2500,9800.0,0.02,992.66
3419,2025-08-17,CUST0043,Customer 0043,Phone,Electronics,East,5,30000,123000.0,0.18,18454.3
3420,2025-12-22,CUST0133,Customer 0133,Desk,Furniture,East,5,12000,58200.0,0.03,11996.93
3421,2025-03-18,CUST0499,Customer 0499,Laptop,Electronics,North,2,65000,113100.0,0.13,29076.02
3422,2025-02-05,CUST0186,Customer 0186,Keyboard,Electronics,West,3,2500,6375.0,0.15,899.52
3423,2025-01-16,CUST0229,Customer 0229,Desk,Furniture,East,4,12000,38880.0,0.19,8304.23
3424,2025-05-26,CUST0298,Customer 0298,Oil,Grocery,South,3,1500,3735.0,0.17,653.73
3425,2025-01-28,CUST0049,Customer 0049,Laptop,Electronics,North,5,65000,315250.0,0.03,86338.02
3426,2025-03-13,CUST0362,Customer 0362,Jeans,Fashion,South,1,2500,2150.0,0.14,243.99
3427,2025-12-01,CUST0114,Customer 0114,Jeans,Fashion,North,4,2500,8800.0,0.12,2189.02
3428,2025-03-18,CUST0493,Customer 0493,Shoes,Fashion,North,2,4000,7920.0,0.01,1237.6
3429,2025-09-12,CUST0135,Customer 0135,Oil,Grocery,East,3,1500,3690.0,0.18,674.77
3430,2025-11-23,CUST0498,Customer 0498,Keyboard,Electronics,South,4,2500,9400.0,0.06,2718.74
3431,2025-06-26,CUST0233,Customer 0233,Laptop,Electronics,North,1,65000,61100.0,0.06,7031.6
3432,2025-10-14,CUST0487,Customer 0487,Headphones,Electronics,North,5,3000,12900.0,0.14,1336.18
3433,2025-12-18,CUST0215,Customer 0215,Phone,Electronics,East,2,30000,50400.0,0.16,14837.84
3434,2025-10-17,CUST0010,Customer 0010,Chair,Furniture,West,4,7000,27440.0,0.02,2386.61
3435,2025-11-05,CUST0089,Customer 0089,Keyboard,Electronics,North,1,2500,2375.0,0.05,403.39
3436,2025-02-13,CUST0066,Customer 0066,Jeans,Fashion,North,2,2500,4500.0,0.1,813.7
3437,2025-02-15,CUST0371,Customer 0371,Oil,Grocery,West,2,1500,2880.0,0.04,803.22
3438,2025-02-05,CUST0180,Customer 0180,Phone,Electronics,East,2,30000,59400.0,0.01,16571.35
3439,2025-01-06,CUST0255,Customer 0255,Oil,Grocery,East,4,1500,5460.0,0.09,827.31
3440,2025-06-09,CUST0196,Customer 0196,Oil,Grocery,South,1,1500,1215.0,0.19,178.85
3441,2025-03-15,CUST0226,Customer 0226,Shoes,Fashion,North,2,4000,6640.0,0.17,969.21
3442,2025-02-24,CUST0319,Customer 0319,Phone,Electronics,South,3,30000,85500.0,0.05,13723.54
3443,2025-06-08,CUST0252,Customer 0252,Headphones,Electronics,West,3,3000,8550.0,0.05,1734.23
3444,2025-02-12,CUST0252,Customer 0252,Shoes,Fashion,North,5,4000,19400.0,0.03,5564.78
3445,2025-12-14,CUST0065,Customer 0065,T-Shirt,Fashion,West,2,1200,2208.0,0.08,656.02
3446,2025-08-03,CUST0361,Customer 0361,Shoes,Fashion,South,3,4000,9720.0,0.19,2452.33
3447,2025-03-08,CUST0142,Customer 0142,Phone,Electronics,West,5,30000,123000.0,0.18,33757.63
3448,2025-10-07,CUST0227,Customer 0227,Jeans,Fashion,West,3,2500,6300.0,0.16,910.72
3449,2025-02-11,CUST0340,Customer 0340,Headphones,Electronics,North,5,3000,14850.0,0.01,1866.53
3450,2025-01-19,CUST0212,Customer 0212,Phone,Electronics,East,5,30000,141000.0,0.06,28825.7
3451,2025-03-16,CUST0065,Customer 0065,Keyboard,Electronics,East,3,2500,6225.0,0.17,1609.62
3452,2025-01-28,CUST0158,Customer 0158,Oil,Grocery,South,4,1500,4920.0,0.18,1209.62
3453,2025-02-26,CUST0078,Customer 0078,Phone,Electronics,East,3,30000,75600.0,0.16,13246.72
3454,2025-11-06,CUST0378,Customer 0378,Desk,Furniture,South,2,12000,22320.0,0.07,4608.26
3455,2025-01-09,CUST0497,Customer 0497,Shoes,Fashion,North,3,4000,10080.0,0.16,2231.91
3456,2025-03-05,CUST0052,Customer 0052,Rice,Grocery,North,5,1000,4500.0,0.1,553.61
3457,2025-09-29,CUST0076,Customer 0076,T-Shirt,Fashion,South,2,1200,2400.0,0.0,545.07
3458,2025-06-07,CUST0116,Customer 0116,Desk,Furniture,South,5,12000,50400.0,0.16,9580.91
3459,2025-02-03,CUST0271,Customer 0271,Jeans,Fashion,North,3,2500,6600.0,0.12,1137.51
3460,2025-07-27,CUST0208,Customer 0208,Chair,Furniture,North,1,7000,6510.0,0.07,661.64
3461,2025-01-23,CUST0094,Customer 0094,Phone,Electronics,South,2,30000,50400.0,0.16,8146.42
3462,2025-12-03,CUST0384,Customer 0384,Chair,Furniture,North,1,7000,5880.0,0.16,711.64
3463,2025-03-02,CUST0363,Customer 0363,Shoes,Fashion,West,1,4000,3760.0,0.06,916.22
3464,2025-01-03,CUST0422,Customer 0422,Keyboard,Electronics,West,4,2500,9700.0,0.03,2298.67
3465,2025-01-28,CUST0030,Customer 0030,Keyboard,Electronics,North,2,2500,4950.0,0.01,1157.07
3466,2025-11-01,CUST0229,Customer 0229,Jeans,Fashion,North,5,2500,11000.0,0.12,3088.05
3467,2025-02-11,CUST0046,Customer 0046,Chair,Furniture,West,1,7000,5670.0,0.19,715.38
3468,2025-03-01,CUST0124,Customer 0124,Phone,Electronics,West,4,30000,102000.0,0.15,21392.73
3469,2025-11-30,CUST0285,Customer 0285,Shoes,Fashion,West,1,4000,3360.0,0.16,346.39
3470,2025-03-21,CUST0390,Customer 0390,Desk,Furniture,East,5,12000,48000.0,0.2,14300.99
3471,2025-02-20,CUST0298,Customer 0298,Rice,Grocery,East,3,1000,2490.0,0.17,547.67
3472,2025-07-06,CUST0472,Customer 0472,Laptop,Electronics,East,1,65000,63700.0,0.02,18524.28
3473,2025-04-25,CUST0173,Customer 0173,Jeans,Fashion,South,2,2500,4300.0,0.14,365.41
3474,2025-10-13,CUST0271,Customer 0271,Rice,Grocery,South,4,1000,3600.0,0.1,290.74
3475,2025-08-28,CUST0307,Customer 0307,Laptop,Electronics,North,2,65000,118300.0,0.09,34071.41
3476,2025-08-07,CUST0015,Customer 0015,Jeans,Fashion,South,5,2500,12250.0,0.02,2638.96
3477,2025-03-08,CUST0458,Customer 0458,Keyboard,Electronics,West,5,2500,10250.0,0.18,2146.12
3478,2025-05-09,CUST0247,Customer 0247,T-Shirt,Fashion,South,1,1200,1068.0,0.11,199.43
3479,2025-01-21,CUST0230,Customer 0230,Shoes,Fashion,North,5,4000,16600.0,0.17,4613.6
3480,2025-04-04,CUST0409,Customer 0409,Chair,Furniture,East,5,7000,35000.0,0.0,8365.52
3481,2025-06-30,CUST0239,Customer 0239,Jeans,Fashion,East,1,2500,2500.0,0.0,558.23
3482,2025-04-10,CUST0409,Customer 0409,Headphones,Electronics,South,2,3000,4920.0,0.18,1437.04
3483,2025-03-04,CUST0201,Customer 0201,Coffee,Grocery,West,1,500,420.0,0.16,69.12
3484,2025-10-10,CUST0181,Customer 0181,T-Shirt,Fashion,West,3,1200,3312.0,0.08,608.99
3485,2025-08-15,CUST0350,Customer 0350,Rice,Grocery,North,3,1000,2970.0,0.01,642.54
3486,2025-05-06,CUST0296,Customer 0296,Desk,Furniture,North,2,12000,23520.0,0.02,2165.77
3487,2025-07-28,CUST0459,Customer 0459,Chair,Furniture,North,2,7000,12880.0,0.08,1042.9
3488,2025-04-22,CUST0102,Customer 0102,Desk,Furniture,East,1,12000,9600.0,0.2,2784.94
3489,2025-03-22,CUST0145,Customer 0145,Keyboard,Electronics,South,1,2500,2200.0,0.12,595.0
3490,2025-05-28,CUST0278,Customer 0278,Chair,Furniture,East,5,7000,34650.0,0.01,2951.79
3491,2025-02-24,CUST0379,Customer 0379,Shoes,Fashion,North,5,4000,16800.0,0.16,1619.7
3492,2025-06-11,CUST0440,Customer 0440,Keyboard,Electronics,North,1,2500,2425.0,0.03,390.49
3493,2025-07-13,CUST0244,Customer 0244,Oil,Grocery,West,3,1500,3825.0,0.15,907.09
3494,2025-12-24,CUST0149,Customer 0149,Shoes,Fashion,East,2,4000,7600.0,0.05,2058.85
3495,2025-04-30,CUST0159,Customer 0159,Jeans,Fashion,North,1,2500,2450.0,0.02,371.63
3496,2025-05-22,CUST0467,Customer 0467,T-Shirt,Fashion,West,4,1200,4560.0,0.05,1361.6
3497,2025-09-16,CUST0420,Customer 0420,Coffee,Grocery,West,4,500,1660.0,0.17,177.46
3498,2025-05-07,CUST0283,Customer 0283,Desk,Furniture,North,3,12000,30600.0,0.15,8603.7
3499,2025-03-12,CUST0280,Customer 0280,Phone,Electronics,North,4,30000,98400.0,0.18,15005.36
3500,2025-03-10,CUST0120,Customer 0120,Coffee,Grocery,North,3,500,1275.0,0.15,241.62
3501,2025-06-24,CUST0186,Customer 0186,Chair,Furniture,North,2,7000,12880.0,0.08,3690.83
3502,2025-12-10,CUST0416,Customer 0416,Coffee,Grocery,North,4,500,1940.0,0.03,468.62
3503,2025-03-20,CUST0152,Customer 0152,Chair,Furniture,East,4,7000,23800.0,0.15,6315.73
3504,2025-05-24,CUST0217,Customer 0217,T-Shirt,Fashion,West,4,1200,4656.0,0.03,739.29
3505,2025-02-22,CUST0014,Customer 0014,T-Shirt,Fashion,North,2,1200,2376.0,0.01,451.46
3506,2025-07-05,CUST0197,Customer 0197,Chair,Furniture,South,4,7000,24920.0,0.11,5509.01
3507,2025-09-04,CUST0341,Customer 0341,Oil,Grocery,East,1,1500,1440.0,0.04,269.38
3508,2025-04-27,CUST0272,Customer 0272,Laptop,Electronics,North,2,65000,106600.0,0.18,15481.68
3509,2025-06-04,CUST0258,Customer 0258,Desk,Furniture,South,4,12000,41760.0,0.13,6862.46
3510,2025-10-16,CUST0089,Customer 0089,Desk,Furniture,West,3,12000,30600.0,0.15,5103.28
3511,2025-03-17,CUST0458,Customer 0458,T-Shirt,Fashion,North,2,1200,2136.0,0.11,562.75
3512,2025-08-18,CUST0214,Customer 0214,Shoes,Fashion,West,3,4000,11640.0,0.03,2071.57
3513,2025-12-16,CUST0106,Customer 0106,Headphones,Electronics,South,4,3000,9720.0,0.19,2615.91
3514,2025-06-23,CUST0107,Customer 0107,Oil,Grocery,West,5,1500,6075.0,0.19,1021.79
3515,2025-12-21,CUST0071,Customer 0071,Desk,Furniture,West,5,12000,58200.0,0.03,16091.46
3516,2025-09-16,CUST0428,Customer 0428,T-Shirt,Fashion,North,5,1200,5940.0,0.01,1645.99
3517,2025-05-15,CUST0265,Customer 0265,Jeans,Fashion,North,4,2500,8800.0,0.12,1156.55
3518,2025-12-22,CUST0172,Customer 0172,Desk,Furniture,North,2,12000,22800.0,0.05,3563.82
3519,2025-12-18,CUST0269,Customer 0269,Coffee,Grocery,North,2,500,910.0,0.09,188.46
3520,2025-06-17,CUST0306,Customer 0306,T-Shirt,Fashion,East,4,1200,3888.0,0.19,975.24
3521,2025-04-09,CUST0350,Customer 0350,Rice,Grocery,West,3,1000,2760.0,0.08,255.88
3522,2025-09-14,CUST0305,Customer 0305,T-Shirt,Fashion,South,4,1200,4128.0,0.14,642.88
3523,2025-08-12,CUST0436,Customer 0436,Phone,Electronics,East,5,30000,129000.0,0.14,11103.89
3524,2025-03-17,CUST0433,Customer 0433,Headphones,Electronics,South,4,3000,11520.0,0.04,1941.55
3525,2025-08-22,CUST0374,Customer 0374,Keyboard,Electronics,South,2,2500,4950.0,0.01,587.73
3526,2025-09-04,CUST0053,Customer 0053,Phone,Electronics,West,1,30000,24900.0,0.17,6539.46
3527,2025-08-07,CUST0311,Customer 0311,Phone,Electronics,East,4,30000,117600.0,0.02,13660.88
3528,2025-03-22,CUST0316,Customer 0316,Jeans,Fashion,West,3,2500,7350.0,0.02,1021.69
3529,2025-10-23,CUST0284,Customer 0284,Keyboard,Electronics,West,1,2500,2325.0,0.07,666.81
3530,2025-10-24,CUST0005,Customer 0005,Keyboard,Electronics,North,5,2500,10375.0,0.17,1238.96
3531,2025-04-03,CUST0383,Customer 0383,Shoes,Fashion,East,5,4000,16800.0,0.16,1395.43
3532,2025-04-05,CUST0348,Customer 0348,Shoes,Fashion,West,3,4000,10800.0,0.1,1047.98
3533,2025-10-07,CUST0013,Customer 0013,Phone,Electronics,North,4,30000,109200.0,0.09,30046.71
3534,2025-04-21,CUST0413,Customer 0413,Phone,Electronics,North,4,30000,98400.0,0.18,17519.39
3535,2025-06-25,CUST0351,Customer 0351,Laptop,Electronics,South,1,65000,61100.0,0.06,7553.34
3536,2025-07-31,CUST0428,Customer 0428,T-Shirt,Fashion,South,2,1200,2280.0,0.05,322.68
3537,2025-02-27,CUST0442,Customer 0442,T-Shirt,Fashion,West,2,1200,2136.0,0.11,538.6
3538,2025-05-04,CUST0469,Customer 0469,Jeans,Fashion,North,1,2500,2225.0,0.11,646.89
3539,2025-07-23,CUST0388,Customer 0388,Desk,Furniture,East,3,12000,35640.0,0.01,9758.76
3540,2025-02-25,CUST0358,Customer 0358,Coffee,Grocery,West,2,500,850.0,0.15,110.05
3541,2025-12-25,CUST0081,Customer 0081,T-Shirt,Fashion,North,2,1200,2136.0,0.11,211.77
3542,2025-07-18,CUST0114,Customer 0114,Desk,Furniture,West,1,12000,11280.0,0.06,2819.2
3543,2025-01-31,CUST0065,Customer 0065,Shoes,Fashion,South,4,4000,14560.0,0.09,3233.69
3544,2025-08-21,CUST0442,Customer 0442,Headphones,Electronics,South,5,3000,13050.0,0.13,2065.78
3545,2025-10-29,CUST0251,Customer 0251,Chair,Furniture,North,5,7000,29750.0,0.15,6217.88
3546,2025-08-20,CUST0371,Customer 0371,Laptop,Electronics,North,5,65000,269750.0,0.17,47386.12
3547,2025-08-03,CUST0384,Customer 0384,T-Shirt,Fashion,North,3,1200,3060.0,0.15,814.66
3548,2025-03-28,CUST0023,Customer 0023,Jeans,Fashion,South,1,2500,2175.0,0.13,615.35
3549,2025-11-01,CUST0024,Customer 0024,Headphones,Electronics,East,2,3000,5100.0,0.15,1422.42
3550,2025-05-02,CUST0318,Customer 0318,Laptop,Electronics,North,3,65000,185250.0,0.05,38149.07
3551,2025-10-27,CUST0116,Customer 0116,Headphones,Electronics,South,2,3000,5580.0,0.07,682.63
3552,2025-03-30,CUST0004,Customer 0004,Headphones,Electronics,East,2,3000,5580.0,0.07,496.41
3553,2025-11-30,CUST0413,Customer 0413,Desk,Furniture,South,3,12000,29880.0,0.17,2780.74
3554,2025-06-22,CUST0146,Customer 0146,Desk,Furniture,East,1,12000,11400.0,0.05,1927.29
3555,2025-12-22,CUST0402,Customer 0402,Keyboard,Electronics,South,5,2500,12000.0,0.04,3008.02
3556,2025-03-25,CUST0151,Customer 0151,Keyboard,Electronics,South,4,2500,8200.0,0.18,1724.14
3557,2025-01-04,CUST0416,Customer 0416,Jeans,Fashion,South,1,2500,2325.0,0.07,567.9
3558,2025-03-04,CUST0065,Customer 0065,Chair,Furniture,North,3,7000,20580.0,0.02,5629.35
3559,2025-08-16,CUST0400,Customer 0400,Desk,Furniture,South,5,12000,55200.0,0.08,15438.79
3560,2025-01-29,CUST0061,Customer 0061,Headphones,Electronics,North,2,3000,4860.0,0.19,818.07
3561,2025-09-04,CUST0236,Customer 0236,Chair,Furniture,North,5,7000,32550.0,0.07,3750.14
3562,2025-07-16,CUST0094,Customer 0094,Coffee,Grocery,West,3,500,1305.0,0.13,267.0
3563,2025-06-25,CUST0319,Customer 0319,Phone,Electronics,North,5,30000,145500.0,0.03,24300.7
3564,2025-12-26,CUST0118,Customer 0118,Phone,Electronics,South,4,30000,111600.0,0.07,26667.98
3565,2025-08-05,CUST0438,Customer 0438,Chair,Furniture,West,4,7000,26320.0,0.06,5972.31
3566,2025-05-09,CUST0197,Customer 0197,Phone,Electronics,West,2,30000,51600.0,0.14,14235.32
3567,2025-03-03,CUST0230,Customer 0230,Keyboard,Electronics,East,1,2500,2500.0,0.0,526.2
3568,2025-06-11,CUST0448,Customer 0448,Headphones,Electronics,North,3,3000,8910.0,0.01,1038.62
3569,2025-02-02,CUST0182,Customer 0182,Oil,Grocery,East,2,1500,2490.0,0.17,393.46
3570,2025-02-18,CUST0139,Customer 0139,Keyboard,Electronics,East,2,2500,4900.0,0.02,1081.76
3571,2025-05-02,CUST0342,Customer 0342,Laptop,Electronics,West,5,65000,269750.0,0.17,50369.12
3572,2025-11-23,CUST0072,Customer 0072,Chair,Furniture,East,4,7000,24640.0,0.12,2658.83
3573,2025-03-09,CUST0079,Customer 0079,Phone,Electronics,East,5,30000,133500.0,0.11,31479.72
3574,2025-11-18,CUST0409,Customer 0409,Rice,Grocery,North,3,1000,2580.0,0.14,512.73
3575,2025-10-30,CUST0093,Customer 0093,Oil,Grocery,West,1,1500,1410.0,0.06,281.16
3576,2025-01-22,CUST0221,Customer 0221,T-Shirt,Fashion,South,4,1200,3984.0,0.17,492.5
3577,2025-05-01,CUST0388,Customer 0388,Headphones,Electronics,East,5,3000,13200.0,0.12,2676.98
3578,2025-02-18,CUST0184,Customer 0184,Coffee,Grocery,East,1,500,485.0,0.03,88.66
3579,2025-08-10,CUST0141,Customer 0141,Laptop,Electronics,East,5,65000,302250.0,0.07,57657.32
3580,2025-09-27,CUST0272,Customer 0272,Keyboard,Electronics,West,5,2500,12125.0,0.03,3036.88
3581,2025-12-30,CUST0407,Customer 0407,T-Shirt,Fashion,East,2,1200,2208.0,0.08,260.14
3582,2025-07-23,CUST0247,Customer 0247,Headphones,Electronics,South,5,3000,12600.0,0.16,2012.61
3583,2025-11-23,CUST0448,Customer 0448,Desk,Furniture,South,3,12000,35280.0,0.02,7367.61
3584,2025-10-12,CUST0082,Customer 0082,Headphones,Electronics,North,2,3000,4980.0,0.17,407.85
3585,2025-10-01,CUST0094,Customer 0094,Desk,Furniture,East,4,12000,46560.0,0.03,12768.76
3586,2025-08-17,CUST0089,Customer 0089,Jeans,Fashion,South,4,2500,9600.0,0.04,2374.13
3587,2025-11-27,CUST0007,Customer 0007,Phone,Electronics,East,2,30000,50400.0,0.16,6756.14
3588,2025-02-14,CUST0148,Customer 0148,Coffee,Grocery,North,5,500,2400.0,0.04,198.04
3589,2025-11-07,CUST0360,Customer 0360,Rice,Grocery,West,4,1000,3680.0,0.08,967.56
3590,2025-01-21,CUST0069,Customer 0069,Shoes,Fashion,East,4,4000,16000.0,0.0,4513.33
3591,2025-01-27,CUST0493,Customer 0493,Coffee,Grocery,West,3,500,1365.0,0.09,164.79
3592,2025-05-26,CUST0332,Customer 0332,Laptop,Electronics,North,1,65000,55900.0,0.14,12029.41
3593,2025-02-13,CUST0295,Customer 0295,Keyboard,Electronics,South,2,2500,4650.0,0.07,577.41
3594,2025-03-10,CUST0083,Customer 0083,Chair,Furniture,South,4,7000,27440.0,0.02,7927.97
3595,2025-07-15,CUST0437,Customer 0437,Laptop,Electronics,South,1,65000,59800.0,0.08,5063.8
3596,2025-08-25,CUST0249,Customer 0249,Rice,Grocery,North,1,1000,940.0,0.06,133.31
3597,2025-12-17,CUST0384,Customer 0384,Shoes,Fashion,South,1,4000,3640.0,0.09,640.29
3598,2025-07-20,CUST0145,Customer 0145,Keyboard,Electronics,North,5,2500,10750.0,0.14,1697.18
3599,2025-10-21,CUST0167,Customer 0167,Keyboard,Electronics,North,4,2500,9700.0,0.03,1355.12
3600,2025-08-16,CUST0423,Customer 0423,Shoes,Fashion,South,2,4000,6640.0,0.17,1514.75
3601,2025-04-12,CUST0403,Customer 0403,Shoes,Fashion,East,1,4000,4000.0,0.0,1144.43
3602,2025-05-25,CUST0365,Customer 0365,Phone,Electronics,North,4,30000,112800.0,0.06,32318.56
3603,2025-07-19,CUST0179,Customer 0179,Chair,Furniture,West,3,7000,20580.0,0.02,5036.96
3604,2025-04-02,CUST0238,Customer 0238,T-Shirt,Fashion,West,4,1200,4320.0,0.1,798.57
3605,2025-01-17,CUST0217,Customer 0217,Oil,Grocery,South,2,1500,2520.0,0.16,536.68
3606,2025-11-16,CUST0500,Customer 0500,Laptop,Electronics,West,3,65000,159900.0,0.18,41245.8
3607,2025-06-17,CUST0440,Customer 0440,Desk,Furniture,North,1,12000,10800.0,0.1,1912.72
3608,2025-09-11,CUST0318,Customer 0318,Coffee,Grocery,South,5,500,2400.0,0.04,350.28
3609,2025-01-22,CUST0452,Customer 0452,Headphones,Electronics,East,3,3000,8010.0,0.11,1425.5
3610,2025-05-17,CUST0040,Customer 0040,T-Shirt,Fashion,East,2,1200,2304.0,0.04,359.37
3611,2025-04-11,CUST0257,Customer 0257,Shoes,Fashion,North,5,4000,19000.0,0.05,3903.74
3612,2025-03-26,CUST0184,Customer 0184,Chair,Furniture,South,5,7000,32550.0,0.07,4218.05
3613,2025-08-03,CUST0287,Customer 0287,Coffee,Grocery,South,1,500,470.0,0.06,85.95
3614,2025-09-22,CUST0223,Customer 0223,Oil,Grocery,North,3,1500,4455.0,0.01,368.25
3615,2025-11-01,CUST0174,Customer 0174,Keyboard,Electronics,East,5,2500,10375.0,0.17,2258.44
3616,2025-09-04,CUST0380,Customer 0380,Chair,Furniture,South,2,7000,13720.0,0.02,3289.3
3617,2025-06-14,CUST0400,Customer 0400,Coffee,Grocery,South,5,500,2500.0,0.0,638.95
3618,2025-09-02,CUST0274,Customer 0274,Phone,Electronics,West,3,30000,78300.0,0.13,7123.77
3619,2025-11-28,CUST0326,Customer 0326,Shoes,Fashion,East,1,4000,3760.0,0.06,677.68
3620,2025-05-22,CUST0109,Customer 0109,T-Shirt,Fashion,West,1,1200,1104.0,0.08,179.44
3621,2025-11-30,CUST0494,Customer 0494,Desk,Furniture,West,4,12000,45600.0,0.05,7802.19
3622,2025-03-09,CUST0348,Customer 0348,Shoes,Fashion,North,2,4000,7360.0,0.08,2085.94
3623,2025-07-08,CUST0338,Customer 0338,Chair,Furniture,North,1,7000,6300.0,0.1,1635.64
3624,2025-01-31,CUST0077,Customer 0077,T-Shirt,Fashion,North,4,1200,3936.0,0.18,459.43
3625,2025-01-06,CUST0398,Customer 0398,Jeans,Fashion,West,3,2500,6975.0,0.07,1628.32
3626,2025-01-11,CUST0149,Customer 0149,Keyboard,Electronics,North,3,2500,6900.0,0.08,1891.34
3627,2025-06-22,CUST0461,Customer 0461,Laptop,Electronics,West,2,65000,111800.0,0.14,19869.72
3628,2025-10-31,CUST0261,Customer 0261,Keyboard,Electronics,West,2,2500,4950.0,0.01,922.04
3629,2025-12-07,CUST0109,Customer 0109,Laptop,Electronics,North,4,65000,236600.0,0.09,60125.0
3630,2025-10-08,CUST0478,Customer 0478,Headphones,Electronics,West,2,3000,5100.0,0.15,879.95
3631,2025-10-22,CUST0329,Customer 0329,Chair,Furniture,West,1,7000,6160.0,0.12,1537.79
3632,2025-09-18,CUST0332,Customer 0332,Jeans,Fashion,East,4,2500,9300.0,0.07,1771.87
3633,2025-12-13,CUST0307,Customer 0307,Laptop,Electronics,West,4,65000,236600.0,0.09,29611.48
3634,2025-04-15,CUST0156,Customer 0156,Rice,Grocery,West,2,1000,1720.0,0.14,400.06
3635,2025-07-24,CUST0013,Customer 0013,Oil,Grocery,North,3,1500,3780.0,0.16,832.7
3636,2025-12-10,CUST0327,Customer 0327,Chair,Furniture,West,5,7000,33950.0,0.03,8903.59
3637,2025-01-31,CUST0135,Customer 0135,Rice,Grocery,North,5,1000,4600.0,0.08,1076.56
3638,2025-10-07,CUST0443,Customer 0443,Shoes,Fashion,South,4,4000,15840.0,0.01,2628.9
3639,2025-02-01,CUST0391,Customer 0391,Phone,Electronics,North,4,30000,102000.0,0.15,21127.64
3640,2025-08-31,CUST0099,Customer 0099,Coffee,Grocery,North,5,500,2400.0,0.04,633.92
3641,2025-12-11,CUST0291,Customer 0291,Jeans,Fashion,West,2,2500,4500.0,0.1,916.23
3642,2025-12-26,CUST0166,Customer 0166,Keyboard,Electronics,North,2,2500,4550.0,0.09,822.0
3643,2025-10-01,CUST0217,Customer 0217,Chair,Furniture,East,5,7000,33250.0,0.05,5624.22
3644,2025-03-22,CUST0016,Customer 0016,Keyboard,Electronics,South,5,2500,11125.0,0.11,3224.13
3645,2025-02-14,CUST0346,Customer 0346,Keyboard,Electronics,North,3,2500,7050.0,0.06,2098.82
3646,2025-02-27,CUST0145,Customer 0145,Desk,Furniture,North,5,12000,52800.0,0.12,9085.84
3647,2025-07-14,CUST0307,Customer 0307,Headphones,Electronics,West,1,3000,2640.0,0.12,687.18
3648,2025-04-08,CUST0002,Customer 0002,Desk,Furniture,East,3,12000,28800.0,0.2,5665.26
3649,2025-04-29,CUST0288,Customer 0288,Jeans,Fashion,North,3,2500,6525.0,0.13,874.21
3650,2025-12-24,CUST0076,Customer 0076,Oil,Grocery,West,1,1500,1365.0,0.09,270.99
3651,2025-08-30,CUST0258,Customer 0258,Laptop,Electronics,East,4,65000,226200.0,0.13,65563.3
3652,2025-12-06,CUST0114,Customer 0114,Rice,Grocery,North,1,1000,930.0,0.07,206.41
3653,2025-02-22,CUST0195,Customer 0195,Rice,Grocery,South,3,1000,2460.0,0.18,511.19
3654,2025-12-01,CUST0262,Customer 0262,Phone,Electronics,North,3,30000,90000.0,0.0,25801.75
3655,2025-02-28,CUST0244,Customer 0244,Laptop,Electronics,East,5,65000,260000.0,0.2,44381.63
3656,2025-01-22,CUST0229,Customer 0229,Laptop,Electronics,North,2,65000,128700.0,0.01,28108.45
3657,2025-09-23,CUST0328,Customer 0328,Phone,Electronics,South,4,30000,116400.0,0.03,13158.9
3658,2025-11-04,CUST0485,Customer 0485,Shoes,Fashion,East,5,4000,19400.0,0.03,5265.67
3659,2025-06-03,CUST0432,Customer 0432,Jeans,Fashion,North,3,2500,6375.0,0.15,552.34
3660,2025-08-23,CUST0076,Customer 0076,Jeans,Fashion,South,5,2500,10875.0,0.13,3181.01
3661,2025-11-25,CUST0332,Customer 0332,T-Shirt,Fashion,North,3,1200,3528.0,0.02,607.41
3662,2025-08-05,CUST0480,Customer 0480,Coffee,Grocery,West,1,500,430.0,0.14,118.08
3663,2025-02-26,CUST0088,Customer 0088,T-Shirt,Fashion,North,4,1200,4416.0,0.08,368.39
3664,2025-09-29,CUST0069,Customer 0069,Laptop,Electronics,South,2,65000,114400.0,0.12,20635.89
3665,2025-08-04,CUST0100,Customer 0100,Rice,Grocery,West,3,1000,2820.0,0.06,361.06
3666,2025-11-19,CUST0334,Customer 0334,Headphones,Electronics,West,3,3000,8370.0,0.07,1630.66
3667,2025-01-04,CUST0042,Customer 0042,Headphones,Electronics,South,1,3000,2550.0,0.15,369.63
3668,2025-06-02,CUST0084,Customer 0084,Rice,Grocery,North,3,1000,2880.0,0.04,608.45
3669,2025-03-21,CUST0490,Customer 0490,Keyboard,Electronics,East,4,2500,9300.0,0.07,762.32
3670,2025-10-19,CUST0232,Customer 0232,Shoes,Fashion,West,1,4000,3800.0,0.05,618.94
3671,2025-01-01,CUST0068,Customer 0068,Chair,Furniture,East,2,7000,12880.0,0.08,1407.15
3672,2025-01-22,CUST0181,Customer 0181,Desk,Furniture,North,2,12000,20640.0,0.14,3580.65
3673,2025-12-25,CUST0273,Customer 0273,T-Shirt,Fashion,North,3,1200,3024.0,0.16,427.12
3674,2025-05-05,CUST0448,Customer 0448,Shoes,Fashion,South,3,4000,9960.0,0.17,2766.39
3675,2025-03-02,CUST0181,Customer 0181,Oil,Grocery,East,5,1500,6825.0,0.09,1294.37
3676,2025-05-22,CUST0481,Customer 0481,Oil,Grocery,South,4,1500,5520.0,0.08,1654.86
3677,2025-04-29,CUST0220,Customer 0220,Laptop,Electronics,West,4,65000,239200.0,0.08,43532.1
3678,2025-05-26,CUST0300,Customer 0300,Phone,Electronics,West,2,30000,55800.0,0.07,8274.62
3679,2025-12-08,CUST0464,Customer 0464,Headphones,Electronics,South,2,3000,5100.0,0.15,1475.38
3680,2025-11-06,CUST0269,Customer 0269,Shoes,Fashion,South,2,4000,7760.0,0.03,1322.0
3681,2025-01-06,CUST0197,Customer 0197,Shoes,Fashion,West,4,4000,15840.0,0.01,2848.27
3682,2025-04-01,CUST0097,Customer 0097,Desk,Furniture,South,4,12000,42240.0,0.12,8862.03
3683,2025-10-29,CUST0469,Customer 0469,Oil,Grocery,South,5,1500,6300.0,0.16,1521.35
3684,2025-04-21,CUST0165,Customer 0165,Jeans,Fashion,West,4,2500,8300.0,0.17,1394.07
3685,2025-12-30,CUST0254,Customer 0254,T-Shirt,Fashion,West,5,1200,5760.0,0.04,1622.02
3686,2025-01-07,CUST0155,Customer 0155,Phone,Electronics,East,2,30000,57000.0,0.05,6725.24
3687,2025-11-08,CUST0417,Customer 0417,Keyboard,Electronics,South,1,2500,2325.0,0.07,494.5
3688,2025-11-03,CUST0044,Customer 0044,Headphones,Electronics,North,2,3000,5520.0,0.08,477.22
3689,2025-05-29,CUST0153,Customer 0153,Laptop,Electronics,North,4,65000,210600.0,0.19,23649.26
3690,2025-06-06,CUST0380,Customer 0380,Rice,Grocery,North,2,1000,1660.0,0.17,450.79
3691,2025-04-22,CUST0154,Customer 0154,Phone,Electronics,West,1,30000,28800.0,0.04,7445.84
3692,2025-06-14,CUST0078,Customer 0078,Rice,Grocery,West,5,1000,4550.0,0.09,397.21
3693,2025-11-26,CUST0168,Customer 0168,Rice,Grocery,South,4,1000,3760.0,0.06,914.82
3694,2025-06-01,CUST0466,Customer 0466,Laptop,Electronics,South,3,65000,171600.0,0.12,40510.06
3695,2025-01-29,CUST0266,Customer 0266,Headphones,Electronics,West,2,3000,5580.0,0.07,731.36
3696,2025-08-07,CUST0220,Customer 0220,Coffee,Grocery,West,1,500,440.0,0.12,60.47
3697,2025-03-06,CUST0469,Customer 0469,Coffee,Grocery,North,5,500,2050.0,0.18,605.53
3698,2025-11-29,CUST0439,Customer 0439,Desk,Furniture,North,4,12000,42720.0,0.11,11682.05
3699,2025-08-31,CUST0338,Customer 0338,Desk,Furniture,West,2,12000,20880.0,0.13,1683.16
3700,2025-07-29,CUST0052,Customer 0052,Jeans,Fashion,South,4,2500,8900.0,0.11,2627.26
3701,2025-11-30,CUST0469,Customer 0469,Oil,Grocery,South,3,1500,3735.0,0.17,304.33
3702,2025-06-07,CUST0252,Customer 0252,Chair,Furniture,North,1,7000,6020.0,0.14,902.74
3703,2025-12-03,CUST0100,Customer 0100,T-Shirt,Fashion,North,5,1200,5640.0,0.06,953.36
3704,2025-01-27,CUST0255,Customer 0255,T-Shirt,Fashion,West,4,1200,4608.0,0.04,540.53
3705,2025-06-29,CUST0032,Customer 0032,Keyboard,Electronics,South,4,2500,9800.0,0.02,2024.99
3706,2025-01-24,CUST0076,Customer 0076,Oil,Grocery,North,3,1500,3735.0,0.17,910.32
3707,2025-10-30,CUST0102,Customer 0102,Jeans,Fashion,South,4,2500,9600.0,0.04,1738.72
3708,2025-06-02,CUST0375,Customer 0375,Headphones,Electronics,West,3,3000,7470.0,0.17,1107.89
3709,2025-05-27,CUST0282,Customer 0282,Coffee,Grocery,North,1,500,420.0,0.16,79.19
3710,2025-08-16,CUST0384,Customer 0384,Jeans,Fashion,East,4,2500,8300.0,0.17,2078.18
3711,2025-02-03,CUST0473,Customer 0473,Laptop,Electronics,North,4,65000,239200.0,0.08,23146.81
3712,2025-08-30,CUST0323,Customer 0323,Laptop,Electronics,North,5,65000,269750.0,0.17,79440.68
3713,2025-09-05,CUST0356,Customer 0356,Keyboard,Electronics,North,2,2500,4150.0,0.17,873.49
3714,2025-05-18,CUST0181,Customer 0181,Shoes,Fashion,North,2,4000,6480.0,0.19,571.2
3715,2025-10-13,CUST0407,Customer 0407,Desk,Furniture,North,5,12000,60000.0,0.0,9371.38
3716,2025-02-18,CUST0165,Customer 0165,T-Shirt,Fashion,West,3,1200,3420.0,0.05,876.1
3717,2025-12-09,CUST0188,Customer 0188,Keyboard,Electronics,North,5,2500,10875.0,0.13,3075.47
3718,2025-11-28,CUST0252,Customer 0252,T-Shirt,Fashion,South,1,1200,1188.0,0.01,98.0
3719,2025-01-07,CUST0368,Customer 0368,Chair,Furniture,East,3,7000,17220.0,0.18,1821.71
3720,2025-01-10,CUST0390,Customer 0390,Keyboard,Electronics,South,5,2500,10250.0,0.18,2425.21
3721,2025-04-02,CUST0042,Customer 0042,Jeans,Fashion,West,1,2500,2150.0,0.14,450.39
3722,2025-03-24,CUST0393,Customer 0393,Oil,Grocery,West,1,1500,1425.0,0.05,230.54
3723,2025-12-17,CUST0486,Customer 0486,Chair,Furniture,North,1,7000,6090.0,0.13,1202.89
3724,2025-03-19,CUST0201,Customer 0201,Desk,Furniture,West,2,12000,21120.0,0.12,3259.83
3725,2025-05-25,CUST0355,Customer 0355,Shoes,Fashion,South,5,4000,19200.0,0.04,2396.53
3726,2025-06-25,CUST0370,Customer 0370,Shoes,Fashion,West,2,4000,7680.0,0.04,2190.02
3727,2025-06-03,CUST0135,Customer 0135,Laptop,Electronics,West,5,65000,266500.0,0.18,74087.16
3728,2025-09-07,CUST0022,Customer 0022,Jeans,Fashion,North,5,2500,11125.0,0.11,3318.9
3729,2025-11-02,CUST0087,Customer 0087,Laptop,Electronics,East,1,65000,57200.0,0.12,12316.84
3730,2025-04-24,CUST0041,Customer 0041,Phone,Electronics,West,2,30000,51600.0,0.14,14463.64
3731,2025-07-13,CUST0052,Customer 0052,Phone,Electronics,North,3,30000,80100.0,0.11,16162.57
3732,2025-06-25,CUST0084,Customer 0084,Shoes,Fashion,West,2,4000,7680.0,0.04,815.98
3733,2025-01-17,CUST0152,Customer 0152,T-Shirt,Fashion,West,2,1200,2328.0,0.03,346.82
3734,2025-12-14,CUST0004,Customer 0004,T-Shirt,Fashion,East,4,1200,3888.0,0.19,621.84
3735,2025-06-01,CUST0246,Customer 0246,Oil,Grocery,South,1,1500,1245.0,0.17,285.55
3736,2025-11-24,CUST0459,Customer 0459,Keyboard,Electronics,West,1,2500,2275.0,0.09,213.79
3737,2025-02-07,CUST0422,Customer 0422,Coffee,Grocery,East,5,500,2325.0,0.07,310.75
3738,2025-08-04,CUST0449,Customer 0449,T-Shirt,Fashion,West,4,1200,3840.0,0.2,418.94
3739,2025-04-03,CUST0128,Customer 0128,Desk,Furniture,South,5,12000,55200.0,0.08,4449.71
3740,2025-01-07,CUST0071,Customer 0071,Oil,Grocery,North,4,1500,5940.0,0.01,1173.84
3741,2025-03-08,CUST0192,Customer 0192,T-Shirt,Fashion,West,5,1200,4920.0,0.18,400.03
3742,2025-09-22,CUST0206,Customer 0206,Laptop,Electronics,South,3,65000,157950.0,0.19,14437.17
3743,2025-01-22,CUST0203,Customer 0203,Shoes,Fashion,North,2,4000,7280.0,0.09,595.8
3744,2025-03-08,CUST0375,Customer 0375,Jeans,Fashion,North,1,2500,2175.0,0.13,379.25
3745,2025-11-16,CUST0280,Customer 0280,Coffee,Grocery,North,1,500,500.0,0.0,63.8
3746,2025-10-31,CUST0061,Customer 0061,Headphones,Electronics,North,1,3000,2520.0,0.16,333.14
3747,2025-03-15,CUST0187,Customer 0187,Headphones,Electronics,South,1,3000,2640.0,0.12,408.07
3748,2025-08-24,CUST0388,Customer 0388,Desk,Furniture,South,5,12000,54600.0,0.09,11544.64
3749,2025-02-27,CUST0295,Customer 0295,Rice,Grocery,West,2,1000,1620.0,0.19,144.45
3750,2025-01-23,CUST0069,Customer 0069,T-Shirt,Fashion,East,3,1200,2952.0,0.18,851.52
3751,2025-12-05,CUST0165,Customer 0165,Chair,Furniture,South,3,7000,16800.0,0.2,3526.62
3752,2025-01-23,CUST0164,Customer 0164,Chair,Furniture,East,5,7000,28350.0,0.19,4023.81
3753,2025-06-18,CUST0116,Customer 0116,Jeans,Fashion,North,1,2500,2450.0,0.02,204.78
3754,2025-10-08,CUST0305,Customer 0305,Shoes,Fashion,East,3,4000,10440.0,0.13,2051.11
3755,2025-05-25,CUST0391,Customer 0391,Desk,Furniture,South,4,12000,38400.0,0.2,4397.49
3756,2025-11-02,CUST0407,Customer 0407,Rice,Grocery,West,3,1000,2910.0,0.03,548.63
3757,2025-01-27,CUST0162,Customer 0162,Oil,Grocery,West,4,1500,5520.0,0.08,726.66
3758,2025-02-22,CUST0416,Customer 0416,Shoes,Fashion,West,2,4000,7520.0,0.06,1301.51
3759,2025-01-06,CUST0152,Customer 0152,T-Shirt,Fashion,West,2,1200,2040.0,0.15,567.93
3760,2025-01-09,CUST0068,Customer 0068,Keyboard,Electronics,East,3,2500,6300.0,0.16,591.16
3761,2025-01-14,CUST0037,Customer 0037,Desk,Furniture,South,2,12000,20640.0,0.14,1959.3
3762,2025-12-14,CUST0372,Customer 0372,Rice,Grocery,East,1,1000,920.0,0.08,237.33
3763,2025-08-05,CUST0028,Customer 0028,Desk,Furniture,South,5,12000,54600.0,0.09,5110.8
3764,2025-04-02,CUST0131,Customer 0131,Chair,Furniture,East,1,7000,6720.0,0.04,1410.94
3765,2025-08-15,CUST0291,Customer 0291,Chair,Furniture,East,1,7000,6020.0,0.14,1764.45
3766,2025-04-20,CUST0050,Customer 0050,Rice,Grocery,West,3,1000,2580.0,0.14,766.91
3767,2025-10-26,CUST0028,Customer 0028,Desk,Furniture,North,4,12000,47040.0,0.02,13424.59
3768,2025-11-26,CUST0478,Customer 0478,Jeans,Fashion,East,5,2500,11125.0,0.11,1953.99
3769,2025-07-27,CUST0298,Customer 0298,Keyboard,Electronics,South,4,2500,9300.0,0.07,2555.07
3770,2025-04-10,CUST0452,Customer 0452,Desk,Furniture,West,5,12000,54000.0,0.1,11771.15
3771,2025-07-22,CUST0281,Customer 0281,Laptop,Electronics,South,3,65000,167700.0,0.14,15230.3
3772,2025-05-05,CUST0382,Customer 0382,Oil,Grocery,North,4,1500,4980.0,0.17,1276.29
3773,2025-10-05,CUST0136,Customer 0136,Keyboard,Electronics,South,1,2500,2100.0,0.16,214.32
3774,2025-03-25,CUST0014,Customer 0014,Coffee,Grocery,South,3,500,1365.0,0.09,181.84
3775,2025-03-15,CUST0354,Customer 0354,Oil,Grocery,South,5,1500,6450.0,0.14,817.82
3776,2025-04-18,CUST0290,Customer 0290,Shoes,Fashion,South,3,4000,11400.0,0.05,1378.6
3777,2025-06-14,CUST0123,Customer 0123,Headphones,Electronics,West,4,3000,9720.0,0.19,2693.11
3778,2025-07-12,CUST0317,Customer 0317,Coffee,Grocery,South,2,500,950.0,0.05,167.81
3779,2025-11-15,CUST0478,Customer 0478,Oil,Grocery,East,2,1500,2880.0,0.04,569.32
3780,2025-11-30,CUST0073,Customer 0073,Laptop,Electronics,North,2,65000,123500.0,0.05,14834.75
3781,2025-05-09,CUST0353,Customer 0353,Laptop,Electronics,South,1,65000,59800.0,0.08,7269.15
3782,2025-09-22,CUST0143,Customer 0143,Chair,Furniture,North,2,7000,13440.0,0.04,1953.14
3783,2025-11-06,CUST0303,Customer 0303,Jeans,Fashion,West,2,2500,4100.0,0.18,336.2
3784,2025-06-19,CUST0420,Customer 0420,Desk,Furniture,East,1,12000,11160.0,0.07,1552.58
3785,2025-03-06,CUST0460,Customer 0460,Shoes,Fashion,West,1,4000,3280.0,0.18,581.76
3786,2025-10-19,CUST0354,Customer 0354,Coffee,Grocery,South,5,500,2475.0,0.01,498.08
3787,2025-03-05,CUST0016,Customer 0016,Laptop,Electronics,South,4,65000,218400.0,0.16,64783.97
3788,2025-12-11,CUST0080,Customer 0080,Headphones,Electronics,South,4,3000,9600.0,0.2,2298.58
3789,2025-03-07,CUST0253,Customer 0253,T-Shirt,Fashion,North,4,1200,4368.0,0.09,545.24
3790,2025-08-01,CUST0454,Customer 0454,Oil,Grocery,West,5,1500,6450.0,0.14,563.92
3791,2025-07-25,CUST0476,Customer 0476,Chair,Furniture,North,4,7000,27720.0,0.01,7112.51
3792,2025-04-17,CUST0286,Customer 0286,Desk,Furniture,East,1,12000,11400.0,0.05,2912.31
3793,2025-11-11,CUST0161,Customer 0161,Headphones,Electronics,East,5,3000,13500.0,0.1,1983.58
3794,2025-02-13,CUST0373,Customer 0373,Laptop,Electronics,North,4,65000,218400.0,0.16,31766.82
3795,2025-03-09,CUST0460,Customer 0460,T-Shirt,Fashion,West,3,1200,3600.0,0.0,801.22
3796,2025-08-31,CUST0401,Customer 0401,Desk,Furniture,South,5,12000,58200.0,0.03,10461.89
3797,2025-07-10,CUST0292,Customer 0292,Laptop,Electronics,North,4,65000,215800.0,0.17,17918.86
3798,2025-05-06,CUST0362,Customer 0362,Shoes,Fashion,East,2,4000,6720.0,0.16,1516.83
3799,2025-11-21,CUST0434,Customer 0434,Shoes,Fashion,East,3,4000,9720.0,0.19,2336.34
3800,2025-10-21,CUST0230,Customer 0230,Chair,Furniture,South,3,7000,18480.0,0.12,4103.51
3801,2025-02-23,CUST0268,Customer 0268,Keyboard,Electronics,West,5,2500,10750.0,0.14,2209.78
3802,2025-10-22,CUST0430,Customer 0430,Jeans,Fashion,North,3,2500,6225.0,0.17,1317.18
3803,2025-05-12,CUST0307,Customer 0307,Oil,Grocery,East,5,1500,6825.0,0.09,1430.8
3804,2025-06-10,CUST0008,Customer 0008,Chair,Furniture,South,5,7000,30100.0,0.14,6790.7
3805,2025-08-02,CUST0397,Customer 0397,Shoes,Fashion,South,3,4000,11520.0,0.04,1255.6
3806,2025-10-30,CUST0132,Customer 0132,Shoes,Fashion,North,1,4000,3880.0,0.03,444.37
3807,2025-12-05,CUST0444,Customer 0444,Phone,Electronics,East,3,30000,79200.0,0.12,16134.99
3808,2025-04-27,CUST0129,Customer 0129,Laptop,Electronics,West,1,65000,55900.0,0.14,6715.8
3809,2025-08-12,CUST0380,Customer 0380,Oil,Grocery,East,2,1500,2910.0,0.03,356.43
3810,2025-09-12,CUST0154,Customer 0154,Headphones,Electronics,West,2,3000,5580.0,0.07,1324.3
3811,2025-02-02,CUST0434,Customer 0434,Jeans,Fashion,South,5,2500,11125.0,0.11,3114.76
3812,2025-04-15,CUST0231,Customer 0231,Jeans,Fashion,East,5,2500,10875.0,0.13,1008.31
3813,2025-02-04,CUST0199,Customer 0199,Jeans,Fashion,South,1,2500,2300.0,0.08,222.98
3814,2025-12-24,CUST0371,Customer 0371,Chair,Furniture,West,5,7000,30450.0,0.13,5121.05
3815,2025-10-22,CUST0307,Customer 0307,Jeans,Fashion,East,3,2500,6900.0,0.08,1695.11
3816,2025-09-21,CUST0220,Customer 0220,Rice,Grocery,West,4,1000,3520.0,0.12,720.97
3817,2025-04-09,CUST0453,Customer 0453,Rice,Grocery,West,5,1000,4750.0,0.05,383.87
3818,2025-03-20,CUST0104,Customer 0104,Shoes,Fashion,South,1,4000,3960.0,0.01,789.86
3819,2025-08-02,CUST0043,Customer 0043,Shoes,Fashion,East,4,4000,15520.0,0.03,1579.48
3820,2025-07-02,CUST0462,Customer 0462,Desk,Furniture,East,4,12000,41280.0,0.14,6992.73
3821,2025-06-19,CUST0256,Customer 0256,Rice,Grocery,East,5,1000,4050.0,0.19,611.32
3822,2025-09-10,CUST0181,Customer 0181,Phone,Electronics,North,2,30000,57000.0,0.05,9964.16
3823,2025-01-04,CUST0027,Customer 0027,Shoes,Fashion,West,5,4000,18200.0,0.09,3542.16
3824,2025-09-29,CUST0439,Customer 0439,Headphones,Electronics,West,3,3000,7740.0,0.14,1227.8
3825,2025-07-15,CUST0181,Customer 0181,Chair,Furniture,East,3,7000,20580.0,0.02,2439.3
3826,2025-06-04,CUST0134,Customer 0134,Phone,Electronics,East,5,30000,132000.0,0.12,24275.87
3827,2025-01-03,CUST0074,Customer 0074,Keyboard,Electronics,West,2,2500,4450.0,0.11,1248.99
3828,2025-01-09,CUST0263,Customer 0263,Keyboard,Electronics,North,3,2500,6300.0,0.16,1706.03
3829,2025-08-20,CUST0011,Customer 0011,Keyboard,Electronics,East,4,2500,9600.0,0.04,2630.57
3830,2025-05-18,CUST0079,Customer 0079,Keyboard,Electronics,North,5,2500,10875.0,0.13,1015.38
3831,2025-12-22,CUST0171,Customer 0171,Oil,Grocery,South,1,1500,1335.0,0.11,322.93
3832,2025-01-16,CUST0312,Customer 0312,Chair,Furniture,North,1,7000,6720.0,0.04,1525.13
3833,2025-10-26,CUST0395,Customer 0395,Shoes,Fashion,West,1,4000,3360.0,0.16,620.39
3834,2025-10-22,CUST0450,Customer 0450,T-Shirt,Fashion,South,2,1200,1992.0,0.17,306.89
3835,2025-10-12,CUST0138,Customer 0138,Phone,Electronics,North,2,30000,55800.0,0.07,11944.91
3836,2025-06-02,CUST0163,Customer 0163,Laptop,Electronics,West,4,65000,249600.0,0.04,61344.8
3837,2025-12-20,CUST0252,Customer 0252,Chair,Furniture,East,5,7000,28350.0,0.19,2356.32
3838,2025-09-13,CUST0328,Customer 0328,Rice,Grocery,East,2,1000,1780.0,0.11,407.45
3839,2025-10-27,CUST0425,Customer 0425,Rice,Grocery,West,5,1000,4950.0,0.01,1112.41
3840,2025-01-01,CUST0087,Customer 0087,Oil,Grocery,North,5,1500,7125.0,0.05,800.64
3841,2025-04-30,CUST0497,Customer 0497,Phone,Electronics,South,3,30000,73800.0,0.18,15653.14
3842,2025-06-20,CUST0267,Customer 0267,Chair,Furniture,South,5,7000,29050.0,0.17,2436.24
3843,2025-06-09,CUST0079,Customer 0079,Laptop,Electronics,West,2,65000,127400.0,0.02,31047.68
3844,2025-08-30,CUST0147,Customer 0147,Jeans,Fashion,North,4,2500,9100.0,0.09,1948.54
3845,2025-12-03,CUST0159,Customer 0159,Phone,Electronics,South,5,30000,123000.0,0.18,29805.25
3846,2025-04-14,CUST0002,Customer 0002,Jeans,Fashion,East,5,2500,10625.0,0.15,1151.86
3847,2025-11-25,CUST0267,Customer 0267,Shoes,Fashion,West,5,4000,16800.0,0.16,2365.77
3848,2025-03-23,CUST0126,Customer 0126,Rice,Grocery,North,2,1000,1940.0,0.03,535.69
3849,2025-11-26,CUST0185,Customer 0185,Oil,Grocery,East,5,1500,6900.0,0.08,1497.27
3850,2025-03-26,CUST0236,Customer 0236,Shoes,Fashion,North,4,4000,15040.0,0.06,2911.71
3851,2025-08-16,CUST0099,Customer 0099,Oil,Grocery,South,1,1500,1380.0,0.08,165.59
3852,2025-12-03,CUST0495,Customer 0495,Rice,Grocery,North,1,1000,930.0,0.07,275.26
3853,2025-08-28,CUST0277,Customer 0277,Jeans,Fashion,West,2,2500,4700.0,0.06,527.67
3854,2025-07-05,CUST0421,Customer 0421,Desk,Furniture,North,5,12000,56400.0,0.06,12240.42
3855,2025-08-04,CUST0476,Customer 0476,Headphones,Electronics,South,2,3000,5820.0,0.03,1393.8
3856,2025-12-01,CUST0243,Customer 0243,Phone,Electronics,North,4,30000,105600.0,0.12,30421.75
3857,2025-03-19,CUST0453,Customer 0453,Headphones,Electronics,North,2,3000,5460.0,0.09,1430.82
3858,2025-01-19,CUST0363,Customer 0363,Shoes,Fashion,West,3,4000,10080.0,0.16,2742.19
3859,2025-01-29,CUST0344,Customer 0344,Jeans,Fashion,East,3,2500,6300.0,0.16,1868.42
3860,2025-12-27,CUST0133,Customer 0133,Phone,Electronics,South,4,30000,110400.0,0.08,16457.47
3861,2025-10-31,CUST0269,Customer 0269,Phone,Electronics,West,5,30000,133500.0,0.11,30812.86
3862,2025-04-18,CUST0237,Customer 0237,Jeans,Fashion,West,1,2500,2325.0,0.07,219.15
3863,2025-11-05,CUST0030,Customer 0030,Jeans,Fashion,West,5,2500,11750.0,0.06,2258.16
3864,2025-03-27,CUST0208,Customer 0208,Jeans,Fashion,West,2,2500,4500.0,0.1,904.99
3865,2025-07-30,CUST0106,Customer 0106,Jeans,Fashion,West,1,2500,2075.0,0.17,604.0
3866,2025-07-24,CUST0041,Customer 0041,Headphones,Electronics,South,2,3000,5280.0,0.12,1213.75
3867,2025-02-28,CUST0480,Customer 0480,Rice,Grocery,North,5,1000,4950.0,0.01,1321.35
3868,2025-10-08,CUST0450,Customer 0450,Jeans,Fashion,West,1,2500,2425.0,0.03,496.53
3869,2025-12-02,CUST0402,Customer 0402,Phone,Electronics,North,5,30000,127500.0,0.15,33074.2
3870,2025-11-29,CUST0424,Customer 0424,T-Shirt,Fashion,North,1,1200,984.0,0.18,162.72
3871,2025-03-02,CUST0025,Customer 0025,T-Shirt,Fashion,South,5,1200,5820.0,0.03,1081.53
3872,2025-10-29,CUST0285,Customer 0285,Headphones,Electronics,South,4,3000,10680.0,0.11,2953.69
3873,2025-05-21,CUST0464,Customer 0464,Oil,Grocery,East,5,1500,6525.0,0.13,1741.51
3874,2025-11-08,CUST0462,Customer 0462,T-Shirt,Fashion,West,1,1200,1140.0,0.05,170.5
3875,2025-09-09,CUST0168,Customer 0168,T-Shirt,Fashion,South,5,1200,5280.0,0.12,1423.99
3876,2025-04-08,CUST0174,Customer 0174,Desk,Furniture,South,4,12000,48000.0,0.0,8981.01
3877,2025-02-21,CUST0393,Customer 0393,Headphones,Electronics,North,2,3000,5880.0,0.02,896.34
3878,2025-12-15,CUST0433,Customer 0433,Desk,Furniture,South,4,12000,41280.0,0.14,3599.68
3879,2025-11-26,CUST0048,Customer 0048,Jeans,Fashion,South,4,2500,8800.0,0.12,2011.77
3880,2025-09-22,CUST0141,Customer 0141,Oil,Grocery,South,3,1500,4275.0,0.05,634.66
3881,2025-02-23,CUST0498,Customer 0498,Phone,Electronics,North,3,30000,89100.0,0.01,24529.95
3882,2025-11-30,CUST0471,Customer 0471,Oil,Grocery,East,1,1500,1275.0,0.15,364.61
3883,2025-01-26,CUST0102,Customer 0102,Shoes,Fashion,West,5,4000,16000.0,0.2,1680.68
3884,2025-10-01,CUST0309,Customer 0309,Phone,Electronics,West,1,30000,26400.0,0.12,4655.38
3885,2025-11-13,CUST0229,Customer 0229,Jeans,Fashion,East,1,2500,2075.0,0.17,230.88
3886,2025-11-18,CUST0137,Customer 0137,Desk,Furniture,West,4,12000,43200.0,0.1,5959.4
3887,2025-10-22,CUST0415,Customer 0415,Chair,Furniture,West,1,7000,5740.0,0.18,1708.96
3888,2025-08-07,CUST0489,Customer 0489,Chair,Furniture,South,1,7000,6930.0,0.01,886.65
3889,2025-11-10,CUST0164,Customer 0164,T-Shirt,Fashion,South,2,1200,2040.0,0.15,390.31
3890,2025-03-02,CUST0182,Customer 0182,Coffee,Grocery,South,4,500,1860.0,0.07,437.87
3891,2025-11-04,CUST0466,Customer 0466,Oil,Grocery,West,2,1500,2610.0,0.13,342.89
3892,2025-10-14,CUST0397,Customer 0397,Oil,Grocery,North,2,1500,2580.0,0.14,283.99
3893,2025-06-19,CUST0287,Customer 0287,Desk,Furniture,South,3,12000,31320.0,0.13,9367.95
3894,2025-04-27,CUST0090,Customer 0090,Chair,Furniture,East,1,7000,6440.0,0.08,1921.61
3895,2025-02-05,CUST0282,Customer 0282,Desk,Furniture,West,3,12000,32040.0,0.11,6673.2
3896,2025-01-13,CUST0485,Customer 0485,T-Shirt,Fashion,West,2,1200,2256.0,0.06,574.91
3897,2025-12-30,CUST0131,Customer 0131,Shoes,Fashion,East,2,4000,6800.0,0.15,1060.68
3898,2025-10-06,CUST0146,Customer 0146,Rice,Grocery,North,1,1000,820.0,0.18,153.46
3899,2025-08-06,CUST0033,Customer 0033,T-Shirt,Fashion,South,1,1200,1116.0,0.07,322.11
3900,2025-02-09,CUST0263,Customer 0263,Rice,Grocery,East,1,1000,920.0,0.08,185.29
3901,2025-02-20,CUST0117,Customer 0117,Chair,Furniture,North,3,7000,18270.0,0.13,3015.52
3902,2025-12-28,CUST0303,Customer 0303,Chair,Furniture,West,5,7000,33600.0,0.04,6286.82
3903,2025-05-28,CUST0014,Customer 0014,Oil,Grocery,South,2,1500,2640.0,0.12,628.78
3904,2025-10-02,CUST0208,Customer 0208,Chair,Furniture,North,2,7000,11340.0,0.19,2829.82
3905,2025-03-19,CUST0218,Customer 0218,Rice,Grocery,West,3,1000,2430.0,0.19,594.87
3906,2025-12-29,CUST0420,Customer 0420,Headphones,Electronics,West,1,3000,2670.0,0.11,324.39
3907,2025-08-20,CUST0236,Customer 0236,Phone,Electronics,West,5,30000,127500.0,0.15,37968.03
3908,2025-08-11,CUST0488,Customer 0488,Phone,Electronics,West,1,30000,29100.0,0.03,4334.69
3909,2025-05-04,CUST0143,Customer 0143,Headphones,Electronics,South,1,3000,2910.0,0.03,776.35
3910,2025-03-10,CUST0349,Customer 0349,Oil,Grocery,North,2,1500,2850.0,0.05,596.92
3911,2025-02-07,CUST0461,Customer 0461,Keyboard,Electronics,West,4,2500,8100.0,0.19,1634.74
3912,2025-09-07,CUST0184,Customer 0184,Coffee,Grocery,North,1,500,490.0,0.02,132.37
3913,2025-06-17,CUST0077,Customer 0077,Rice,Grocery,East,3,1000,2820.0,0.06,476.0
3914,2025-05-31,CUST0014,Customer 0014,Coffee,Grocery,East,2,500,960.0,0.04,240.87
3915,2025-02-02,CUST0235,Customer 0235,Chair,Furniture,East,4,7000,22960.0,0.18,4030.44
3916,2025-03-13,CUST0445,Customer 0445,Shoes,Fashion,West,1,4000,3920.0,0.02,644.53
3917,2025-03-07,CUST0195,Customer 0195,Keyboard,Electronics,East,1,2500,2225.0,0.11,560.93
3918,2025-11-26,CUST0196,Customer 0196,Coffee,Grocery,South,3,500,1395.0,0.07,344.21
3919,2025-09-06,CUST0351,Customer 0351,T-Shirt,Fashion,North,4,1200,3984.0,0.17,548.98
3920,2025-06-02,CUST0312,Customer 0312,Laptop,Electronics,East,1,65000,62400.0,0.04,16774.95
3921,2025-01-02,CUST0499,Customer 0499,Headphones,Electronics,South,3,3000,8370.0,0.07,2011.26
3922,2025-05-19,CUST0400,Customer 0400,Chair,Furniture,South,3,7000,17220.0,0.18,2890.42
3923,2025-04-03,CUST0274,Customer 0274,Jeans,Fashion,South,2,2500,4450.0,0.11,650.38
3924,2025-04-30,CUST0034,Customer 0034,Chair,Furniture,North,3,7000,19740.0,0.06,4754.72
3925,2025-07-11,CUST0352,Customer 0352,T-Shirt,Fashion,East,3,1200,3168.0,0.12,391.42
3926,2025-02-17,CUST0059,Customer 0059,Chair,Furniture,East,5,7000,31850.0,0.09,6171.03
3927,2025-04-20,CUST0033,Customer 0033,Headphones,Electronics,East,1,3000,2820.0,0.06,587.39
3928,2025-05-05,CUST0226,Customer 0226,T-Shirt,Fashion,North,4,1200,4416.0,0.08,852.48
3929,2025-12-24,CUST0271,Customer 0271,Desk,Furniture,West,5,12000,59400.0,0.01,6057.56
3930,2025-05-05,CUST0044,Customer 0044,Chair,Furniture,North,2,7000,12320.0,0.12,1865.32
3931,2025-05-09,CUST0118,Customer 0118,Shoes,Fashion,North,4,4000,14240.0,0.11,1674.38
3932,2025-01-08,CUST0249,Customer 0249,Jeans,Fashion,West,1,2500,2225.0,0.11,225.64
3933,2025-11-20,CUST0269,Customer 0269,Desk,Furniture,West,4,12000,45120.0,0.06,6891.95
3934,2025-01-28,CUST0209,Customer 0209,Rice,Grocery,West,5,1000,4350.0,0.13,350.2
3935,2025-10-24,CUST0337,Customer 0337,Keyboard,Electronics,East,2,2500,4100.0,0.18,978.78
3936,2025-05-15,CUST0092,Customer 0092,Oil,Grocery,South,2,1500,3000.0,0.0,261.94
3937,2025-04-10,CUST0028,Customer 0028,Headphones,Electronics,East,5,3000,13650.0,0.09,2098.73
3938,2025-12-23,CUST0010,Customer 0010,Rice,Grocery,East,3,1000,2460.0,0.18,271.54
3939,2025-02-18,CUST0050,Customer 0050,Chair,Furniture,North,2,7000,13860.0,0.01,2355.49
3940,2025-02-22,CUST0162,Customer 0162,Phone,Electronics,South,3,30000,84600.0,0.06,17727.18
3941,2025-01-10,CUST0049,Customer 0049,Shoes,Fashion,South,4,4000,13120.0,0.18,1643.64
3942,2025-03-07,CUST0070,Customer 0070,Headphones,Electronics,South,3,3000,8910.0,0.01,2655.78
3943,2025-10-28,CUST0067,Customer 0067,Headphones,Electronics,North,2,3000,5940.0,0.01,968.88
3944,2025-02-18,CUST0492,Customer 0492,Rice,Grocery,North,5,1000,4250.0,0.15,1135.06
3945,2025-04-17,CUST0132,Customer 0132,Jeans,Fashion,South,3,2500,7200.0,0.04,1488.19
3946,2025-04-27,CUST0329,Customer 0329,Headphones,Electronics,North,3,3000,8640.0,0.04,1411.28
3947,2025-04-20,CUST0082,Customer 0082,Keyboard,Electronics,West,5,2500,11875.0,0.05,3124.66
3948,2025-12-14,CUST0146,Customer 0146,Desk,Furniture,West,2,12000,23040.0,0.04,2784.33
3949,2025-06-02,CUST0396,Customer 0396,Chair,Furniture,South,5,7000,31850.0,0.09,8104.91
3950,2025-05-16,CUST0299,Customer 0299,Jeans,Fashion,North,4,2500,9100.0,0.09,1263.78
3951,2025-10-26,CUST0487,Customer 0487,Desk,Furniture,West,2,12000,21840.0,0.09,3927.7
3952,2025-11-17,CUST0464,Customer 0464,Keyboard,Electronics,East,3,2500,6525.0,0.13,1311.74
3953,2025-04-01,CUST0319,Customer 0319,T-Shirt,Fashion,North,2,1200,2232.0,0.07,588.5
3954,2025-06-21,CUST0353,Customer 0353,Headphones,Electronics,East,4,3000,9600.0,0.2,1621.85
3955,2025-10-16,CUST0434,Customer 0434,Phone,Electronics,South,3,30000,81000.0,0.1,22468.56
3956,2025-07-09,CUST0404,Customer 0404,Keyboard,Electronics,West,5,2500,12375.0,0.01,3484.14
3957,2025-06-03,CUST0054,Customer 0054,Chair,Furniture,South,4,7000,23520.0,0.16,3793.41
3958,2025-07-27,CUST0435,Customer 0435,Coffee,Grocery,East,3,500,1455.0,0.03,397.5
3959,2025-07-21,CUST0223,Customer 0223,Oil,Grocery,West,3,1500,3915.0,0.13,604.37
3960,2025-03-07,CUST0391,Customer 0391,Rice,Grocery,South,5,1000,4450.0,0.11,687.96
3961,2025-03-20,CUST0149,Customer 0149,Keyboard,Electronics,East,4,2500,9000.0,0.1,1892.93
3962,2025-02-22,CUST0174,Customer 0174,T-Shirt,Fashion,West,1,1200,1164.0,0.03,210.32
3963,2025-04-11,CUST0382,Customer 0382,Rice,Grocery,South,5,1000,4050.0,0.19,612.67
3964,2025-12-04,CUST0147,Customer 0147,Shoes,Fashion,South,5,4000,18600.0,0.07,4553.25
3965,2025-12-09,CUST0296,Customer 0296,Laptop,Electronics,South,4,65000,218400.0,0.16,36369.1
3966,2025-06-01,CUST0290,Customer 0290,T-Shirt,Fashion,North,5,1200,5220.0,0.13,1124.91
3967,2025-08-01,CUST0050,Customer 0050,Desk,Furniture,North,2,12000,20880.0,0.13,3967.63
3968,2025-07-21,CUST0460,Customer 0460,Jeans,Fashion,South,2,2500,4300.0,0.14,427.61
3969,2025-01-12,CUST0255,Customer 0255,Keyboard,Electronics,South,4,2500,9700.0,0.03,901.76
3970,2025-01-03,CUST0483,Customer 0483,Phone,Electronics,West,3,30000,80100.0,0.11,13872.9
3971,2025-10-11,CUST0463,Customer 0463,Oil,Grocery,East,1,1500,1335.0,0.11,147.9
3972,2025-10-21,CUST0107,Customer 0107,Phone,Electronics,West,2,30000,48000.0,0.2,14178.72
3973,2025-04-11,CUST0304,Customer 0304,Chair,Furniture,East,4,7000,25760.0,0.08,3893.09
3974,2025-03-15,CUST0384,Customer 0384,Coffee,Grocery,East,2,500,920.0,0.08,215.79
3975,2025-07-27,CUST0106,Customer 0106,Keyboard,Electronics,East,5,2500,12250.0,0.02,1353.78
3976,2025-01-06,CUST0111,Customer 0111,Shoes,Fashion,North,5,4000,19000.0,0.05,5058.29
3977,2025-12-08,CUST0057,Customer 0057,Headphones,Electronics,East,4,3000,10320.0,0.14,1695.77
3978,2025-10-18,CUST0236,Customer 0236,Phone,Electronics,North,5,30000,138000.0,0.08,41083.48
3979,2025-07-30,CUST0350,Customer 0350,Jeans,Fashion,North,2,2500,4800.0,0.04,617.03
3980,2025-01-17,CUST0054,Customer 0054,Shoes,Fashion,North,1,4000,3880.0,0.03,980.7
3981,2025-02-28,CUST0206,Customer 0206,Oil,Grocery,North,2,1500,2670.0,0.11,373.44
3982,2025-02-11,CUST0100,Customer 0100,Keyboard,Electronics,West,2,2500,4750.0,0.05,664.13
3983,2025-12-07,CUST0215,Customer 0215,T-Shirt,Fashion,North,2,1200,1944.0,0.19,272.55
3984,2025-05-25,CUST0024,Customer 0024,Coffee,Grocery,North,5,500,2100.0,0.16,290.57
3985,2025-02-06,CUST0443,Customer 0443,Shoes,Fashion,East,4,4000,14080.0,0.12,1243.17
3986,2025-10-06,CUST0047,Customer 0047,Phone,Electronics,North,4,30000,120000.0,0.0,17069.24
3987,2025-01-13,CUST0025,Customer 0025,Chair,Furniture,West,2,7000,11480.0,0.18,1016.02
3988,2025-08-02,CUST0475,Customer 0475,Phone,Electronics,North,4,30000,98400.0,0.18,29503.8
3989,2025-11-14,CUST0309,Customer 0309,Laptop,Electronics,South,2,65000,122200.0,0.06,13055.68
3990,2025-05-13,CUST0257,Customer 0257,Oil,Grocery,South,3,1500,4230.0,0.06,581.41
3991,2025-01-31,CUST0108,Customer 0108,Desk,Furniture,West,2,12000,23760.0,0.01,2221.66
3992,2025-10-17,CUST0344,Customer 0344,Phone,Electronics,North,4,30000,99600.0,0.17,28305.46
3993,2025-04-16,CUST0472,Customer 0472,Jeans,Fashion,West,4,2500,9900.0,0.01,1497.51
3994,2025-02-20,CUST0438,Customer 0438,Oil,Grocery,South,1,1500,1260.0,0.16,132.96
3995,2025-12-28,CUST0051,Customer 0051,Coffee,Grocery,South,3,500,1215.0,0.19,315.56
3996,2025-06-05,CUST0464,Customer 0464,T-Shirt,Fashion,North,1,1200,1164.0,0.03,332.0
3997,2025-05-29,CUST0048,Customer 0048,Phone,Electronics,East,2,30000,49800.0,0.17,9016.93
3998,2025-06-12,CUST0070,Customer 0070,T-Shirt,Fashion,West,1,1200,1020.0,0.15,217.94
3999,2025-09-01,CUST0435,Customer 0435,Jeans,Fashion,West,3,2500,6750.0,0.1,977.43
4000,2025-04-07,CUST0310,Customer 0310,Phone,Electronics,North,2,30000,53400.0,0.11,15596.88
4001,2025-11-23,CUST0256,Customer 0256,Chair,Furniture,West,5,7000,28350.0,0.19,6369.58
4002,2025-03-04,CUST0401,Customer 0401,Coffee,Grocery,North,3,500,1455.0,0.03,321.72
4003,2025-06-28,CUST0146,Customer 0146,Laptop,Electronics,East,1,65000,55900.0,0.14,5485.37
4004,2025-04-22,CUST0170,Customer 0170,Laptop,Electronics,South,4,65000,228800.0,0.12,40116.73
4005,2025-07-18,CUST0035,Customer 0035,Shoes,Fashion,South,5,4000,19000.0,0.05,2959.57
4006,2025-06-15,CUST0090,Customer 0090,Rice,Grocery,North,4,1000,3400.0,0.15,940.28
4007,2025-03-13,CUST0325,Customer 0325,Desk,Furniture,West,3,12000,32400.0,0.1,8356.6
4008,2025-10-26,CUST0278,Customer 0278,Coffee,Grocery,East,5,500,2350.0,0.06,459.79
4009,2025-08-07,CUST0200,Customer 0200,Coffee,Grocery,South,3,500,1350.0,0.1,399.65
4010,2025-01-30,CUST0016,Customer 0016,Desk,Furniture,East,1,12000,10560.0,0.12,2305.32
4011,2025-08-10,CUST0232,Customer 0232,Desk,Furniture,East,4,12000,46080.0,0.04,7377.11
4012,2025-03-16,CUST0437,Customer 0437,Headphones,Electronics,South,4,3000,10440.0,0.13,1033.69
4013,2025-07-19,CUST0207,Customer 0207,Headphones,Electronics,West,3,3000,8280.0,0.08,709.56
4014,2025-01-05,CUST0244,Customer 0244,Laptop,Electronics,East,1,65000,63700.0,0.02,17134.33
4015,2025-02-26,CUST0430,Customer 0430,Keyboard,Electronics,West,1,2500,2000.0,0.2,326.35
4016,2025-04-03,CUST0134,Customer 0134,Laptop,Electronics,North,5,65000,295750.0,0.09,76234.26
4017,2025-01-02,CUST0496,Customer 0496,Rice,Grocery,East,4,1000,3680.0,0.08,779.76
4018,2025-02-21,CUST0249,Customer 0249,Headphones,Electronics,South,5,3000,14550.0,0.03,2673.95
4019,2025-04-09,CUST0257,Customer 0257,Oil,Grocery,South,1,1500,1470.0,0.02,399.02
4020,2025-03-13,CUST0118,Customer 0118,Headphones,Electronics,South,5,3000,14550.0,0.03,1724.14
4021,2025-05-26,CUST0007,Customer 0007,Jeans,Fashion,South,3,2500,6825.0,0.09,1846.79
4022,2025-07-03,CUST0311,Customer 0311,Coffee,Grocery,North,5,500,2350.0,0.06,188.67
4023,2025-01-20,CUST0372,Customer 0372,Jeans,Fashion,South,3,2500,6825.0,0.09,1751.0
4024,2025-07-10,CUST0456,Customer 0456,Phone,Electronics,North,1,30000,24300.0,0.19,3799.22
4025,2025-06-10,CUST0100,Customer 0100,Desk,Furniture,South,4,12000,38880.0,0.19,4519.45
4026,2025-01-04,CUST0406,Customer 0406,Shoes,Fashion,East,3,4000,11760.0,0.02,2752.38
4027,2025-09-08,CUST0285,Customer 0285,Laptop,Electronics,North,5,65000,276250.0,0.15,53957.7
4028,2025-03-07,CUST0475,Customer 0475,Jeans,Fashion,East,1,2500,2075.0,0.17,176.83
4029,2025-02-22,CUST0319,Customer 0319,Chair,Furniture,East,3,7000,19950.0,0.05,1934.84
4030,2025-03-06,CUST0403,Customer 0403,Jeans,Fashion,West,1,2500,2025.0,0.19,279.0
4031,2025-10-12,CUST0210,Customer 0210,T-Shirt,Fashion,North,3,1200,3060.0,0.15,668.11
4032,2025-03-31,CUST0044,Customer 0044,Rice,Grocery,South,5,1000,4350.0,0.13,1234.51
4033,2025-01-12,CUST0198,Customer 0198,Keyboard,Electronics,North,3,2500,6750.0,0.1,1895.4
4034,2025-12-11,CUST0117,Customer 0117,T-Shirt,Fashion,South,5,1200,5280.0,0.12,556.46
4035,2025-02-19,CUST0114,Customer 0114,Rice,Grocery,East,5,1000,4250.0,0.15,1012.01
4036,2025-05-03,CUST0421,Customer 0421,Oil,Grocery,East,4,1500,5280.0,0.12,438.36
4037,2025-10-10,CUST0166,Customer 0166,Desk,Furniture,East,4,12000,40320.0,0.16,8480.04
4038,2025-12-24,CUST0394,Customer 0394,Laptop,Electronics,North,5,65000,276250.0,0.15,33438.94
4039,2025-08-03,CUST0309,Customer 0309,Shoes,Fashion,East,5,4000,17400.0,0.13,4031.29
4040,2025-03-20,CUST0267,Customer 0267,Coffee,Grocery,North,5,500,2275.0,0.09,370.82
4041,2025-07-18,CUST0170,Customer 0170,Shoes,Fashion,East,4,4000,15200.0,0.05,2728.65
4042,2025-07-10,CUST0228,Customer 0228,Laptop,Electronics,West,1,65000,59800.0,0.08,6677.17
4043,2025-02-17,CUST0475,Customer 0475,Keyboard,Electronics,North,4,2500,8700.0,0.13,828.28
4044,2025-03-13,CUST0184,Customer 0184,Keyboard,Electronics,West,1,2500,2250.0,0.1,276.25
4045,2025-11-12,CUST0315,Customer 0315,Headphones,Electronics,East,5,3000,12450.0,0.17,1806.09
4046,2025-08-24,CUST0397,Customer 0397,T-Shirt,Fashion,North,2,1200,2256.0,0.06,615.47
4047,2025-09-30,CUST0145,Customer 0145,Rice,Grocery,East,2,1000,1900.0,0.05,210.87
4048,2025-03-31,CUST0109,Customer 0109,Chair,Furniture,North,5,7000,35000.0,0.0,3045.7
4049,2025-08-21,CUST0364,Customer 0364,Headphones,Electronics,South,3,3000,8820.0,0.02,1347.86
4050,2025-07-23,CUST0308,Customer 0308,Phone,Electronics,East,3,30000,80100.0,0.11,11964.66
4051,2025-10-27,CUST0476,Customer 0476,Laptop,Electronics,West,4,65000,252200.0,0.03,47861.82
4052,2025-01-08,CUST0084,Customer 0084,Chair,Furniture,South,2,7000,13020.0,0.07,1217.57
4053,2025-04-24,CUST0337,Customer 0337,Headphones,Electronics,East,5,3000,12600.0,0.16,2880.92
4054,2025-07-03,CUST0093,Customer 0093,Keyboard,Electronics,South,1,2500,2350.0,0.06,466.05
4055,2025-09-26,CUST0199,Customer 0199,Keyboard,Electronics,South,1,2500,2350.0,0.06,659.32
4056,2025-11-06,CUST0223,Customer 0223,Shoes,Fashion,North,2,4000,6560.0,0.18,1520.84
4057,2025-08-15,CUST0081,Customer 0081,Phone,Electronics,South,4,30000,112800.0,0.06,12919.47
4058,2025-03-09,CUST0014,Customer 0014,Chair,Furniture,South,1,7000,6440.0,0.08,1282.5
4059,2025-03-03,CUST0184,Customer 0184,Rice,Grocery,West,2,1000,1760.0,0.12,489.22
4060,2025-11-06,CUST0108,Customer 0108,T-Shirt,Fashion,East,1,1200,1104.0,0.08,327.85
4061,2025-01-17,CUST0498,Customer 0498,Keyboard,Electronics,North,1,2500,2075.0,0.17,433.68
4062,2025-06-04,CUST0273,Customer 0273,Desk,Furniture,North,1,12000,11520.0,0.04,1035.86
4063,2025-12-10,CUST0300,Customer 0300,Laptop,Electronics,South,1,65000,57200.0,0.12,12667.35
4064,2025-07-11,CUST0317,Customer 0317,Keyboard,Electronics,North,4,2500,8800.0,0.12,868.08
4065,2025-01-02,CUST0030,Customer 0030,Rice,Grocery,East,1,1000,960.0,0.04,199.67
4066,2025-08-09,CUST0051,Customer 0051,Shoes,Fashion,East,2,4000,7680.0,0.04,1189.73
4067,2025-12-25,CUST0253,Customer 0253,Phone,Electronics,East,5,30000,127500.0,0.15,20126.82
4068,2025-01-02,CUST0373,Customer 0373,T-Shirt,Fashion,South,5,1200,4800.0,0.2,1241.36
4069,2025-04-27,CUST0001,Customer 0001,Chair,Furniture,South,3,7000,17850.0,0.15,5266.31
4070,2025-04-30,CUST0043,Customer 0043,Shoes,Fashion,North,4,4000,14560.0,0.09,3669.19
4071,2025-05-26,CUST0170,Customer 0170,Shoes,Fashion,South,3,4000,10920.0,0.09,1565.35
4072,2025-08-16,CUST0007,Customer 0007,Oil,Grocery,East,1,1500,1320.0,0.12,380.02
4073,2025-04-11,CUST0347,Customer 0347,Coffee,Grocery,West,1,500,410.0,0.18,93.24
4074,2025-08-08,CUST0497,Customer 0497,Shoes,Fashion,West,4,4000,14880.0,0.07,2318.49
4075,2025-11-28,CUST0459,Customer 0459,Shoes,Fashion,South,1,4000,3880.0,0.03,979.41
4076,2025-10-11,CUST0045,Customer 0045,Oil,Grocery,North,3,1500,4050.0,0.1,372.96
4077,2025-11-16,CUST0031,Customer 0031,Headphones,Electronics,West,2,3000,5700.0,0.05,1302.67
4078,2025-09-02,CUST0321,Customer 0321,Jeans,Fashion,West,4,2500,10000.0,0.0,2184.24
4079,2025-11-20,CUST0219,Customer 0219,Keyboard,Electronics,West,3,2500,7125.0,0.05,806.96
4080,2025-03-05,CUST0277,Customer 0277,Desk,Furniture,West,5,12000,58200.0,0.03,15782.74
4081,2025-11-22,CUST0265,Customer 0265,Oil,Grocery,South,3,1500,3915.0,0.13,629.84
4082,2025-09-12,CUST0043,Customer 0043,Phone,Electronics,South,3,30000,74700.0,0.17,15939.51
4083,2025-01-12,CUST0021,Customer 0021,Laptop,Electronics,South,2,65000,118300.0,0.09,18225.71
4084,2025-10-19,CUST0386,Customer 0386,Jeans,Fashion,South,5,2500,10250.0,0.18,1154.87
4085,2025-12-26,CUST0358,Customer 0358,Phone,Electronics,West,2,30000,58200.0,0.03,10255.88
4086,2025-07-14,CUST0314,Customer 0314,Keyboard,Electronics,East,2,2500,4050.0,0.19,996.67
4087,2025-02-22,CUST0252,Customer 0252,Rice,Grocery,West,5,1000,4800.0,0.04,1105.26
4088,2025-06-25,CUST0292,Customer 0292,Phone,Electronics,South,3,30000,73800.0,0.18,20830.56
4089,2025-01-22,CUST0049,Customer 0049,Phone,Electronics,West,3,30000,78300.0,0.13,6786.53
4090,2025-06-30,CUST0084,Customer 0084,Oil,Grocery,West,4,1500,5520.0,0.08,665.04
4091,2025-04-23,CUST0447,Customer 0447,Desk,Furniture,East,1,12000,10080.0,0.16,1888.26
4092,2025-06-11,CUST0483,Customer 0483,Desk,Furniture,West,2,12000,19440.0,0.19,5445.32
4093,2025-07-07,CUST0345,Customer 0345,Shoes,Fashion,West,3,4000,9720.0,0.19,1602.81
4094,2025-07-30,CUST0134,Customer 0134,Jeans,Fashion,South,4,2500,9000.0,0.1,1885.59
4095,2025-03-26,CUST0143,Customer 0143,Coffee,Grocery,North,3,500,1290.0,0.14,338.88
4096,2025-06-07,CUST0209,Customer 0209,Rice,Grocery,South,2,1000,1880.0,0.06,546.87
4097,2025-10-18,CUST0215,Customer 0215,Desk,Furniture,North,4,12000,42720.0,0.11,6554.81
4098,2025-03-15,CUST0420,Customer 0420,Rice,Grocery,West,1,1000,830.0,0.17,206.26
4099,2025-08-02,CUST0365,Customer 0365,T-Shirt,Fashion,East,2,1200,2112.0,0.12,276.48
4100,2025-12-26,CUST0012,Customer 0012,Coffee,Grocery,East,4,500,1760.0,0.12,224.25
4101,2025-03-12,CUST0038,Customer 0038,Headphones,Electronics,East,5,3000,14700.0,0.02,2589.54
4102,2025-01-03,CUST0096,Customer 0096,Headphones,Electronics,North,2,3000,5640.0,0.06,1063.45
4103,2025-05-27,CUST0467,Customer 0467,Desk,Furniture,South,4,12000,41280.0,0.14,7513.0
4104,2025-07-11,CUST0060,Customer 0060,Jeans,Fashion,North,3,2500,6450.0,0.14,589.7
4105,2025-04-15,CUST0118,Customer 0118,Rice,Grocery,West,5,1000,4450.0,0.11,447.64
4106,2025-10-12,CUST0349,Customer 0349,Headphones,Electronics,South,2,3000,5760.0,0.04,1278.28
4107,2025-12-22,CUST0029,Customer 0029,Coffee,Grocery,West,3,500,1410.0,0.06,335.45
4108,2025-09-07,CUST0205,Customer 0205,Oil,Grocery,South,4,1500,6000.0,0.0,740.21
4109,2025-12-10,CUST0072,Customer 0072,Jeans,Fashion,South,4,2500,9600.0,0.04,1006.28
4110,2025-03-19,CUST0014,Customer 0014,Laptop,Electronics,South,5,65000,305500.0,0.06,86145.89
4111,2025-07-18,CUST0419,Customer 0419,Chair,Furniture,South,5,7000,33600.0,0.04,10027.16
4112,2025-08-05,CUST0435,Customer 0435,T-Shirt,Fashion,South,5,1200,5520.0,0.08,1591.63
4113,2025-12-20,CUST0277,Customer 0277,Coffee,Grocery,North,4,500,1800.0,0.1,437.07
4114,2025-12-24,CUST0106,Customer 0106,Shoes,Fashion,East,1,4000,3320.0,0.17,733.14
4115,2025-11-07,CUST0470,Customer 0470,Chair,Furniture,North,4,7000,22960.0,0.18,4864.46
4116,2025-10-15,CUST0190,Customer 0190,Shoes,Fashion,North,3,4000,10680.0,0.11,2813.83
4117,2025-04-07,CUST0075,Customer 0075,Chair,Furniture,South,5,7000,32550.0,0.07,8813.77
4118,2025-07-11,CUST0026,Customer 0026,Rice,Grocery,East,1,1000,980.0,0.02,272.21
4119,2025-07-20,CUST0057,Customer 0057,T-Shirt,Fashion,North,3,1200,3024.0,0.16,594.92
4120,2025-10-04,CUST0450,Customer 0450,Laptop,Electronics,North,2,65000,105300.0,0.19,25422.02
4121,2025-05-27,CUST0131,Customer 0131,Rice,Grocery,South,1,1000,990.0,0.01,92.58
4122,2025-02-02,CUST0179,Customer 0179,Shoes,Fashion,South,4,4000,13120.0,0.18,2030.78
4123,2025-06-19,CUST0098,Customer 0098,Jeans,Fashion,West,1,2500,2375.0,0.05,527.39
4124,2025-06-08,CUST0235,Customer 0235,Desk,Furniture,North,3,12000,32400.0,0.1,3996.82
4125,2025-02-22,CUST0473,Customer 0473,Shoes,Fashion,West,5,4000,16200.0,0.19,2655.43
4126,2025-02-26,CUST0250,Customer 0250,T-Shirt,Fashion,North,5,1200,5700.0,0.05,570.38
4127,2025-03-21,CUST0455,Customer 0455,T-Shirt,Fashion,South,1,1200,1104.0,0.08,235.58
4128,2025-09-05,CUST0360,Customer 0360,Phone,Electronics,West,4,30000,117600.0,0.02,18872.33
4129,2025-08-06,CUST0410,Customer 0410,Jeans,Fashion,West,4,2500,9800.0,0.02,2010.23
4130,2025-07-17,CUST0225,Customer 0225,Desk,Furniture,South,5,12000,51000.0,0.15,9929.17
4131,2025-03-23,CUST0212,Customer 0212,Phone,Electronics,North,4,30000,99600.0,0.17,23731.87
4132,2025-06-20,CUST0497,Customer 0497,Jeans,Fashion,North,2,2500,4650.0,0.07,633.46
4133,2025-10-29,CUST0179,Customer 0179,Shoes,Fashion,East,3,4000,10920.0,0.09,1233.84
4134,2025-05-07,CUST0187,Customer 0187,Keyboard,Electronics,South,2,2500,4400.0,0.12,926.28
4135,2025-05-25,CUST0082,Customer 0082,Shoes,Fashion,West,4,4000,13920.0,0.13,1402.28
4136,2025-06-21,CUST0287,Customer 0287,Laptop,Electronics,East,1,65000,55900.0,0.14,11105.86
4137,2025-08-06,CUST0220,Customer 0220,Jeans,Fashion,South,4,2500,8800.0,0.12,1106.72
4138,2025-01-04,CUST0078,Customer 0078,Jeans,Fashion,West,3,2500,7200.0,0.04,2003.11
4139,2025-04-02,CUST0246,Customer 0246,Shoes,Fashion,South,4,4000,14080.0,0.12,3638.92
4140,2025-05-11,CUST0163,Customer 0163,Phone,Electronics,South,3,30000,75600.0,0.16,17858.72
4141,2025-06-13,CUST0065,Customer 0065,Jeans,Fashion,South,3,2500,6075.0,0.19,1055.98
4142,2025-01-03,CUST0412,Customer 0412,Jeans,Fashion,North,4,2500,8400.0,0.16,2411.66
4143,2025-10-02,CUST0470,Customer 0470,Coffee,Grocery,North,4,500,1940.0,0.03,463.38
4144,2025-11-24,CUST0234,Customer 0234,Keyboard,Electronics,West,5,2500,10375.0,0.17,2757.82
4145,2025-09-01,CUST0241,Customer 0241,T-Shirt,Fashion,East,1,1200,1176.0,0.02,290.7
4146,2025-03-13,CUST0164,Customer 0164,Headphones,Electronics,South,4,3000,10440.0,0.13,2951.8
4147,2025-01-01,CUST0400,Customer 0400,Coffee,Grocery,South,1,500,500.0,0.0,139.81
4148,2025-02-07,CUST0025,Customer 0025,Headphones,Electronics,East,3,3000,8730.0,0.03,1265.37
4149,2025-09-08,CUST0111,Customer 0111,Rice,Grocery,West,1,1000,930.0,0.07,209.16
4150,2025-08-29,CUST0049,Customer 0049,Coffee,Grocery,West,4,500,1620.0,0.19,371.19
4151,2025-02-25,CUST0193,Customer 0193,Desk,Furniture,West,5,12000,54600.0,0.09,13639.83
4152,2025-08-22,CUST0209,Customer 0209,Chair,Furniture,West,1,7000,6160.0,0.12,1473.19
4153,2025-09-26,CUST0438,Customer 0438,Keyboard,Electronics,North,2,2500,4700.0,0.06,651.06
4154,2025-11-11,CUST0366,Customer 0366,Desk,Furniture,East,2,12000,23280.0,0.03,6083.21
4155,2025-03-12,CUST0346,Customer 0346,Shoes,Fashion,South,3,4000,11520.0,0.04,2084.62
4156,2025-12-22,CUST0094,Customer 0094,Headphones,Electronics,South,1,3000,2640.0,0.12,652.75
4157,2025-11-16,CUST0361,Customer 0361,Laptop,Electronics,West,4,65000,260000.0,0.0,60455.58
4158,2025-12-10,CUST0125,Customer 0125,Shoes,Fashion,North,1,4000,3400.0,0.15,522.26
4159,2025-02-12,CUST0465,Customer 0465,Desk,Furniture,North,1,12000,10200.0,0.15,1031.83
4160,2025-07-23,CUST0363,Customer 0363,Headphones,Electronics,South,4,3000,12000.0,0.0,2290.35
4161,2025-07-25,CUST0179,Customer 0179,Jeans,Fashion,West,5,2500,10750.0,0.14,2443.19
4162,2025-06-22,CUST0307,Customer 0307,T-Shirt,Fashion,East,5,1200,4920.0,0.18,613.66
4163,2025-05-28,CUST0260,Customer 0260,Jeans,Fashion,South,2,2500,4650.0,0.07,1287.0
4164,2025-02-25,CUST0146,Customer 0146,Coffee,Grocery,East,4,500,1820.0,0.09,182.15
4165,2025-07-16,CUST0125,Customer 0125,Oil,Grocery,West,5,1500,6150.0,0.18,1824.64
4166,2025-05-26,CUST0348,Customer 0348,Keyboard,Electronics,West,2,2500,5000.0,0.0,628.44
4167,2025-12-21,CUST0072,Customer 0072,Rice,Grocery,South,4,1000,3680.0,0.08,412.81
4168,2025-06-08,CUST0202,Customer 0202,Jeans,Fashion,South,3,2500,7125.0,0.05,1963.46
4169,2025-09-13,CUST0343,Customer 0343,Headphones,Electronics,South,3,3000,9000.0,0.0,2325.47
4170,2025-01-11,CUST0280,Customer 0280,Shoes,Fashion,West,1,4000,3920.0,0.02,888.42
4171,2025-01-09,CUST0164,Customer 0164,Phone,Electronics,East,5,30000,150000.0,0.0,37267.78
4172,2025-04-17,CUST0422,Customer 0422,Headphones,Electronics,South,4,3000,9840.0,0.18,1654.51
4173,2025-01-30,CUST0451,Customer 0451,Rice,Grocery,West,2,1000,1600.0,0.2,240.73
4174,2025-12-02,CUST0466,Customer 0466,Keyboard,Electronics,South,4,2500,8800.0,0.12,2180.45
4175,2025-01-07,CUST0046,Customer 0046,Laptop,Electronics,South,1,65000,55900.0,0.14,11719.62
4176,2025-02-03,CUST0284,Customer 0284,T-Shirt,Fashion,East,5,1200,5880.0,0.02,474.99
4177,2025-09-30,CUST0496,Customer 0496,Laptop,Electronics,South,2,65000,115700.0,0.11,34261.94
4178,2025-06-21,CUST0358,Customer 0358,Chair,Furniture,South,1,7000,6510.0,0.07,1782.25
4179,2025-11-16,CUST0350,Customer 0350,Laptop,Electronics,East,5,65000,276250.0,0.15,25100.4
4180,2025-12-28,CUST0113,Customer 0113,Rice,Grocery,West,4,1000,3680.0,0.08,366.07
4181,2025-07-21,CUST0088,Customer 0088,Jeans,Fashion,South,1,2500,2250.0,0.1,581.33
4182,2025-03-12,CUST0346,Customer 0346,Rice,Grocery,East,4,1000,3600.0,0.1,564.24
4183,2025-08-23,CUST0458,Customer 0458,Oil,Grocery,East,3,1500,3825.0,0.15,1018.59
4184,2025-04-23,CUST0038,Customer 0038,Phone,Electronics,South,1,30000,24000.0,0.2,5515.05
4185,2025-12-12,CUST0400,Customer 0400,Oil,Grocery,West,2,1500,3000.0,0.0,644.5
4186,2025-04-14,CUST0310,Customer 0310,T-Shirt,Fashion,North,5,1200,5400.0,0.1,1594.73
4187,2025-10-13,CUST0300,Customer 0300,Phone,Electronics,South,3,30000,87300.0,0.03,15092.6
4188,2025-08-31,CUST0209,Customer 0209,Oil,Grocery,North,3,1500,3915.0,0.13,965.61
4189,2025-07-27,CUST0416,Customer 0416,T-Shirt,Fashion,West,4,1200,4320.0,0.1,1169.38
4190,2025-09-03,CUST0204,Customer 0204,Headphones,Electronics,West,5,3000,13350.0,0.11,3882.21
4191,2025-05-01,CUST0222,Customer 0222,Jeans,Fashion,North,5,2500,10250.0,0.18,2323.56
4192,2025-02-14,CUST0374,Customer 0374,Rice,Grocery,South,4,1000,3280.0,0.18,826.92
4193,2025-08-24,CUST0474,Customer 0474,Shoes,Fashion,West,2,4000,7040.0,0.12,848.3
4194,2025-08-11,CUST0228,Customer 0228,Jeans,Fashion,South,5,2500,12500.0,0.0,2922.9
4195,2025-08-18,CUST0330,Customer 0330,Shoes,Fashion,East,1,4000,3240.0,0.19,964.52
4196,2025-03-28,CUST0096,Customer 0096,Jeans,Fashion,North,5,2500,10750.0,0.14,2548.91
4197,2025-08-26,CUST0150,Customer 0150,Coffee,Grocery,North,5,500,2375.0,0.05,356.15
4198,2025-03-11,CUST0166,Customer 0166,Desk,Furniture,West,5,12000,54000.0,0.1,9842.46
4199,2025-06-15,CUST0499,Customer 0499,Coffee,Grocery,South,4,500,1840.0,0.08,157.29
4200,2025-10-13,CUST0190,Customer 0190,Oil,Grocery,North,5,1500,7500.0,0.0,648.39
4201,2025-12-30,CUST0482,Customer 0482,Chair,Furniture,West,1,7000,5950.0,0.15,619.15
4202,2025-06-18,CUST0248,Customer 0248,Jeans,Fashion,South,5,2500,12000.0,0.04,1144.72
4203,2025-10-30,CUST0491,Customer 0491,Desk,Furniture,West,4,12000,44640.0,0.07,4482.69
4204,2025-02-11,CUST0332,Customer 0332,Phone,Electronics,East,3,30000,80100.0,0.11,7101.92
4205,2025-01-23,CUST0003,Customer 0003,Oil,Grocery,South,5,1500,7200.0,0.04,1003.32
4206,2025-09-25,CUST0486,Customer 0486,T-Shirt,Fashion,West,5,1200,4980.0,0.17,936.64
4207,2025-01-26,CUST0321,Customer 0321,Keyboard,Electronics,North,1,2500,2125.0,0.15,445.66
4208,2025-03-05,CUST0053,Customer 0053,Oil,Grocery,West,2,1500,2790.0,0.07,231.3
4209,2025-11-17,CUST0019,Customer 0019,T-Shirt,Fashion,North,3,1200,3492.0,0.03,858.79
4210,2025-07-25,CUST0339,Customer 0339,Rice,Grocery,South,5,1000,4650.0,0.07,1390.36
4211,2025-04-27,CUST0436,Customer 0436,Keyboard,Electronics,North,4,2500,8800.0,0.12,2293.15
4212,2025-07-16,CUST0087,Customer 0087,Laptop,Electronics,South,1,65000,54600.0,0.16,10355.68
4213,2025-01-11,CUST0482,Customer 0482,Headphones,Electronics,West,3,3000,7560.0,0.16,2109.49
4214,2025-03-13,CUST0133,Customer 0133,Oil,Grocery,East,5,1500,6825.0,0.09,905.19
4215,2025-01-13,CUST0358,Customer 0358,Desk,Furniture,East,4,12000,39360.0,0.18,9126.93
4216,2025-06-06,CUST0201,Customer 0201,Rice,Grocery,West,5,1000,4650.0,0.07,789.39
4217,2025-05-11,CUST0026,Customer 0026,Oil,Grocery,South,4,1500,5340.0,0.11,1006.31
4218,2025-07-05,CUST0331,Customer 0331,Chair,Furniture,East,3,7000,17010.0,0.19,2179.85
4219,2025-02-03,CUST0144,Customer 0144,Shoes,Fashion,West,4,4000,13120.0,0.18,3864.37
4220,2025-07-01,CUST0475,Customer 0475,Jeans,Fashion,South,2,2500,4350.0,0.13,1183.06
4221,2025-06-01,CUST0288,Customer 0288,Oil,Grocery,West,2,1500,2610.0,0.13,740.99
4222,2025-11-19,CUST0082,Customer 0082,Shoes,Fashion,East,4,4000,15360.0,0.04,4535.81
4223,2025-09-23,CUST0161,Customer 0161,Keyboard,Electronics,West,2,2500,4950.0,0.01,1118.0
4224,2025-08-31,CUST0187,Customer 0187,Jeans,Fashion,East,4,2500,10000.0,0.0,1917.36
4225,2025-05-05,CUST0082,Customer 0082,Rice,Grocery,South,4,1000,3400.0,0.15,728.34
4226,2025-12-03,CUST0425,Customer 0425,Rice,Grocery,West,3,1000,2820.0,0.06,766.13
4227,2025-11-02,CUST0354,Customer 0354,Desk,Furniture,East,5,12000,59400.0,0.01,5062.75
4228,2025-06-13,CUST0410,Customer 0410,Laptop,Electronics,South,3,65000,156000.0,0.2,13574.16
4229,2025-09-30,CUST0138,Customer 0138,Shoes,Fashion,North,4,4000,15520.0,0.03,4050.74
4230,2025-08-23,CUST0101,Customer 0101,Chair,Furniture,South,2,7000,11480.0,0.18,2833.2
4231,2025-10-18,CUST0024,Customer 0024,Oil,Grocery,West,4,1500,5460.0,0.09,1535.51
4232,2025-03-14,CUST0433,Customer 0433,Coffee,Grocery,East,3,500,1425.0,0.05,361.19
4233,2025-12-08,CUST0322,Customer 0322,Rice,Grocery,North,1,1000,950.0,0.05,269.4
4234,2025-08-04,CUST0071,Customer 0071,Desk,Furniture,North,5,12000,48000.0,0.2,5000.95
4235,2025-12-13,CUST0068,Customer 0068,Oil,Grocery,South,1,1500,1410.0,0.06,219.35
4236,2025-10-15,CUST0049,Customer 0049,Chair,Furniture,South,2,7000,13020.0,0.07,3575.79
4237,2025-08-26,CUST0306,Customer 0306,Chair,Furniture,East,2,7000,11760.0,0.16,2882.74
4238,2025-04-07,CUST0041,Customer 0041,Oil,Grocery,East,1,1500,1470.0,0.02,194.89
4239,2025-10-22,CUST0015,Customer 0015,Chair,Furniture,West,2,7000,12880.0,0.08,1553.63
4240,2025-05-16,CUST0077,Customer 0077,Jeans,Fashion,South,4,2500,8300.0,0.17,1358.44
4241,2025-12-08,CUST0177,Customer 0177,Phone,Electronics,South,1,30000,27000.0,0.1,5105.71
4242,2025-10-11,CUST0367,Customer 0367,Rice,Grocery,North,3,1000,2790.0,0.07,433.26
4243,2025-05-13,CUST0324,Customer 0324,Shoes,Fashion,North,1,4000,3360.0,0.16,877.75
4244,2025-10-27,CUST0119,Customer 0119,Desk,Furniture,East,1,12000,11760.0,0.02,2662.74
4245,2025-06-26,CUST0425,Customer 0425,Desk,Furniture,West,3,12000,30600.0,0.15,3928.5
4246,2025-12-24,CUST0017,Customer 0017,Shoes,Fashion,North,2,4000,7280.0,0.09,1453.38
4247,2025-08-01,CUST0234,Customer 0234,Keyboard,Electronics,South,2,2500,4550.0,0.09,749.66
4248,2025-02-14,CUST0342,Customer 0342,Desk,Furniture,South,4,12000,44640.0,0.07,7727.15
4249,2025-08-06,CUST0132,Customer 0132,Phone,Electronics,East,2,30000,51000.0,0.15,4402.55
4250,2025-09-27,CUST0061,Customer 0061,Jeans,Fashion,North,4,2500,9200.0,0.08,764.57
4251,2025-08-06,CUST0293,Customer 0293,Keyboard,Electronics,North,1,2500,2200.0,0.12,384.84
4252,2025-05-01,CUST0473,Customer 0473,Coffee,Grocery,West,5,500,2325.0,0.07,223.72
4253,2025-01-31,CUST0160,Customer 0160,Desk,Furniture,South,1,12000,10320.0,0.14,2462.79
4254,2025-03-06,CUST0469,Customer 0469,Rice,Grocery,North,4,1000,3640.0,0.09,833.1
4255,2025-03-30,CUST0488,Customer 0488,Keyboard,Electronics,North,3,2500,6300.0,0.16,1651.31
4256,2025-06-07,CUST0258,Customer 0258,Desk,Furniture,North,1,12000,10440.0,0.13,2328.61
4257,2025-03-16,CUST0190,Customer 0190,Coffee,Grocery,South,2,500,920.0,0.08,147.73
4258,2025-10-11,CUST0090,Customer 0090,Oil,Grocery,West,2,1500,2940.0,0.02,400.36
4259,2025-07-05,CUST0393,Customer 0393,Desk,Furniture,North,4,12000,44160.0,0.08,5328.22
4260,2025-02-26,CUST0368,Customer 0368,Desk,Furniture,East,3,12000,31680.0,0.12,7751.05
4261,2025-04-10,CUST0459,Customer 0459,Phone,Electronics,East,5,30000,124500.0,0.17,15523.55
4262,2025-05-08,CUST0224,Customer 0224,Coffee,Grocery,North,3,500,1425.0,0.05,363.4
4263,2025-12-18,CUST0335,Customer 0335,Headphones,Electronics,North,5,3000,13500.0,0.1,1432.55
4264,2025-06-14,CUST0009,Customer 0009,Shoes,Fashion,West,2,4000,6880.0,0.14,724.0
4265,2025-11-06,CUST0065,Customer 0065,Shoes,Fashion,South,3,4000,10080.0,0.16,2823.76
4266,2025-03-24,CUST0261,Customer 0261,Phone,Electronics,North,4,30000,116400.0,0.03,25045.14
4267,2025-09-15,CUST0251,Customer 0251,Keyboard,Electronics,South,5,2500,12125.0,0.03,1231.28
4268,2025-07-23,CUST0291,Customer 0291,Phone,Electronics,West,3,30000,81900.0,0.09,18793.38
4269,2025-09-05,CUST0059,Customer 0059,Laptop,Electronics,West,3,65000,189150.0,0.03,36514.62
4270,2025-09-07,CUST0001,Customer 0001,T-Shirt,Fashion,North,3,1200,3348.0,0.07,705.99
4271,2025-07-11,CUST0443,Customer 0443,Keyboard,Electronics,North,1,2500,2375.0,0.05,356.05
4272,2025-04-01,CUST0004,Customer 0004,Headphones,Electronics,West,4,3000,10200.0,0.15,1984.55
4273,2025-10-12,CUST0314,Customer 0314,Laptop,Electronics,East,2,65000,110500.0,0.15,16368.29
4274,2025-01-29,CUST0088,Customer 0088,Coffee,Grocery,West,3,500,1350.0,0.1,242.42
4275,2025-01-25,CUST0122,Customer 0122,Rice,Grocery,South,1,1000,950.0,0.05,202.36
4276,2025-05-20,CUST0209,Customer 0209,Rice,Grocery,North,4,1000,3440.0,0.14,500.42
4277,2025-10-02,CUST0365,Customer 0365,Oil,Grocery,North,2,1500,2850.0,0.05,493.83
4278,2025-01-23,CUST0039,Customer 0039,Keyboard,Electronics,North,5,2500,10875.0,0.13,1938.03
4279,2025-01-25,CUST0447,Customer 0447,Desk,Furniture,North,1,12000,11400.0,0.05,1616.29
4280,2025-02-21,CUST0280,Customer 0280,Chair,Furniture,South,2,7000,13580.0,0.03,1380.8
4281,2025-07-05,CUST0408,Customer 0408,Keyboard,Electronics,South,2,2500,4950.0,0.01,995.14
4282,2025-12-17,CUST0375,Customer 0375,Phone,Electronics,West,4,30000,108000.0,0.1,25834.28
4283,2025-04-24,CUST0213,Customer 0213,Laptop,Electronics,North,2,65000,115700.0,0.11,26481.66
4284,2025-11-29,CUST0481,Customer 0481,Oil,Grocery,North,4,1500,4800.0,0.2,1163.62
4285,2025-08-27,CUST0384,Customer 0384,Jeans,Fashion,West,5,2500,10750.0,0.14,2392.56
4286,2025-09-04,CUST0095,Customer 0095,Laptop,Electronics,East,1,65000,65000.0,0.0,7050.44
4287,2025-12-24,CUST0368,Customer 0368,Phone,Electronics,West,1,30000,24300.0,0.19,6826.63
4288,2025-02-28,CUST0223,Customer 0223,Keyboard,Electronics,North,3,2500,6675.0,0.11,1813.59
4289,2025-12-01,CUST0344,Customer 0344,Jeans,Fashion,West,5,2500,11750.0,0.06,1406.08
4290,2025-01-04,CUST0271,Customer 0271,Desk,Furniture,North,1,12000,10200.0,0.15,2795.55
4291,2025-11-15,CUST0136,Customer 0136,Rice,Grocery,West,3,1000,2790.0,0.07,796.94
4292,2025-11-07,CUST0242,Customer 0242,Headphones,Electronics,North,5,3000,13800.0,0.08,2131.48
4293,2025-11-04,CUST0096,Customer 0096,T-Shirt,Fashion,West,4,1200,4320.0,0.1,570.21
4294,2025-12-17,CUST0416,Customer 0416,Phone,Electronics,West,5,30000,135000.0,0.1,33077.48
4295,2025-05-04,CUST0300,Customer 0300,Desk,Furniture,West,4,12000,47040.0,0.02,11443.93
4296,2025-08-14,CUST0279,Customer 0279,Keyboard,Electronics,West,1,2500,2325.0,0.07,438.9
4297,2025-02-20,CUST0101,Customer 0101,Jeans,Fashion,North,5,2500,11250.0,0.1,1609.08
4298,2025-03-26,CUST0374,Customer 0374,Headphones,Electronics,East,2,3000,5160.0,0.14,1465.84
4299,2025-12-08,CUST0195,Customer 0195,Phone,Electronics,West,3,30000,84600.0,0.06,14044.96
4300,2025-04-01,CUST0254,Customer 0254,Shoes,Fashion,North,2,4000,6800.0,0.15,545.27
4301,2025-02-06,CUST0413,Customer 0413,T-Shirt,Fashion,South,4,1200,4032.0,0.16,929.47
4302,2025-11-17,CUST0344,Customer 0344,Phone,Electronics,North,3,30000,86400.0,0.04,16631.91
4303,2025-11-04,CUST0204,Customer 0204,Jeans,Fashion,East,4,2500,9600.0,0.04,2717.55
4304,2025-09-03,CUST0014,Customer 0014,Chair,Furniture,West,4,7000,26320.0,0.06,5224.59
4305,2025-10-31,CUST0262,Customer 0262,T-Shirt,Fashion,South,1,1200,1152.0,0.04,231.86
4306,2025-01-02,CUST0015,Customer 0015,Chair,Furniture,South,5,7000,33600.0,0.04,7736.08
4307,2025-07-25,CUST0374,Customer 0374,Keyboard,Electronics,South,1,2500,2125.0,0.15,439.59
4308,2025-03-16,CUST0400,Customer 0400,Oil,Grocery,West,5,1500,7350.0,0.02,1629.1
4309,2025-01-30,CUST0197,Customer 0197,Desk,Furniture,East,5,12000,57600.0,0.04,5424.25
4310,2025-01-26,CUST0194,Customer 0194,Oil,Grocery,West,2,1500,2640.0,0.12,258.8
4311,2025-03-29,CUST0066,Customer 0066,Jeans,Fashion,South,2,2500,4700.0,0.06,504.3
4312,2025-01-11,CUST0045,Customer 0045,Jeans,Fashion,West,1,2500,2275.0,0.09,473.99
4313,2025-11-30,CUST0028,Customer 0028,T-Shirt,Fashion,East,3,1200,3096.0,0.14,605.83
4314,2025-10-23,CUST0245,Customer 0245,Chair,Furniture,North,5,7000,30800.0,0.12,6694.14
4315,2025-06-11,CUST0083,Customer 0083,Headphones,Electronics,West,1,3000,2700.0,0.1,281.57
4316,2025-06-21,CUST0214,Customer 0214,Desk,Furniture,North,5,12000,51000.0,0.15,10283.45
4317,2025-01-05,CUST0222,Customer 0222,Phone,Electronics,East,4,30000,115200.0,0.04,29511.19
4318,2025-07-28,CUST0442,Customer 0442,Keyboard,Electronics,North,1,2500,2000.0,0.2,248.05
4319,2025-03-28,CUST0306,Customer 0306,T-Shirt,Fashion,South,3,1200,2988.0,0.17,533.95
4320,2025-08-01,CUST0053,Customer 0053,Shoes,Fashion,West,5,4000,18800.0,0.06,3201.91
4321,2025-10-15,CUST0260,Customer 0260,Phone,Electronics,North,1,30000,26700.0,0.11,7373.48
4322,2025-07-20,CUST0272,Customer 0272,Headphones,Electronics,North,1,3000,2940.0,0.02,369.2
4323,2025-09-13,CUST0040,Customer 0040,Shoes,Fashion,South,4,4000,14880.0,0.07,3794.04
4324,2025-02-28,CUST0200,Customer 0200,Keyboard,Electronics,South,2,2500,4600.0,0.08,489.98
4325,2025-02-09,CUST0241,Customer 0241,Coffee,Grocery,North,5,500,2325.0,0.07,481.85
4326,2025-06-08,CUST0353,Customer 0353,Coffee,Grocery,East,1,500,475.0,0.05,108.28
4327,2025-06-01,CUST0191,Customer 0191,Jeans,Fashion,West,3,2500,6750.0,0.1,1047.49
4328,2025-05-01,CUST0349,Customer 0349,Coffee,Grocery,South,5,500,2225.0,0.11,584.71
4329,2025-09-04,CUST0436,Customer 0436,Chair,Furniture,East,2,7000,12320.0,0.12,1403.35
4330,2025-06-25,CUST0055,Customer 0055,T-Shirt,Fashion,South,3,1200,3564.0,0.01,755.72
4331,2025-06-15,CUST0286,Customer 0286,Phone,Electronics,South,3,30000,74700.0,0.17,20234.9
4332,2025-02-24,CUST0420,Customer 0420,Oil,Grocery,North,2,1500,2580.0,0.14,436.74
4333,2025-03-04,CUST0357,Customer 0357,Jeans,Fashion,East,4,2500,9500.0,0.05,2010.31
4334,2025-05-13,CUST0051,Customer 0051,Keyboard,Electronics,East,5,2500,11875.0,0.05,1560.68
4335,2025-07-19,CUST0112,Customer 0112,Laptop,Electronics,West,5,65000,308750.0,0.05,85476.32
4336,2025-11-03,CUST0205,Customer 0205,Jeans,Fashion,West,3,2500,6300.0,0.16,1365.76
4337,2025-12-23,CUST0339,Customer 0339,Chair,Furniture,West,3,7000,17220.0,0.18,3572.2
4338,2025-03-11,CUST0323,Customer 0323,Chair,Furniture,South,1,7000,6230.0,0.11,1525.33
4339,2025-12-26,CUST0056,Customer 0056,T-Shirt,Fashion,East,4,1200,4176.0,0.13,1153.61
4340,2025-11-30,CUST0485,Customer 0485,Phone,Electronics,South,4,30000,110400.0,0.08,10395.47
4341,2025-04-21,CUST0494,Customer 0494,Coffee,Grocery,North,4,500,1920.0,0.04,334.72
4342,2025-09-02,CUST0355,Customer 0355,Headphones,Electronics,East,1,3000,2700.0,0.1,350.46
4343,2025-01-06,CUST0362,Customer 0362,Headphones,Electronics,South,3,3000,8730.0,0.03,1028.07
4344,2025-05-19,CUST0049,Customer 0049,Oil,Grocery,South,5,1500,6675.0,0.11,1696.92
4345,2025-02-01,CUST0211,Customer 0211,Rice,Grocery,East,2,1000,1920.0,0.04,252.73
4346,2025-06-07,CUST0462,Customer 0462,Laptop,Electronics,East,1,65000,53300.0,0.18,5435.17
4347,2025-05-29,CUST0138,Customer 0138,Headphones,Electronics,East,3,3000,7650.0,0.15,1542.27
4348,2025-03-21,CUST0343,Customer 0343,Rice,Grocery,East,1,1000,970.0,0.03,137.25
4349,2025-01-04,CUST0358,Customer 0358,Coffee,Grocery,North,3,500,1365.0,0.09,214.62
4350,2025-03-02,CUST0343,Customer 0343,Oil,Grocery,East,5,1500,6825.0,0.09,643.79
4351,2025-08-02,CUST0141,Customer 0141,Laptop,Electronics,East,5,65000,273000.0,0.16,38957.53
4352,2025-09-11,CUST0180,Customer 0180,Keyboard,Electronics,South,5,2500,11125.0,0.11,2619.6
4353,2025-08-28,CUST0020,Customer 0020,Desk,Furniture,East,3,12000,29880.0,0.17,3272.81
4354,2025-02-17,CUST0351,Customer 0351,Rice,Grocery,South,5,1000,4950.0,0.01,1386.23
4355,2025-07-17,CUST0441,Customer 0441,Phone,Electronics,West,1,30000,29700.0,0.01,3680.41
4356,2025-06-13,CUST0316,Customer 0316,Chair,Furniture,South,2,7000,11900.0,0.15,2506.13
4357,2025-01-19,CUST0325,Customer 0325,Headphones,Electronics,West,2,3000,5400.0,0.1,1276.82
4358,2025-10-26,CUST0340,Customer 0340,Shoes,Fashion,East,5,4000,19400.0,0.03,2268.52
4359,2025-04-30,CUST0119,Customer 0119,Jeans,Fashion,North,4,2500,9800.0,0.02,1323.1
4360,2025-11-17,CUST0422,Customer 0422,Jeans,Fashion,South,2,2500,4400.0,0.12,367.72
4361,2025-06-06,CUST0065,Customer 0065,Chair,Furniture,South,2,7000,13160.0,0.06,2148.77
4362,2025-09-20,CUST0382,Customer 0382,Keyboard,Electronics,East,3,2500,6900.0,0.08,857.99
4363,2025-12-12,CUST0265,Customer 0265,Jeans,Fashion,South,5,2500,11875.0,0.05,1572.11
4364,2025-08-30,CUST0190,Customer 0190,Phone,Electronics,East,5,30000,138000.0,0.08,38440.81
4365,2025-01-20,CUST0260,Customer 0260,Shoes,Fashion,South,3,4000,10080.0,0.16,1196.09
4366,2025-10-15,CUST0091,Customer 0091,Shoes,Fashion,East,5,4000,16200.0,0.19,3272.18
4367,2025-01-11,CUST0231,Customer 0231,Chair,Furniture,East,2,7000,13020.0,0.07,3427.26
4368,2025-03-25,CUST0499,Customer 0499,Jeans,Fashion,East,5,2500,10500.0,0.16,3123.89
4369,2025-09-03,CUST0432,Customer 0432,Rice,Grocery,West,1,1000,950.0,0.05,165.23
4370,2025-05-26,CUST0168,Customer 0168,Keyboard,Electronics,West,3,2500,6600.0,0.12,1746.96
4371,2025-07-27,CUST0169,Customer 0169,Laptop,Electronics,South,3,65000,177450.0,0.09,45527.44
4372,2025-01-03,CUST0020,Customer 0020,Coffee,Grocery,West,5,500,2325.0,0.07,255.76
4373,2025-04-19,CUST0479,Customer 0479,Chair,Furniture,West,3,7000,17850.0,0.15,3825.51
4374,2025-12-08,CUST0194,Customer 0194,Jeans,Fashion,East,4,2500,9100.0,0.09,1907.26
4375,2025-08-22,CUST0009,Customer 0009,Shoes,Fashion,North,1,4000,3640.0,0.09,974.56
4376,2025-08-10,CUST0300,Customer 0300,Laptop,Electronics,North,1,65000,53950.0,0.17,11689.33
4377,2025-02-11,CUST0014,Customer 0014,Keyboard,Electronics,West,5,2500,11875.0,0.05,3435.53
4378,2025-02-22,CUST0173,Customer 0173,Shoes,Fashion,East,4,4000,13280.0,0.17,2286.06
4379,2025-01-01,CUST0335,Customer 0335,Desk,Furniture,North,1,12000,10680.0,0.11,2041.38
4380,2025-12-18,CUST0050,Customer 0050,Shoes,Fashion,South,4,4000,13920.0,0.13,1912.15
4381,2025-04-15,CUST0146,Customer 0146,Oil,Grocery,West,2,1500,2430.0,0.19,391.1
4382,2025-10-22,CUST0265,Customer 0265,Desk,Furniture,East,1,12000,9840.0,0.18,2935.1
4383,2025-06-15,CUST0389,Customer 0389,Laptop,Electronics,South,3,65000,163800.0,0.16,27825.73
4384,2025-09-06,CUST0176,Customer 0176,Chair,Furniture,East,1,7000,6790.0,0.03,1606.69
4385,2025-04-02,CUST0408,Customer 0408,Jeans,Fashion,South,4,2500,9900.0,0.01,2602.87
4386,2025-06-19,CUST0411,Customer 0411,T-Shirt,Fashion,South,1,1200,1128.0,0.06,98.5
4387,2025-06-19,CUST0029,Customer 0029,Rice,Grocery,West,2,1000,1780.0,0.11,483.6
4388,2025-08-08,CUST0382,Customer 0382,Headphones,Electronics,North,4,3000,9960.0,0.17,1456.03
4389,2025-11-19,CUST0211,Customer 0211,Keyboard,Electronics,West,5,2500,10875.0,0.13,2240.83
4390,2025-10-14,CUST0445,Customer 0445,Laptop,Electronics,South,4,65000,249600.0,0.04,48091.12
4391,2025-01-10,CUST0369,Customer 0369,Phone,Electronics,South,1,30000,25500.0,0.15,6809.36
4392,2025-08-13,CUST0282,Customer 0282,Coffee,Grocery,South,4,500,1760.0,0.12,173.35
4393,2025-01-01,CUST0389,Customer 0389,Chair,Furniture,West,5,7000,29050.0,0.17,3266.22
4394,2025-08-24,CUST0180,Customer 0180,Jeans,Fashion,South,4,2500,8500.0,0.15,771.2
4395,2025-07-18,CUST0168,Customer 0168,Shoes,Fashion,West,2,4000,7920.0,0.01,972.15
4396,2025-04-21,CUST0130,Customer 0130,Chair,Furniture,West,3,7000,20160.0,0.04,4252.34
4397,2025-09-18,CUST0400,Customer 0400,Coffee,Grocery,South,4,500,1700.0,0.15,404.81
4398,2025-02-23,CUST0276,Customer 0276,Phone,Electronics,West,2,30000,57600.0,0.04,9306.57
4399,2025-02-15,CUST0245,Customer 0245,Oil,Grocery,North,1,1500,1365.0,0.09,175.22
4400,2025-08-17,CUST0155,Customer 0155,Chair,Furniture,South,3,7000,19110.0,0.09,5254.32
4401,2025-12-12,CUST0212,Customer 0212,Headphones,Electronics,East,4,3000,11400.0,0.05,1896.17
4402,2025-12-23,CUST0022,Customer 0022,Jeans,Fashion,West,5,2500,10250.0,0.18,2069.87
4403,2025-09-11,CUST0136,Customer 0136,T-Shirt,Fashion,South,3,1200,3168.0,0.12,730.26
4404,2025-05-27,CUST0430,Customer 0430,Jeans,Fashion,South,3,2500,7275.0,0.03,1148.8
4405,2025-08-17,CUST0384,Customer 0384,T-Shirt,Fashion,South,3,1200,2952.0,0.18,800.66
4406,2025-09-01,CUST0200,Customer 0200,T-Shirt,Fashion,East,4,1200,4272.0,0.11,606.22
4407,2025-03-18,CUST0012,Customer 0012,T-Shirt,Fashion,West,4,1200,4368.0,0.09,426.81
4408,2025-06-29,CUST0103,Customer 0103,Chair,Furniture,South,1,7000,6860.0,0.02,1687.31
4409,2025-11-30,CUST0398,Customer 0398,Keyboard,Electronics,North,1,2500,2200.0,0.12,204.16
4410,2025-11-26,CUST0368,Customer 0368,Laptop,Electronics,West,5,65000,269750.0,0.17,65404.79
4411,2025-07-10,CUST0204,Customer 0204,Desk,Furniture,East,5,12000,58200.0,0.03,14193.25
4412,2025-06-25,CUST0126,Customer 0126,Jeans,Fashion,South,3,2500,6525.0,0.13,1128.74
4413,2025-06-25,CUST0489,Customer 0489,Headphones,Electronics,West,2,3000,4980.0,0.17,540.97
4414,2025-08-09,CUST0017,Customer 0017,Rice,Grocery,West,1,1000,830.0,0.17,73.12
4415,2025-01-15,CUST0438,Customer 0438,Coffee,Grocery,East,1,500,495.0,0.01,119.71
4416,2025-10-27,CUST0386,Customer 0386,Rice,Grocery,West,3,1000,2520.0,0.16,244.73
4417,2025-06-10,CUST0042,Customer 0042,Phone,Electronics,South,5,30000,147000.0,0.02,40436.9
4418,2025-08-18,CUST0404,Customer 0404,Chair,Furniture,East,4,7000,25480.0,0.09,3787.12
4419,2025-08-29,CUST0230,Customer 0230,Shoes,Fashion,West,1,4000,3600.0,0.1,893.18
4420,2025-09-19,CUST0250,Customer 0250,Rice,Grocery,West,1,1000,940.0,0.06,170.65
4421,2025-07-24,CUST0344,Customer 0344,Rice,Grocery,North,4,1000,3560.0,0.11,400.13
4422,2025-07-10,CUST0365,Customer 0365,Headphones,Electronics,East,3,3000,8280.0,0.08,2443.84
4423,2025-01-09,CUST0270,Customer 0270,Rice,Grocery,South,5,1000,4950.0,0.01,1178.26
4424,2025-12-21,CUST0119,Customer 0119,Laptop,Electronics,West,2,65000,115700.0,0.11,13988.81
4425,2025-05-27,CUST0438,Customer 0438,Laptop,Electronics,South,3,65000,183300.0,0.06,34068.01
4426,2025-11-16,CUST0274,Customer 0274,Shoes,Fashion,North,2,4000,6560.0,0.18,621.62
4427,2025-07-01,CUST0035,Customer 0035,Keyboard,Electronics,East,1,2500,2225.0,0.11,362.1
4428,2025-09-06,CUST0158,Customer 0158,T-Shirt,Fashion,North,2,1200,2304.0,0.04,483.77
4429,2025-05-10,CUST0233,Customer 0233,Oil,Grocery,East,5,1500,6975.0,0.07,958.73
4430,2025-06-04,CUST0424,Customer 0424,Headphones,Electronics,East,1,3000,2880.0,0.04,614.18
4431,2025-02-22,CUST0009,Customer 0009,Oil,Grocery,West,2,1500,2460.0,0.18,319.07
4432,2025-11-27,CUST0116,Customer 0116,Desk,Furniture,West,1,12000,10680.0,0.11,2611.24
4433,2025-07-31,CUST0159,Customer 0159,T-Shirt,Fashion,South,4,1200,4512.0,0.06,563.25
4434,2025-07-07,CUST0040,Customer 0040,Jeans,Fashion,East,2,2500,5000.0,0.0,790.88
4435,2025-04-11,CUST0137,Customer 0137,Shoes,Fashion,South,3,4000,10680.0,0.11,1038.93
4436,2025-11-15,CUST0480,Customer 0480,Jeans,Fashion,North,5,2500,11625.0,0.07,1359.12
4437,2025-09-08,CUST0282,Customer 0282,Coffee,Grocery,North,3,500,1395.0,0.07,302.68
4438,2025-10-23,CUST0268,Customer 0268,Chair,Furniture,West,1,7000,5740.0,0.18,1685.54
4439,2025-06-19,CUST0185,Customer 0185,Jeans,Fashion,South,1,2500,2300.0,0.08,358.65
4440,2025-04-21,CUST0276,Customer 0276,Keyboard,Electronics,North,1,2500,2200.0,0.12,326.55
4441,2025-10-08,CUST0457,Customer 0457,Oil,Grocery,North,1,1500,1275.0,0.15,380.47
4442,2025-05-13,CUST0444,Customer 0444,Shoes,Fashion,South,2,4000,7600.0,0.05,1784.38
4443,2025-06-09,CUST0469,Customer 0469,Headphones,Electronics,West,1,3000,2580.0,0.14,703.79
4444,2025-05-04,CUST0391,Customer 0391,Laptop,Electronics,North,5,65000,276250.0,0.15,28275.03
4445,2025-09-21,CUST0161,Customer 0161,Headphones,Electronics,North,4,3000,9840.0,0.18,1426.23
4446,2025-06-01,CUST0371,Customer 0371,Shoes,Fashion,East,1,4000,3840.0,0.04,378.03
4447,2025-07-05,CUST0101,Customer 0101,Laptop,Electronics,North,1,65000,61100.0,0.06,5412.12
4448,2025-06-07,CUST0152,Customer 0152,Laptop,Electronics,North,4,65000,236600.0,0.09,23506.02
4449,2025-01-25,CUST0316,Customer 0316,Oil,Grocery,East,4,1500,5580.0,0.07,1120.39
4450,2025-06-13,CUST0234,Customer 0234,Shoes,Fashion,East,4,4000,15200.0,0.05,3891.94
4451,2025-06-05,CUST0062,Customer 0062,Jeans,Fashion,West,2,2500,4400.0,0.12,447.14
4452,2025-11-11,CUST0440,Customer 0440,Coffee,Grocery,East,3,500,1395.0,0.07,128.5
4453,2025-12-17,CUST0043,Customer 0043,Coffee,Grocery,West,1,500,500.0,0.0,146.89
4454,2025-11-25,CUST0195,Customer 0195,Oil,Grocery,South,5,1500,7350.0,0.02,683.2
4455,2025-03-23,CUST0341,Customer 0341,Chair,Furniture,South,2,7000,11760.0,0.16,1260.31
4456,2025-08-02,CUST0423,Customer 0423,Jeans,Fashion,West,2,2500,4850.0,0.03,477.33
4457,2025-07-02,CUST0476,Customer 0476,Rice,Grocery,West,4,1000,3880.0,0.03,978.06
4458,2025-03-16,CUST0016,Customer 0016,Jeans,Fashion,North,2,2500,4350.0,0.13,823.22
4459,2025-01-02,CUST0006,Customer 0006,Desk,Furniture,East,5,12000,57000.0,0.05,12862.09
4460,2025-09-10,CUST0067,Customer 0067,Headphones,Electronics,South,5,3000,13050.0,0.13,1185.13
4461,2025-03-22,CUST0075,Customer 0075,Laptop,Electronics,East,1,65000,52650.0,0.19,11868.46
4462,2025-10-14,CUST0174,Customer 0174,Coffee,Grocery,South,4,500,1700.0,0.15,231.03
4463,2025-10-12,CUST0238,Customer 0238,Phone,Electronics,East,2,30000,52800.0,0.12,5250.53
4464,2025-04-06,CUST0462,Customer 0462,Oil,Grocery,North,1,1500,1395.0,0.07,417.23
4465,2025-12-28,CUST0477,Customer 0477,Headphones,Electronics,North,5,3000,13800.0,0.08,3551.06
4466,2025-05-28,CUST0283,Customer 0283,Laptop,Electronics,East,2,65000,109200.0,0.16,28718.05
4467,2025-01-07,CUST0215,Customer 0215,Desk,Furniture,West,3,12000,29520.0,0.18,4072.81
4468,2025-12-21,CUST0311,Customer 0311,Desk,Furniture,North,1,12000,10320.0,0.14,878.49
4469,2025-11-21,CUST0258,Customer 0258,Oil,Grocery,East,5,1500,6750.0,0.1,1186.94
4470,2025-04-15,CUST0019,Customer 0019,Phone,Electronics,West,4,30000,111600.0,0.07,29576.17
4471,2025-03-10,CUST0113,Customer 0113,Jeans,Fashion,West,5,2500,11250.0,0.1,2158.93
4472,2025-07-15,CUST0178,Customer 0178,Shoes,Fashion,South,5,4000,17600.0,0.12,2328.2
4473,2025-07-19,CUST0338,Customer 0338,Laptop,Electronics,South,4,65000,226200.0,0.13,62139.58
4474,2025-10-30,CUST0012,Customer 0012,Phone,Electronics,West,1,30000,25200.0,0.16,6828.95
4475,2025-01-05,CUST0473,Customer 0473,Chair,Furniture,West,4,7000,23240.0,0.17,3275.93
4476,2025-02-10,CUST0386,Customer 0386,Coffee,Grocery,South,5,500,2500.0,0.0,479.92
4477,2025-06-18,CUST0063,Customer 0063,Oil,Grocery,East,3,1500,3735.0,0.17,726.95
4478,2025-05-06,CUST0287,Customer 0287,Headphones,Electronics,North,5,3000,14100.0,0.06,1355.74
4479,2025-05-13,CUST0236,Customer 0236,Coffee,Grocery,West,1,500,405.0,0.19,53.19
4480,2025-03-07,CUST0288,Customer 0288,Keyboard,Electronics,West,5,2500,11625.0,0.07,1167.79
4481,2025-08-31,CUST0111,Customer 0111,Rice,Grocery,South,1,1000,840.0,0.16,128.44
4482,2025-03-06,CUST0337,Customer 0337,Oil,Grocery,East,4,1500,5400.0,0.1,1391.7
4483,2025-09-19,CUST0389,Customer 0389,Jeans,Fashion,West,4,2500,8400.0,0.16,1649.08
4484,2025-06-19,CUST0195,Customer 0195,Oil,Grocery,South,2,1500,2640.0,0.12,308.08
4485,2025-03-23,CUST0270,Customer 0270,Headphones,Electronics,North,5,3000,12300.0,0.18,3040.93
4486,2025-09-27,CUST0112,Customer 0112,Headphones,Electronics,East,2,3000,5580.0,0.07,497.63
4487,2025-08-07,CUST0275,Customer 0275,Oil,Grocery,West,3,1500,3870.0,0.14,1017.8
4488,2025-07-29,CUST0328,Customer 0328,T-Shirt,Fashion,East,5,1200,6000.0,0.0,1732.8
4489,2025-06-15,CUST0411,Customer 0411,Jeans,Fashion,East,2,2500,4500.0,0.1,626.11
4490,2025-10-22,CUST0167,Customer 0167,Coffee,Grocery,East,4,500,1860.0,0.07,181.27
4491,2025-11-22,CUST0103,Customer 0103,Phone,Electronics,East,4,30000,112800.0,0.06,17575.91
4492,2025-11-04,CUST0322,Customer 0322,Headphones,Electronics,West,5,3000,12900.0,0.14,2418.49
4493,2025-05-22,CUST0045,Customer 0045,Rice,Grocery,West,1,1000,860.0,0.14,123.88
4494,2025-12-17,CUST0455,Customer 0455,Headphones,Electronics,North,4,3000,10920.0,0.09,2700.9
4495,2025-11-12,CUST0317,Customer 0317,T-Shirt,Fashion,West,4,1200,4560.0,0.05,589.54
4496,2025-07-02,CUST0404,Customer 0404,Desk,Furniture,West,1,12000,10200.0,0.15,2563.29
4497,2025-06-09,CUST0455,Customer 0455,Phone,Electronics,West,5,30000,138000.0,0.08,27112.23
4498,2025-05-02,CUST0479,Customer 0479,Oil,Grocery,South,1,1500,1230.0,0.18,111.88
4499,2025-06-29,CUST0378,Customer 0378,Jeans,Fashion,South,2,2500,4950.0,0.01,516.07
4500,2025-01-20,CUST0044,Customer 0044,Oil,Grocery,South,3,1500,3960.0,0.12,885.0
4501,2025-03-30,CUST0473,Customer 0473,Chair,Furniture,South,2,7000,13580.0,0.03,1925.21
4502,2025-06-06,CUST0396,Customer 0396,Rice,Grocery,North,5,1000,4850.0,0.03,795.14
4503,2025-10-18,CUST0322,Customer 0322,Jeans,Fashion,North,3,2500,6825.0,0.09,1588.28
4504,2025-11-21,CUST0448,Customer 0448,Jeans,Fashion,South,1,2500,2375.0,0.05,604.67
4505,2025-06-03,CUST0284,Customer 0284,Laptop,Electronics,South,1,65000,53950.0,0.17,8276.02
4506,2025-08-13,CUST0383,Customer 0383,Keyboard,Electronics,West,3,2500,6300.0,0.16,1234.4
4507,2025-09-06,CUST0054,Customer 0054,Desk,Furniture,North,3,12000,34200.0,0.05,5872.22
4508,2025-06-26,CUST0126,Customer 0126,Coffee,Grocery,West,2,500,820.0,0.18,72.98
4509,2025-09-06,CUST0439,Customer 0439,Chair,Furniture,South,4,7000,24360.0,0.13,2687.22
4510,2025-01-25,CUST0323,Customer 0323,Desk,Furniture,East,2,12000,22080.0,0.08,5151.0
4511,2025-11-16,CUST0294,Customer 0294,Phone,Electronics,East,1,30000,26400.0,0.12,3001.54
4512,2025-07-29,CUST0228,Customer 0228,Oil,Grocery,North,2,1500,2520.0,0.16,403.64
4513,2025-03-29,CUST0044,Customer 0044,Desk,Furniture,South,3,12000,30960.0,0.14,8264.9
4514,2025-10-13,CUST0126,Customer 0126,Laptop,Electronics,South,4,65000,236600.0,0.09,64460.58
4515,2025-02-15,CUST0469,Customer 0469,Headphones,Electronics,East,4,3000,11520.0,0.04,1580.09
4516,2025-07-23,CUST0245,Customer 0245,Rice,Grocery,North,5,1000,4750.0,0.05,1162.07
4517,2025-08-17,CUST0288,Customer 0288,Coffee,Grocery,North,1,500,415.0,0.17,108.99
4518,2025-12-08,CUST0401,Customer 0401,Coffee,Grocery,North,5,500,2025.0,0.19,432.49
4519,2025-08-22,CUST0248,Customer 0248,Desk,Furniture,East,3,12000,35640.0,0.01,7340.74
4520,2025-06-03,CUST0050,Customer 0050,Chair,Furniture,North,5,7000,29400.0,0.16,4545.0
4521,2025-08-08,CUST0470,Customer 0470,Chair,Furniture,South,5,7000,31150.0,0.11,6055.65
4522,2025-09-22,CUST0400,Customer 0400,Rice,Grocery,West,3,1000,2610.0,0.13,482.04
4523,2025-08-16,CUST0223,Customer 0223,Desk,Furniture,North,4,12000,40320.0,0.16,8391.27
4524,2025-09-04,CUST0010,Customer 0010,Desk,Furniture,South,3,12000,33840.0,0.06,7269.05
4525,2025-11-23,CUST0428,Customer 0428,Chair,Furniture,West,2,7000,11200.0,0.2,1960.22
4526,2025-12-03,CUST0253,Customer 0253,Phone,Electronics,South,3,30000,74700.0,0.17,19134.75
4527,2025-03-14,CUST0372,Customer 0372,Laptop,Electronics,North,5,65000,308750.0,0.05,66303.49
4528,2025-09-07,CUST0208,Customer 0208,Oil,Grocery,South,2,1500,2820.0,0.06,295.43
4529,2025-07-04,CUST0304,Customer 0304,T-Shirt,Fashion,North,4,1200,4704.0,0.02,429.05
4530,2025-02-26,CUST0064,Customer 0064,Desk,Furniture,East,3,12000,32760.0,0.09,8810.4
4531,2025-11-11,CUST0493,Customer 0493,Chair,Furniture,East,2,7000,12180.0,0.13,3168.05
4532,2025-12-22,CUST0275,Customer 0275,T-Shirt,Fashion,West,2,1200,2328.0,0.03,668.99
4533,2025-09-14,CUST0173,Customer 0173,Shoes,Fashion,West,3,4000,11760.0,0.02,1827.2
4534,2025-06-08,CUST0049,Customer 0049,Shoes,Fashion,West,5,4000,18600.0,0.07,4142.49
4535,2025-04-20,CUST0318,Customer 0318,Rice,Grocery,East,3,1000,2910.0,0.03,783.82
4536,2025-07-10,CUST0179,Customer 0179,Jeans,Fashion,East,1,2500,2075.0,0.17,473.75
4537,2025-09-06,CUST0383,Customer 0383,Coffee,Grocery,North,3,500,1245.0,0.17,198.79
4538,2025-12-01,CUST0210,Customer 0210,Shoes,Fashion,East,1,4000,3880.0,0.03,1076.87
4539,2025-11-18,CUST0328,Customer 0328,Phone,Electronics,East,2,30000,55200.0,0.08,7310.35
4540,2025-08-16,CUST0001,Customer 0001,Chair,Furniture,West,1,7000,6370.0,0.09,862.22
4541,2025-11-21,CUST0367,Customer 0367,Phone,Electronics,West,3,30000,76500.0,0.15,14412.14
4542,2025-12-22,CUST0126,Customer 0126,Chair,Furniture,East,1,7000,6230.0,0.11,1476.52
4543,2025-01-22,CUST0266,Customer 0266,Oil,Grocery,West,2,1500,2700.0,0.1,384.34
4544,2025-01-19,CUST0063,Customer 0063,T-Shirt,Fashion,North,1,1200,1152.0,0.04,301.16
4545,2025-01-10,CUST0040,Customer 0040,T-Shirt,Fashion,North,3,1200,3168.0,0.12,275.21
4546,2025-02-23,CUST0225,Customer 0225,Oil,Grocery,East,1,1500,1215.0,0.19,220.16
4547,2025-10-22,CUST0018,Customer 0018,T-Shirt,Fashion,East,5,1200,5460.0,0.09,1154.38
4548,2025-06-10,CUST0349,Customer 0349,Phone,Electronics,East,4,30000,98400.0,0.18,11251.16
4549,2025-10-24,CUST0415,Customer 0415,Keyboard,Electronics,West,5,2500,10625.0,0.15,3008.32
4550,2025-08-16,CUST0206,Customer 0206,Rice,Grocery,West,2,1000,1860.0,0.07,229.8
4551,2025-09-07,CUST0123,Customer 0123,Desk,Furniture,North,3,12000,30960.0,0.14,6525.01
4552,2025-09-08,CUST0030,Customer 0030,T-Shirt,Fashion,East,2,1200,2328.0,0.03,461.95
4553,2025-02-13,CUST0496,Customer 0496,Keyboard,Electronics,South,2,2500,4200.0,0.16,1093.93
4554,2025-11-10,CUST0004,Customer 0004,Phone,Electronics,East,3,30000,86400.0,0.04,18385.25
4555,2025-03-26,CUST0253,Customer 0253,Rice,Grocery,West,3,1000,2400.0,0.2,311.7
4556,2025-12-11,CUST0473,Customer 0473,Keyboard,Electronics,West,3,2500,6750.0,0.1,1686.26
4557,2025-08-15,CUST0394,Customer 0394,Phone,Electronics,North,3,30000,81000.0,0.1,6878.22
4558,2025-12-07,CUST0027,Customer 0027,T-Shirt,Fashion,West,2,1200,2016.0,0.16,504.64
4559,2025-07-06,CUST0288,Customer 0288,Headphones,Electronics,East,4,3000,10080.0,0.16,1945.51
4560,2025-04-03,CUST0486,Customer 0486,Rice,Grocery,East,4,1000,3800.0,0.05,913.83
4561,2025-12-29,CUST0399,Customer 0399,Phone,Electronics,West,2,30000,49200.0,0.18,13287.76
4562,2025-08-08,CUST0481,Customer 0481,Coffee,Grocery,South,1,500,490.0,0.02,52.81
4563,2025-04-11,CUST0408,Customer 0408,Headphones,Electronics,East,1,3000,2850.0,0.05,640.36
4564,2025-03-23,CUST0413,Customer 0413,Shoes,Fashion,South,1,4000,3280.0,0.18,684.96
4565,2025-06-20,CUST0415,Customer 0415,Coffee,Grocery,East,3,500,1380.0,0.08,340.6
4566,2025-08-20,CUST0494,Customer 0494,Chair,Furniture,South,3,7000,19320.0,0.08,3128.03
4567,2025-04-03,CUST0192,Customer 0192,Rice,Grocery,North,3,1000,2820.0,0.06,799.18
4568,2025-09-24,CUST0050,Customer 0050,Oil,Grocery,East,5,1500,6525.0,0.13,1619.46
4569,2025-02-13,CUST0110,Customer 0110,Shoes,Fashion,East,4,4000,15360.0,0.04,4494.36
4570,2025-03-15,CUST0030,Customer 0030,Keyboard,Electronics,North,5,2500,10375.0,0.17,2298.72
4571,2025-12-20,CUST0304,Customer 0304,Keyboard,Electronics,East,4,2500,8300.0,0.17,1982.88
4572,2025-02-21,CUST0275,Customer 0275,Chair,Furniture,South,4,7000,22680.0,0.19,3112.55
4573,2025-03-26,CUST0015,Customer 0015,Phone,Electronics,South,3,30000,78300.0,0.13,10464.22
4574,2025-06-15,CUST0137,Customer 0137,Laptop,Electronics,South,1,65000,63700.0,0.02,11303.02
4575,2025-07-19,CUST0006,Customer 0006,Keyboard,Electronics,West,1,2500,2250.0,0.1,614.83
4576,2025-05-30,CUST0240,Customer 0240,T-Shirt,Fashion,West,1,1200,1020.0,0.15,83.97
4577,2025-12-05,CUST0341,Customer 0341,T-Shirt,Fashion,West,4,1200,4704.0,0.02,938.74
4578,2025-07-13,CUST0074,Customer 0074,Oil,Grocery,West,5,1500,6975.0,0.07,1299.44
4579,2025-12-19,CUST0430,Customer 0430,Phone,Electronics,South,4,30000,115200.0,0.04,11593.5
4580,2025-01-22,CUST0145,Customer 0145,Jeans,Fashion,North,5,2500,10375.0,0.17,1731.02
4581,2025-12-03,CUST0154,Customer 0154,Phone,Electronics,North,5,30000,138000.0,0.08,28475.83
4582,2025-04-26,CUST0454,Customer 0454,Rice,Grocery,East,2,1000,1840.0,0.08,267.58
4583,2025-07-25,CUST0132,Customer 0132,Coffee,Grocery,North,4,500,1820.0,0.09,189.32
4584,2025-07-25,CUST0019,Customer 0019,Desk,Furniture,East,2,12000,21120.0,0.12,1784.54
4585,2025-10-19,CUST0017,Customer 0017,Coffee,Grocery,South,4,500,1740.0,0.13,227.04
4586,2025-06-22,CUST0417,Customer 0417,Rice,Grocery,North,1,1000,860.0,0.14,181.6
4587,2025-03-05,CUST0283,Customer 0283,Phone,Electronics,West,3,30000,80100.0,0.11,8167.4
4588,2025-10-06,CUST0073,Customer 0073,Coffee,Grocery,East,4,500,1820.0,0.09,149.91
4589,2025-03-31,CUST0061,Customer 0061,Desk,Furniture,West,2,12000,23760.0,0.01,3202.21
4590,2025-03-12,CUST0400,Customer 0400,Desk,Furniture,South,2,12000,22080.0,0.08,1783.15
4591,2025-02-27,CUST0217,Customer 0217,Coffee,Grocery,East,1,500,445.0,0.11,85.53
4592,2025-05-22,CUST0264,Customer 0264,Laptop,Electronics,South,2,65000,107900.0,0.17,30662.2
4593,2025-04-12,CUST0396,Customer 0396,Desk,Furniture,East,5,12000,57000.0,0.05,10873.71
4594,2025-04-09,CUST0350,Customer 0350,Coffee,Grocery,South,1,500,500.0,0.0,79.83
4595,2025-06-17,CUST0436,Customer 0436,Phone,Electronics,West,4,30000,112800.0,0.06,31811.94
4596,2025-10-21,CUST0112,Customer 0112,Oil,Grocery,North,3,1500,4410.0,0.02,1202.77
4597,2025-06-05,CUST0025,Customer 0025,Phone,Electronics,North,2,30000,49200.0,0.18,6582.94
4598,2025-10-20,CUST0170,Customer 0170,Desk,Furniture,West,5,12000,48600.0,0.19,10120.44
4599,2025-10-17,CUST0297,Customer 0297,Laptop,Electronics,West,2,65000,120900.0,0.07,29843.04
4600,2025-02-21,CUST0253,Customer 0253,T-Shirt,Fashion,South,1,1200,996.0,0.17,232.9
4601,2025-01-17,CUST0177,Customer 0177,Shoes,Fashion,East,5,4000,18200.0,0.09,1684.16
4602,2025-02-07,CUST0067,Customer 0067,Chair,Furniture,West,4,7000,28000.0,0.0,2814.25
4603,2025-05-10,CUST0277,Customer 0277,Keyboard,Electronics,West,5,2500,11000.0,0.12,1385.38
4604,2025-07-17,CUST0287,Customer 0287,Chair,Furniture,West,1,7000,5950.0,0.15,1069.69
4605,2025-08-23,CUST0238,Customer 0238,Rice,Grocery,East,4,1000,3320.0,0.17,272.46
4606,2025-04-25,CUST0159,Customer 0159,Desk,Furniture,South,5,12000,50400.0,0.16,9077.56
4607,2025-02-10,CUST0328,Customer 0328,T-Shirt,Fashion,East,2,1200,2376.0,0.01,308.11
4608,2025-10-25,CUST0406,Customer 0406,Shoes,Fashion,West,4,4000,14880.0,0.07,3661.74
4609,2025-05-16,CUST0445,Customer 0445,Desk,Furniture,East,1,12000,10080.0,0.16,1476.55
4610,2025-10-01,CUST0440,Customer 0440,Laptop,Electronics,West,5,65000,305500.0,0.06,83130.86
4611,2025-04-22,CUST0432,Customer 0432,Phone,Electronics,North,5,30000,147000.0,0.02,22899.14
4612,2025-06-24,CUST0433,Customer 0433,Chair,Furniture,East,2,7000,12600.0,0.1,2269.3
4613,2025-10-24,CUST0368,Customer 0368,Chair,Furniture,North,4,7000,25760.0,0.08,2725.94
4614,2025-01-27,CUST0248,Customer 0248,Coffee,Grocery,East,4,500,1840.0,0.08,503.87
4615,2025-05-29,CUST0345,Customer 0345,Oil,Grocery,West,3,1500,4140.0,0.08,751.38
4616,2025-03-19,CUST0086,Customer 0086,Shoes,Fashion,East,5,4000,19200.0,0.04,3677.19
4617,2025-12-15,CUST0013,Customer 0013,Keyboard,Electronics,West,5,2500,12500.0,0.0,2395.54
4618,2025-09-28,CUST0440,Customer 0440,Desk,Furniture,South,4,12000,48000.0,0.0,8421.7
4619,2025-11-29,CUST0368,Customer 0368,Shoes,Fashion,West,1,4000,3840.0,0.04,418.9
4620,2025-10-08,CUST0244,Customer 0244,Laptop,Electronics,West,5,65000,276250.0,0.15,49014.77
4621,2025-08-22,CUST0225,Customer 0225,Coffee,Grocery,South,3,500,1365.0,0.09,336.49
4622,2025-10-19,CUST0290,Customer 0290,Shoes,Fashion,South,2,4000,7360.0,0.08,1393.55
4623,2025-08-16,CUST0036,Customer 0036,Rice,Grocery,South,1,1000,990.0,0.01,174.55
4624,2025-07-03,CUST0064,Customer 0064,Headphones,Electronics,North,5,3000,13200.0,0.12,1556.62
4625,2025-07-28,CUST0277,Customer 0277,Rice,Grocery,South,2,1000,1880.0,0.06,218.22
4626,2025-12-17,CUST0483,Customer 0483,Keyboard,Electronics,South,1,2500,2100.0,0.16,267.64
4627,2025-05-10,CUST0144,Customer 0144,Shoes,Fashion,North,1,4000,3360.0,0.16,870.8
4628,2025-07-13,CUST0290,Customer 0290,Chair,Furniture,East,2,7000,12040.0,0.14,969.31
4629,2025-12-02,CUST0067,Customer 0067,Keyboard,Electronics,East,3,2500,6825.0,0.09,1867.25
4630,2025-03-13,CUST0307,Customer 0307,Chair,Furniture,West,1,7000,6790.0,0.03,1056.52
4631,2025-01-25,CUST0017,Customer 0017,Shoes,Fashion,East,3,4000,11400.0,0.05,3133.54
4632,2025-05-28,CUST0273,Customer 0273,T-Shirt,Fashion,North,3,1200,3420.0,0.05,361.22
4633,2025-05-12,CUST0086,Customer 0086,Desk,Furniture,North,3,12000,29160.0,0.19,8135.44
4634,2025-06-15,CUST0127,Customer 0127,T-Shirt,Fashion,South,4,1200,4080.0,0.15,598.09
4635,2025-07-06,CUST0171,Customer 0171,Laptop,Electronics,West,4,65000,231400.0,0.11,67939.99
4636,2025-10-09,CUST0272,Customer 0272,Rice,Grocery,South,4,1000,3560.0,0.11,306.27
4637,2025-01-22,CUST0118,Customer 0118,Oil,Grocery,South,5,1500,6075.0,0.19,711.58
4638,2025-02-08,CUST0470,Customer 0470,T-Shirt,Fashion,East,1,1200,984.0,0.18,98.86
4639,2025-10-14,CUST0206,Customer 0206,Shoes,Fashion,South,2,4000,6480.0,0.19,1624.22
4640,2025-10-04,CUST0416,Customer 0416,T-Shirt,Fashion,West,5,1200,5400.0,0.1,1007.03
4641,2025-04-14,CUST0424,Customer 0424,Oil,Grocery,East,1,1500,1425.0,0.05,163.38
4642,2025-10-18,CUST0186,Customer 0186,Shoes,Fashion,West,2,4000,7040.0,0.12,738.37
4643,2025-06-08,CUST0154,Customer 0154,Phone,Electronics,South,4,30000,120000.0,0.0,14740.03
4644,2025-10-05,CUST0286,Customer 0286,Jeans,Fashion,North,1,2500,2275.0,0.09,191.7
4645,2025-12-26,CUST0022,Customer 0022,Headphones,Electronics,North,5,3000,13500.0,0.1,2085.27
4646,2025-03-18,CUST0481,Customer 0481,Laptop,Electronics,North,2,65000,111800.0,0.14,26914.39
4647,2025-02-12,CUST0371,Customer 0371,T-Shirt,Fashion,North,3,1200,3384.0,0.06,975.83
4648,2025-07-23,CUST0142,Customer 0142,Jeans,Fashion,North,4,2500,8800.0,0.12,1978.95
4649,2025-01-29,CUST0445,Customer 0445,Chair,Furniture,East,4,7000,25760.0,0.08,7016.46
4650,2025-11-29,CUST0379,Customer 0379,Laptop,Electronics,West,1,65000,60450.0,0.07,10232.12
4651,2025-05-10,CUST0142,Customer 0142,Headphones,Electronics,North,1,3000,2850.0,0.05,680.26
4652,2025-09-04,CUST0274,Customer 0274,Desk,Furniture,South,3,12000,30600.0,0.15,8722.25
4653,2025-04-14,CUST0007,Customer 0007,Coffee,Grocery,South,3,500,1350.0,0.1,254.54
4654,2025-12-19,CUST0285,Customer 0285,Keyboard,Electronics,West,4,2500,8900.0,0.11,1973.47
4655,2025-01-26,CUST0408,Customer 0408,Phone,Electronics,South,3,30000,83700.0,0.07,24701.64
4656,2025-04-28,CUST0069,Customer 0069,Shoes,Fashion,East,4,4000,15680.0,0.02,3812.37
4657,2025-09-14,CUST0361,Customer 0361,Phone,Electronics,East,5,30000,130500.0,0.13,10640.03
4658,2025-01-23,CUST0370,Customer 0370,Phone,Electronics,West,5,30000,136500.0,0.09,29217.41
4659,2025-12-09,CUST0068,Customer 0068,Laptop,Electronics,South,5,65000,315250.0,0.03,30325.5
4660,2025-01-24,CUST0062,Customer 0062,Jeans,Fashion,South,2,2500,4450.0,0.11,1061.73
4661,2025-05-02,CUST0117,Customer 0117,Oil,Grocery,North,2,1500,2430.0,0.19,434.95
4662,2025-05-18,CUST0295,Customer 0295,Rice,Grocery,South,2,1000,1700.0,0.15,354.97
4663,2025-10-31,CUST0466,Customer 0466,Phone,Electronics,East,3,30000,80100.0,0.11,22935.82
4664,2025-06-15,CUST0416,Customer 0416,Phone,Electronics,West,1,30000,27300.0,0.09,3451.34
4665,2025-02-12,CUST0145,Customer 0145,Coffee,Grocery,West,2,500,810.0,0.19,225.9
4666,2025-06-21,CUST0426,Customer 0426,T-Shirt,Fashion,East,3,1200,3096.0,0.14,323.08
4667,2025-04-04,CUST0154,Customer 0154,Jeans,Fashion,South,4,2500,8300.0,0.17,1728.24
4668,2025-07-17,CUST0067,Customer 0067,Desk,Furniture,South,5,12000,58800.0,0.02,16678.55
4669,2025-12-21,CUST0036,Customer 0036,Headphones,Electronics,West,3,3000,7830.0,0.13,2267.12
4670,2025-08-19,CUST0121,Customer 0121,Rice,Grocery,South,4,1000,3440.0,0.14,624.15
4671,2025-05-13,CUST0153,Customer 0153,Keyboard,Electronics,East,3,2500,7200.0,0.04,1975.21
4672,2025-11-15,CUST0460,Customer 0460,T-Shirt,Fashion,West,5,1200,5400.0,0.1,1149.08
4673,2025-07-05,CUST0244,Customer 0244,Phone,Electronics,East,3,30000,73800.0,0.18,18124.57
4674,2025-04-25,CUST0458,Customer 0458,Jeans,Fashion,North,1,2500,2075.0,0.17,446.01
4675,2025-04-26,CUST0139,Customer 0139,Jeans,Fashion,West,1,2500,2175.0,0.13,233.99
4676,2025-10-25,CUST0443,Customer 0443,Shoes,Fashion,East,1,4000,3480.0,0.13,830.39
4677,2025-01-05,CUST0308,Customer 0308,Phone,Electronics,West,4,30000,103200.0,0.14,19220.43
4678,2025-08-01,CUST0066,Customer 0066,Chair,Furniture,South,2,7000,12880.0,0.08,2998.4
4679,2025-03-06,CUST0188,Customer 0188,Chair,Furniture,West,5,7000,33950.0,0.03,2962.87
4680,2025-11-03,CUST0119,Customer 0119,Laptop,Electronics,East,5,65000,276250.0,0.15,65726.27
4681,2025-11-19,CUST0499,Customer 0499,Laptop,Electronics,South,1,65000,55900.0,0.14,6295.9
4682,2025-02-25,CUST0484,Customer 0484,Oil,Grocery,South,1,1500,1275.0,0.15,153.71
4683,2025-07-22,CUST0160,Customer 0160,Phone,Electronics,West,3,30000,81000.0,0.1,21917.17
4684,2025-10-20,CUST0497,Customer 0497,Laptop,Electronics,South,1,65000,56550.0,0.13,11014.51
4685,2025-11-09,CUST0409,Customer 0409,Keyboard,Electronics,East,2,2500,4000.0,0.2,857.52
4686,2025-08-18,CUST0411,Customer 0411,Chair,Furniture,South,2,7000,13580.0,0.03,2695.83
4687,2025-11-28,CUST0391,Customer 0391,Desk,Furniture,West,5,12000,55200.0,0.08,9461.09
4688,2025-09-02,CUST0409,Customer 0409,Phone,Electronics,South,3,30000,85500.0,0.05,18034.37
4689,2025-03-27,CUST0221,Customer 0221,Headphones,Electronics,West,3,3000,8190.0,0.09,2059.47
4690,2025-06-16,CUST0006,Customer 0006,Laptop,Electronics,North,2,65000,126100.0,0.03,25700.3
4691,2025-12-27,CUST0498,Customer 0498,Rice,Grocery,West,1,1000,910.0,0.09,241.45
4692,2025-02-04,CUST0443,Customer 0443,Rice,Grocery,West,3,1000,2820.0,0.06,505.78
4693,2025-05-08,CUST0432,Customer 0432,Oil,Grocery,North,3,1500,4230.0,0.06,951.35
4694,2025-05-26,CUST0091,Customer 0091,Rice,Grocery,South,2,1000,1960.0,0.02,423.82
4695,2025-12-28,CUST0384,Customer 0384,Laptop,Electronics,East,4,65000,236600.0,0.09,37858.52
4696,2025-10-20,CUST0116,Customer 0116,Coffee,Grocery,West,2,500,940.0,0.06,123.01
4697,2025-10-28,CUST0010,Customer 0010,Chair,Furniture,South,3,7000,17430.0,0.17,4229.48
4698,2025-12-19,CUST0178,Customer 0178,Headphones,Electronics,East,5,3000,13650.0,0.09,3175.82
4699,2025-08-22,CUST0102,Customer 0102,Keyboard,Electronics,North,5,2500,12250.0,0.02,1576.44
4700,2025-09-04,CUST0120,Customer 0120,Chair,Furniture,South,3,7000,19950.0,0.05,5537.96
4701,2025-01-26,CUST0093,Customer 0093,Keyboard,Electronics,South,4,2500,9400.0,0.06,2499.74
4702,2025-05-31,CUST0389,Customer 0389,T-Shirt,Fashion,East,3,1200,3600.0,0.0,739.49
4703,2025-04-08,CUST0366,Customer 0366,T-Shirt,Fashion,North,2,1200,2376.0,0.01,310.38
4704,2025-06-15,CUST0469,Customer 0469,Phone,Electronics,South,4,30000,118800.0,0.01,15999.79
4705,2025-06-17,CUST0050,Customer 0050,Laptop,Electronics,East,4,65000,223600.0,0.14,35874.44
4706,2025-06-16,CUST0274,Customer 0274,T-Shirt,Fashion,East,1,1200,1008.0,0.16,292.65
4707,2025-11-21,CUST0358,Customer 0358,Laptop,Electronics,East,3,65000,189150.0,0.03,52390.66
4708,2025-06-24,CUST0202,Customer 0202,Chair,Furniture,East,1,7000,6860.0,0.02,1485.48
4709,2025-07-10,CUST0439,Customer 0439,Phone,Electronics,North,2,30000,56400.0,0.06,10848.66
4710,2025-09-06,CUST0395,Customer 0395,Jeans,Fashion,East,1,2500,2200.0,0.12,584.73
4711,2025-01-11,CUST0179,Customer 0179,Oil,Grocery,East,2,1500,2550.0,0.15,377.94
4712,2025-02-05,CUST0316,Customer 0316,Oil,Grocery,East,4,1500,5880.0,0.02,1365.58
4713,2025-07-03,CUST0255,Customer 0255,Phone,Electronics,South,4,30000,109200.0,0.09,14276.27
4714,2025-05-23,CUST0210,Customer 0210,Keyboard,Electronics,West,1,2500,2075.0,0.17,362.56
4715,2025-03-10,CUST0433,Customer 0433,Phone,Electronics,West,5,30000,130500.0,0.13,36042.93
4716,2025-05-02,CUST0162,Customer 0162,Headphones,Electronics,West,1,3000,2490.0,0.17,199.63
4717,2025-02-07,CUST0161,Customer 0161,Laptop,Electronics,West,3,65000,189150.0,0.03,28214.81
4718,2025-09-14,CUST0415,Customer 0415,Desk,Furniture,North,4,12000,42240.0,0.12,7659.27
4719,2025-06-06,CUST0098,Customer 0098,Rice,Grocery,North,2,1000,1720.0,0.14,297.46
4720,2025-10-31,CUST0020,Customer 0020,Phone,Electronics,West,1,30000,29400.0,0.02,4192.34
4721,2025-02-19,CUST0435,Customer 0435,Laptop,Electronics,North,2,65000,114400.0,0.12,21373.38
4722,2025-10-03,CUST0305,Customer 0305,Keyboard,Electronics,West,1,2500,2350.0,0.06,691.46
4723,2025-12-03,CUST0059,Customer 0059,Shoes,Fashion,West,2,4000,7120.0,0.11,747.98
4724,2025-12-29,CUST0275,Customer 0275,Oil,Grocery,East,3,1500,4410.0,0.02,1145.74
4725,2025-08-04,CUST0477,Customer 0477,Coffee,Grocery,West,1,500,400.0,0.2,87.24
4726,2025-06-21,CUST0205,Customer 0205,Jeans,Fashion,South,5,2500,10625.0,0.15,1738.7
4727,2025-09-26,CUST0018,Customer 0018,Laptop,Electronics,South,4,65000,210600.0,0.19,49953.87
4728,2025-01-01,CUST0371,Customer 0371,Rice,Grocery,East,5,1000,4900.0,0.02,1112.93
4729,2025-08-18,CUST0080,Customer 0080,Rice,Grocery,East,2,1000,1820.0,0.09,286.42
4730,2025-01-10,CUST0239,Customer 0239,Jeans,Fashion,North,2,2500,4250.0,0.15,1005.65
4731,2025-10-01,CUST0114,Customer 0114,Laptop,Electronics,East,4,65000,228800.0,0.12,66238.97
4732,2025-02-22,CUST0329,Customer 0329,Chair,Furniture,South,3,7000,16800.0,0.2,3589.56
4733,2025-07-30,CUST0237,Customer 0237,Phone,Electronics,North,3,30000,82800.0,0.08,11422.74
4734,2025-08-11,CUST0195,Customer 0195,Jeans,Fashion,North,5,2500,10750.0,0.14,1922.93
4735,2025-10-15,CUST0173,Customer 0173,T-Shirt,Fashion,West,1,1200,1176.0,0.02,172.81
4736,2025-01-24,CUST0180,Customer 0180,Rice,Grocery,South,5,1000,4200.0,0.16,1094.63
4737,2025-06-05,CUST0128,Customer 0128,Phone,Electronics,West,5,30000,148500.0,0.01,32325.44
4738,2025-04-18,CUST0302,Customer 0302,Headphones,Electronics,East,1,3000,2580.0,0.14,282.86
4739,2025-08-08,CUST0170,Customer 0170,Keyboard,Electronics,West,2,2500,4250.0,0.15,997.78
4740,2025-05-04,CUST0010,Customer 0010,Rice,Grocery,West,2,1000,1960.0,0.02,370.3
4741,2025-02-25,CUST0304,Customer 0304,Headphones,Electronics,West,4,3000,11760.0,0.02,1673.42
4742,2025-12-11,CUST0079,Customer 0079,Laptop,Electronics,South,1,65000,63050.0,0.03,14265.25
4743,2025-07-11,CUST0490,Customer 0490,Chair,Furniture,East,3,7000,19740.0,0.06,4437.56
4744,2025-06-01,CUST0303,Customer 0303,Laptop,Electronics,South,5,65000,260000.0,0.2,61979.49
4745,2025-10-18,CUST0434,Customer 0434,T-Shirt,Fashion,West,4,1200,4176.0,0.13,551.73
4746,2025-03-11,CUST0159,Customer 0159,Shoes,Fashion,East,1,4000,3680.0,0.08,305.08
4747,2025-05-08,CUST0270,Customer 0270,Keyboard,Electronics,East,1,2500,2475.0,0.01,513.95
4748,2025-04-25,CUST0161,Customer 0161,Headphones,Electronics,North,5,3000,14100.0,0.06,4034.07
4749,2025-09-09,CUST0355,Customer 0355,Oil,Grocery,West,3,1500,4410.0,0.02,1314.84
4750,2025-06-10,CUST0139,Customer 0139,Shoes,Fashion,South,4,4000,15520.0,0.03,3355.79
4751,2025-07-03,CUST0052,Customer 0052,Jeans,Fashion,East,5,2500,10500.0,0.16,1202.12
4752,2025-03-21,CUST0232,Customer 0232,Desk,Furniture,South,4,12000,47520.0,0.01,5536.34
4753,2025-01-20,CUST0067,Customer 0067,Keyboard,Electronics,West,3,2500,7425.0,0.01,1218.39
4754,2025-08-20,CUST0437,Customer 0437,Phone,Electronics,North,2,30000,55800.0,0.07,12557.51
4755,2025-05-15,CUST0053,Customer 0053,Jeans,Fashion,North,2,2500,4250.0,0.15,813.9
4756,2025-06-22,CUST0036,Customer 0036,Shoes,Fashion,North,4,4000,14560.0,0.09,3437.91
4757,2025-04-03,CUST0112,Customer 0112,Coffee,Grocery,East,2,500,900.0,0.1,181.56
4758,2025-09-06,CUST0326,Customer 0326,Coffee,Grocery,South,1,500,440.0,0.12,72.14
4759,2025-08-02,CUST0043,Customer 0043,Desk,Furniture,East,2,12000,21840.0,0.09,4685.33
4760,2025-06-05,CUST0156,Customer 0156,Headphones,Electronics,East,1,3000,2910.0,0.03,744.48
4761,2025-12-22,CUST0285,Customer 0285,Headphones,Electronics,South,3,3000,8010.0,0.11,2114.69
4762,2025-02-06,CUST0126,Customer 0126,T-Shirt,Fashion,North,2,1200,2184.0,0.09,318.96
4763,2025-04-26,CUST0483,Customer 0483,Phone,Electronics,South,1,30000,24600.0,0.18,2138.84
4764,2025-07-14,CUST0348,Customer 0348,Shoes,Fashion,North,5,4000,16800.0,0.16,4744.64
4765,2025-11-06,CUST0391,Customer 0391,Keyboard,Electronics,North,5,2500,11500.0,0.08,1889.58
4766,2025-05-16,CUST0233,Customer 0233,Phone,Electronics,North,5,30000,133500.0,0.11,32541.77
4767,2025-10-25,CUST0412,Customer 0412,Coffee,Grocery,West,2,500,850.0,0.15,226.39
4768,2025-12-03,CUST0347,Customer 0347,Coffee,Grocery,West,2,500,820.0,0.18,196.62
4769,2025-10-14,CUST0283,Customer 0283,Rice,Grocery,South,2,1000,1880.0,0.06,551.1
4770,2025-05-15,CUST0041,Customer 0041,Chair,Furniture,North,1,7000,6720.0,0.04,640.73
4771,2025-02-26,CUST0484,Customer 0484,Jeans,Fashion,East,1,2500,2350.0,0.06,678.52
4772,2025-02-13,CUST0358,Customer 0358,Oil,Grocery,West,2,1500,2910.0,0.03,640.08
4773,2025-10-28,CUST0343,Customer 0343,Laptop,Electronics,East,3,65000,183300.0,0.06,16218.66
4774,2025-08-01,CUST0001,Customer 0001,Coffee,Grocery,West,3,500,1260.0,0.16,324.41
4775,2025-08-21,CUST0052,Customer 0052,Chair,Furniture,North,5,7000,31850.0,0.09,4038.25
4776,2025-04-12,CUST0054,Customer 0054,Chair,Furniture,East,3,7000,17850.0,0.15,2958.45
4777,2025-08-31,CUST0065,Customer 0065,Headphones,Electronics,East,4,3000,11160.0,0.07,3290.83
4778,2025-01-28,CUST0233,Customer 0233,Oil,Grocery,West,3,1500,4455.0,0.01,566.92
4779,2025-05-16,CUST0133,Customer 0133,Coffee,Grocery,West,5,500,2200.0,0.12,645.27
4780,2025-01-02,CUST0310,Customer 0310,Keyboard,Electronics,West,2,2500,4400.0,0.12,1037.36
4781,2025-11-11,CUST0148,Customer 0148,Phone,Electronics,East,2,30000,50400.0,0.16,8517.32
4782,2025-02-06,CUST0003,Customer 0003,Shoes,Fashion,West,1,4000,3840.0,0.04,667.61
4783,2025-06-29,CUST0120,Customer 0120,Phone,Electronics,West,5,30000,148500.0,0.01,27852.7
4784,2025-05-04,CUST0045,Customer 0045,Rice,Grocery,West,1,1000,980.0,0.02,293.23
4785,2025-11-26,CUST0171,Customer 0171,Chair,Furniture,South,4,7000,23520.0,0.16,2739.22
4786,2025-07-22,CUST0020,Customer 0020,Shoes,Fashion,East,3,4000,12000.0,0.0,1701.57
4787,2025-09-24,CUST0205,Customer 0205,T-Shirt,Fashion,East,5,1200,5640.0,0.06,1147.82
4788,2025-09-18,CUST0130,Customer 0130,Jeans,Fashion,South,1,2500,2275.0,0.09,631.54
4789,2025-07-27,CUST0414,Customer 0414,Phone,Electronics,West,1,30000,24000.0,0.2,6784.74
4790,2025-08-28,CUST0003,Customer 0003,Phone,Electronics,South,4,30000,108000.0,0.1,31348.75
4791,2025-12-01,CUST0247,Customer 0247,Desk,Furniture,South,5,12000,49200.0,0.18,10381.89
4792,2025-01-19,CUST0228,Customer 0228,Jeans,Fashion,West,1,2500,2450.0,0.02,673.0
4793,2025-02-24,CUST0294,Customer 0294,Oil,Grocery,East,4,1500,4980.0,0.17,1486.0
4794,2025-11-12,CUST0013,Customer 0013,Headphones,Electronics,East,1,3000,2850.0,0.05,412.17
4795,2025-06-21,CUST0435,Customer 0435,Coffee,Grocery,South,4,500,1820.0,0.09,236.67
4796,2025-12-07,CUST0339,Customer 0339,Jeans,Fashion,East,3,2500,6525.0,0.13,1570.51
4797,2025-07-11,CUST0482,Customer 0482,Headphones,Electronics,North,2,3000,5340.0,0.11,555.13
4798,2025-04-19,CUST0373,Customer 0373,Keyboard,Electronics,North,3,2500,7125.0,0.05,571.98
4799,2025-06-09,CUST0317,Customer 0317,Oil,Grocery,West,5,1500,6600.0,0.12,1086.62
4800,2025-06-28,CUST0110,Customer 0110,Oil,Grocery,West,4,1500,5160.0,0.14,1499.46
4801,2025-11-28,CUST0426,Customer 0426,T-Shirt,Fashion,East,2,1200,2352.0,0.02,423.3
4802,2025-08-07,CUST0356,Customer 0356,Headphones,Electronics,South,3,3000,8100.0,0.1,1926.86
4803,2025-04-11,CUST0406,Customer 0406,Oil,Grocery,West,5,1500,6300.0,0.16,1676.28
4804,2025-06-18,CUST0497,Customer 0497,Rice,Grocery,West,2,1000,1660.0,0.17,188.83
4805,2025-12-04,CUST0416,Customer 0416,Shoes,Fashion,North,5,4000,18200.0,0.09,1826.33
4806,2025-05-04,CUST0141,Customer 0141,Coffee,Grocery,West,2,500,840.0,0.16,232.51
4807,2025-11-08,CUST0200,Customer 0200,T-Shirt,Fashion,North,1,1200,1092.0,0.09,175.12
4808,2025-09-02,CUST0447,Customer 0447,Keyboard,Electronics,North,3,2500,6825.0,0.09,734.13
4809,2025-07-18,CUST0070,Customer 0070,Desk,Furniture,South,1,12000,11040.0,0.08,2854.09
4810,2025-07-09,CUST0385,Customer 0385,Chair,Furniture,West,4,7000,26320.0,0.06,3313.63
4811,2025-01-08,CUST0053,Customer 0053,Chair,Furniture,South,3,7000,19530.0,0.07,1583.46
4812,2025-11-03,CUST0368,Customer 0368,Keyboard,Electronics,North,3,2500,6525.0,0.13,1204.49
4813,2025-10-04,CUST0203,Customer 0203,Shoes,Fashion,South,5,4000,16200.0,0.19,2586.58
4814,2025-11-06,CUST0427,Customer 0427,Rice,Grocery,South,1,1000,930.0,0.07,201.48
4815,2025-07-19,CUST0028,Customer 0028,Laptop,Electronics,North,1,65000,56550.0,0.13,14274.9
4816,2025-12-08,CUST0395,Customer 0395,Oil,Grocery,North,1,1500,1470.0,0.02,223.26
4817,2025-08-01,CUST0037,Customer 0037,Coffee,Grocery,East,4,500,1920.0,0.04,262.55
4818,2025-11-16,CUST0321,Customer 0321,Jeans,Fashion,South,1,2500,2425.0,0.03,240.8
4819,2025-01-01,CUST0025,Customer 0025,Rice,Grocery,South,5,1000,4500.0,0.1,1008.6
4820,2025-09-29,CUST0438,Customer 0438,Chair,Furniture,West,4,7000,23240.0,0.17,5052.11
4821,2025-09-02,CUST0066,Customer 0066,Keyboard,Electronics,East,2,2500,4950.0,0.01,683.17
4822,2025-09-28,CUST0064,Customer 0064,T-Shirt,Fashion,West,4,1200,3888.0,0.19,520.61
4823,2025-07-05,CUST0497,Customer 0497,Desk,Furniture,North,4,12000,47520.0,0.01,5249.56
4824,2025-09-29,CUST0281,Customer 0281,Headphones,Electronics,North,2,3000,6000.0,0.0,761.59
4825,2025-09-27,CUST0373,Customer 0373,Shoes,Fashion,South,3,4000,11760.0,0.02,1935.34
4826,2025-01-15,CUST0080,Customer 0080,Keyboard,Electronics,West,4,2500,9500.0,0.05,1003.21
4827,2025-11-08,CUST0123,Customer 0123,Shoes,Fashion,North,5,4000,19200.0,0.04,5392.77
4828,2025-07-31,CUST0434,Customer 0434,T-Shirt,Fashion,South,4,1200,4560.0,0.05,1204.08
4829,2025-04-26,CUST0401,Customer 0401,Coffee,Grocery,South,1,500,430.0,0.14,103.85
4830,2025-06-25,CUST0072,Customer 0072,Jeans,Fashion,West,2,2500,4100.0,0.18,900.83
4831,2025-08-21,CUST0467,Customer 0467,Phone,Electronics,West,2,30000,55200.0,0.08,11732.8
4832,2025-10-26,CUST0134,Customer 0134,Coffee,Grocery,South,5,500,2225.0,0.11,591.95
4833,2025-04-06,CUST0161,Customer 0161,Headphones,Electronics,East,5,3000,13800.0,0.08,1885.05
4834,2025-12-17,CUST0267,Customer 0267,Chair,Furniture,West,2,7000,11760.0,0.16,2873.42
4835,2025-12-27,CUST0374,Customer 0374,Jeans,Fashion,North,4,2500,9000.0,0.1,2446.77
4836,2025-02-08,CUST0159,Customer 0159,Keyboard,Electronics,North,2,2500,4950.0,0.01,676.42
4837,2025-06-14,CUST0288,Customer 0288,T-Shirt,Fashion,East,4,1200,4704.0,0.02,721.91
4838,2025-11-01,CUST0346,Customer 0346,Rice,Grocery,South,1,1000,850.0,0.15,238.14
4839,2025-09-04,CUST0272,Customer 0272,T-Shirt,Fashion,North,5,1200,5940.0,0.01,1680.45
4840,2025-12-19,CUST0078,Customer 0078,Laptop,Electronics,West,3,65000,157950.0,0.19,45776.68
4841,2025-03-28,CUST0060,Customer 0060,Shoes,Fashion,West,2,4000,6560.0,0.18,1919.83
4842,2025-01-12,CUST0111,Customer 0111,Headphones,Electronics,North,2,3000,5640.0,0.06,819.66
4843,2025-03-31,CUST0319,Customer 0319,Desk,Furniture,West,3,12000,31320.0,0.13,6567.06
4844,2025-08-28,CUST0395,Customer 0395,Keyboard,Electronics,South,4,2500,8100.0,0.19,2067.64
4845,2025-11-05,CUST0426,Customer 0426,Desk,Furniture,East,4,12000,39840.0,0.17,5955.54
4846,2025-02-04,CUST0289,Customer 0289,Rice,Grocery,North,2,1000,1900.0,0.05,340.7
4847,2025-02-07,CUST0033,Customer 0033,T-Shirt,Fashion,West,2,1200,1920.0,0.2,560.45
4848,2025-01-07,CUST0112,Customer 0112,Oil,Grocery,West,5,1500,6825.0,0.09,1989.39
4849,2025-12-01,CUST0238,Customer 0238,Shoes,Fashion,East,1,4000,3920.0,0.02,628.18
4850,2025-03-24,CUST0106,Customer 0106,Keyboard,Electronics,East,1,2500,2100.0,0.16,418.88
4851,2025-07-23,CUST0490,Customer 0490,Keyboard,Electronics,South,1,2500,2125.0,0.15,407.57
4852,2025-10-23,CUST0494,Customer 0494,Headphones,Electronics,West,3,3000,7200.0,0.2,1460.85
4853,2025-04-25,CUST0493,Customer 0493,Headphones,Electronics,South,1,3000,2970.0,0.01,545.81
4854,2025-02-12,CUST0088,Customer 0088,Rice,Grocery,East,4,1000,3800.0,0.05,660.77
4855,2025-05-29,CUST0279,Customer 0279,Desk,Furniture,North,2,12000,23040.0,0.04,4235.35
4856,2025-02-02,CUST0316,Customer 0316,T-Shirt,Fashion,West,1,1200,1068.0,0.11,117.8
4857,2025-05-10,CUST0425,Customer 0425,Rice,Grocery,West,1,1000,910.0,0.09,216.24
4858,2025-11-10,CUST0358,Customer 0358,Shoes,Fashion,South,2,4000,6960.0,0.13,1056.35
4859,2025-11-16,CUST0375,Customer 0375,Oil,Grocery,North,3,1500,4185.0,0.07,418.93
4860,2025-01-10,CUST0490,Customer 0490,Desk,Furniture,East,1,12000,11880.0,0.01,1250.5
4861,2025-12-19,CUST0276,Customer 0276,Chair,Furniture,South,2,7000,13580.0,0.03,3706.86
4862,2025-12-20,CUST0025,Customer 0025,Laptop,Electronics,South,2,65000,119600.0,0.08,35775.61
4863,2025-03-08,CUST0124,Customer 0124,Desk,Furniture,South,1,12000,11640.0,0.03,2606.46
4864,2025-01-02,CUST0362,Customer 0362,Keyboard,Electronics,East,3,2500,6450.0,0.14,1760.68
4865,2025-04-12,CUST0234,Customer 0234,Desk,Furniture,South,2,12000,21360.0,0.11,6316.89
4866,2025-10-14,CUST0016,Customer 0016,Coffee,Grocery,South,1,500,415.0,0.17,97.97
4867,2025-03-05,CUST0217,Customer 0217,Shoes,Fashion,East,5,4000,18400.0,0.08,3731.4
4868,2025-01-05,CUST0128,Customer 0128,Keyboard,Electronics,East,1,2500,2375.0,0.05,335.49
4869,2025-02-02,CUST0483,Customer 0483,Laptop,Electronics,West,4,65000,254800.0,0.02,42299.86
4870,2025-01-03,CUST0016,Customer 0016,Rice,Grocery,East,5,1000,4700.0,0.06,1191.6
4871,2025-10-10,CUST0015,Customer 0015,Phone,Electronics,West,3,30000,76500.0,0.15,7718.58
4872,2025-06-03,CUST0074,Customer 0074,Coffee,Grocery,North,4,500,1660.0,0.17,194.87
4873,2025-10-28,CUST0067,Customer 0067,Chair,Furniture,North,1,7000,6860.0,0.02,557.96
4874,2025-12-01,CUST0313,Customer 0313,Shoes,Fashion,North,5,4000,17800.0,0.11,4185.09
4875,2025-04-10,CUST0063,Customer 0063,Desk,Furniture,South,2,12000,20640.0,0.14,3342.55
4876,2025-12-23,CUST0084,Customer 0084,Headphones,Electronics,South,5,3000,12150.0,0.19,1839.06
4877,2025-08-22,CUST0332,Customer 0332,T-Shirt,Fashion,North,3,1200,3420.0,0.05,966.74
4878,2025-12-25,CUST0436,Customer 0436,Oil,Grocery,East,3,1500,4050.0,0.1,684.49
4879,2025-12-13,CUST0102,Customer 0102,Coffee,Grocery,North,3,500,1485.0,0.01,153.6
4880,2025-06-18,CUST0398,Customer 0398,Headphones,Electronics,South,3,3000,8460.0,0.06,1953.25
4881,2025-08-26,CUST0229,Customer 0229,Oil,Grocery,North,5,1500,6675.0,0.11,794.17
4882,2025-04-24,CUST0043,Customer 0043,T-Shirt,Fashion,South,3,1200,3204.0,0.11,269.49
4883,2025-01-11,CUST0131,Customer 0131,Desk,Furniture,West,5,12000,49200.0,0.18,9429.17
4884,2025-03-02,CUST0429,Customer 0429,Jeans,Fashion,East,4,2500,9900.0,0.01,2727.91
4885,2025-03-09,CUST0092,Customer 0092,Coffee,Grocery,East,2,500,930.0,0.07,218.14
4886,2025-12-05,CUST0375,Customer 0375,Desk,Furniture,East,5,12000,49200.0,0.18,4425.2
4887,2025-10-16,CUST0209,Customer 0209,T-Shirt,Fashion,North,3,1200,3276.0,0.09,694.21
4888,2025-02-24,CUST0349,Customer 0349,Keyboard,Electronics,South,4,2500,8000.0,0.2,2043.57
4889,2025-01-10,CUST0363,Customer 0363,Chair,Furniture,West,3,7000,19110.0,0.09,5613.46
4890,2025-05-09,CUST0167,Customer 0167,Rice,Grocery,East,1,1000,980.0,0.02,162.28
4891,2025-09-29,CUST0293,Customer 0293,T-Shirt,Fashion,East,1,1200,1008.0,0.16,104.82
4892,2025-12-04,CUST0476,Customer 0476,Headphones,Electronics,West,2,3000,5880.0,0.02,735.73
4893,2025-12-30,CUST0268,Customer 0268,Coffee,Grocery,South,4,500,1980.0,0.01,557.15
4894,2025-05-20,CUST0235,Customer 0235,Shoes,Fashion,South,1,4000,3880.0,0.03,743.68
4895,2025-01-04,CUST0352,Customer 0352,T-Shirt,Fashion,North,3,1200,3312.0,0.08,342.07
4896,2025-05-07,CUST0375,Customer 0375,Coffee,Grocery,South,5,500,2125.0,0.15,394.01
4897,2025-08-27,CUST0054,Customer 0054,Rice,Grocery,South,3,1000,2580.0,0.14,737.13
4898,2025-04-19,CUST0267,Customer 0267,Rice,Grocery,East,4,1000,3400.0,0.15,931.68
4899,2025-03-16,CUST0263,Customer 0263,Desk,Furniture,North,5,12000,49800.0,0.17,9594.59
4900,2025-10-07,CUST0396,Customer 0396,Chair,Furniture,South,2,7000,11340.0,0.19,2073.3
4901,2025-01-27,CUST0365,Customer 0365,Coffee,Grocery,West,1,500,435.0,0.13,79.8
4902,2025-10-28,CUST0146,Customer 0146,Coffee,Grocery,East,5,500,2000.0,0.2,533.85
4903,2025-05-22,CUST0161,Customer 0161,T-Shirt,Fashion,North,3,1200,2988.0,0.17,442.63
4904,2025-01-23,CUST0232,Customer 0232,Shoes,Fashion,West,5,4000,16400.0,0.18,1926.65
4905,2025-03-11,CUST0198,Customer 0198,Rice,Grocery,West,3,1000,2820.0,0.06,369.69
4906,2025-07-01,CUST0291,Customer 0291,Phone,Electronics,East,4,30000,118800.0,0.01,30421.48
4907,2025-05-08,CUST0175,Customer 0175,Coffee,Grocery,East,5,500,2400.0,0.04,514.73
4908,2025-11-17,CUST0327,Customer 0327,Oil,Grocery,West,5,1500,6375.0,0.15,1158.04
4909,2025-07-06,CUST0260,Customer 0260,Desk,Furniture,West,4,12000,43200.0,0.1,5575.09
4910,2025-06-18,CUST0214,Customer 0214,Rice,Grocery,East,5,1000,4950.0,0.01,915.4
4911,2025-04-22,CUST0157,Customer 0157,Rice,Grocery,South,1,1000,900.0,0.1,261.14
4912,2025-01-30,CUST0227,Customer 0227,Rice,Grocery,West,1,1000,840.0,0.16,222.47
4913,2025-07-18,CUST0049,Customer 0049,Rice,Grocery,North,2,1000,1880.0,0.06,160.96
4914,2025-09-09,CUST0261,Customer 0261,Jeans,Fashion,South,2,2500,4600.0,0.08,526.6
4915,2025-04-12,CUST0367,Customer 0367,Oil,Grocery,South,5,1500,7050.0,0.06,585.18
4916,2025-07-29,CUST0298,Customer 0298,Coffee,Grocery,East,5,500,2325.0,0.07,673.94
4917,2025-12-16,CUST0393,Customer 0393,Laptop,Electronics,South,2,65000,124800.0,0.04,30987.27
4918,2025-12-16,CUST0411,Customer 0411,Shoes,Fashion,East,3,4000,11520.0,0.04,2083.88
4919,2025-12-22,CUST0344,Customer 0344,Oil,Grocery,West,3,1500,3780.0,0.16,539.19
4920,2025-03-21,CUST0135,Customer 0135,Coffee,Grocery,South,1,500,480.0,0.04,140.68
4921,2025-05-18,CUST0247,Customer 0247,T-Shirt,Fashion,East,1,1200,1128.0,0.06,286.83
4922,2025-01-18,CUST0300,Customer 0300,Keyboard,Electronics,West,3,2500,7050.0,0.06,1098.59
4923,2025-01-22,CUST0468,Customer 0468,Headphones,Electronics,East,1,3000,2970.0,0.01,311.79
4924,2025-02-07,CUST0100,Customer 0100,Shoes,Fashion,East,3,4000,11400.0,0.05,3252.84
4925,2025-10-16,CUST0141,Customer 0141,T-Shirt,Fashion,South,4,1200,4704.0,0.02,542.02
4926,2025-12-06,CUST0306,Customer 0306,Phone,Electronics,North,2,30000,54000.0,0.1,13021.14
4927,2025-08-03,CUST0167,Customer 0167,Laptop,Electronics,South,4,65000,221000.0,0.15,22705.75
4928,2025-03-28,CUST0446,Customer 0446,Headphones,Electronics,North,5,3000,13050.0,0.13,2927.99
4929,2025-07-06,CUST0198,Customer 0198,Chair,Furniture,South,3,7000,19320.0,0.08,4499.52
4930,2025-12-10,CUST0003,Customer 0003,Chair,Furniture,East,3,7000,19530.0,0.07,5048.14
4931,2025-10-25,CUST0171,Customer 0171,Laptop,Electronics,East,2,65000,105300.0,0.19,13340.89
4932,2025-08-08,CUST0004,Customer 0004,T-Shirt,Fashion,East,4,1200,4320.0,0.1,857.8
4933,2025-04-21,CUST0119,Customer 0119,Rice,Grocery,South,2,1000,1800.0,0.1,483.7
4934,2025-10-23,CUST0371,Customer 0371,Coffee,Grocery,North,1,500,475.0,0.05,124.05
4935,2025-01-15,CUST0267,Customer 0267,Headphones,Electronics,South,2,3000,5520.0,0.08,899.46
4936,2025-08-06,CUST0456,Customer 0456,Coffee,Grocery,South,1,500,480.0,0.04,110.8
4937,2025-02-01,CUST0289,Customer 0289,T-Shirt,Fashion,West,3,1200,2916.0,0.19,667.29
4938,2025-02-23,CUST0235,Customer 0235,Coffee,Grocery,West,1,500,455.0,0.09,130.35
4939,2025-01-13,CUST0470,Customer 0470,Oil,Grocery,South,1,1500,1215.0,0.19,278.49
4940,2025-01-20,CUST0029,Customer 0029,Keyboard,Electronics,North,5,2500,10375.0,0.17,1407.13
4941,2025-08-23,CUST0224,Customer 0224,Coffee,Grocery,West,4,500,1640.0,0.18,460.38
4942,2025-04-04,CUST0373,Customer 0373,Phone,Electronics,South,5,30000,130500.0,0.13,30131.24
4943,2025-10-29,CUST0377,Customer 0377,Rice,Grocery,West,1,1000,850.0,0.15,97.46
4944,2025-11-29,CUST0313,Customer 0313,Headphones,Electronics,North,1,3000,3000.0,0.0,462.54
4945,2025-09-03,CUST0044,Customer 0044,Headphones,Electronics,North,2,3000,4920.0,0.18,439.19
4946,2025-10-14,CUST0065,Customer 0065,Headphones,Electronics,East,5,3000,14250.0,0.05,2592.45
4947,2025-04-04,CUST0233,Customer 0233,Laptop,Electronics,West,3,65000,183300.0,0.06,37232.84
4948,2025-10-05,CUST0275,Customer 0275,T-Shirt,Fashion,North,2,1200,1968.0,0.18,561.62
4949,2025-07-24,CUST0100,Customer 0100,Headphones,Electronics,North,2,3000,5160.0,0.14,1001.46
4950,2025-02-10,CUST0086,Customer 0086,Shoes,Fashion,East,5,4000,17800.0,0.11,4954.42
4951,2025-08-01,CUST0361,Customer 0361,Shoes,Fashion,East,3,4000,10800.0,0.1,1633.93
4952,2025-09-09,CUST0210,Customer 0210,Laptop,Electronics,North,5,65000,299000.0,0.08,69479.91
4953,2025-11-28,CUST0219,Customer 0219,Chair,Furniture,East,4,7000,27160.0,0.03,5923.0
4954,2025-04-01,CUST0186,Customer 0186,T-Shirt,Fashion,East,2,1200,2184.0,0.09,398.52
4955,2025-08-29,CUST0254,Customer 0254,Jeans,Fashion,East,5,2500,11875.0,0.05,2103.47
4956,2025-08-02,CUST0163,Customer 0163,T-Shirt,Fashion,West,4,1200,4368.0,0.09,1183.1
4957,2025-02-14,CUST0073,Customer 0073,Coffee,Grocery,South,5,500,2250.0,0.1,404.61
4958,2025-10-07,CUST0157,Customer 0157,Headphones,Electronics,South,4,3000,10800.0,0.1,2754.26
4959,2025-09-20,CUST0408,Customer 0408,Headphones,Electronics,West,4,3000,10320.0,0.14,987.25
4960,2025-05-12,CUST0062,Customer 0062,T-Shirt,Fashion,West,1,1200,1200.0,0.0,147.71
4961,2025-02-08,CUST0331,Customer 0331,Jeans,Fashion,West,4,2500,9900.0,0.01,1635.31
4962,2025-10-05,CUST0264,Customer 0264,Laptop,Electronics,West,2,65000,128700.0,0.01,34060.79
4963,2025-07-13,CUST0157,Customer 0157,T-Shirt,Fashion,South,5,1200,4980.0,0.17,1095.18
4964,2025-08-27,CUST0299,Customer 0299,Jeans,Fashion,East,2,2500,4100.0,0.18,1121.87
4965,2025-03-10,CUST0286,Customer 0286,Rice,Grocery,East,3,1000,2850.0,0.05,461.92
4966,2025-02-12,CUST0430,Customer 0430,Shoes,Fashion,East,1,4000,3920.0,0.02,834.43
4967,2025-10-12,CUST0011,Customer 0011,Jeans,Fashion,West,4,2500,10000.0,0.0,2345.39
4968,2025-01-01,CUST0355,Customer 0355,Jeans,Fashion,East,4,2500,9000.0,0.1,2498.86
4969,2025-03-29,CUST0021,Customer 0021,T-Shirt,Fashion,North,4,1200,4176.0,0.13,999.72
4970,2025-08-30,CUST0424,Customer 0424,Chair,Furniture,East,1,7000,6580.0,0.06,852.02
4971,2025-08-15,CUST0306,Customer 0306,Shoes,Fashion,East,4,4000,13760.0,0.14,3062.78
4972,2025-07-31,CUST0043,Customer 0043,Rice,Grocery,North,1,1000,930.0,0.07,88.18
4973,2025-10-20,CUST0474,Customer 0474,Laptop,Electronics,North,1,65000,55900.0,0.14,5099.15
4974,2025-09-12,CUST0285,Customer 0285,Oil,Grocery,East,3,1500,4455.0,0.01,529.5
4975,2025-01-25,CUST0077,Customer 0077,Desk,Furniture,South,3,12000,32040.0,0.11,3715.48
4976,2025-12-27,CUST0350,Customer 0350,Coffee,Grocery,South,2,500,990.0,0.01,81.8
4977,2025-11-14,CUST0462,Customer 0462,T-Shirt,Fashion,West,3,1200,2952.0,0.18,749.58
4978,2025-05-18,CUST0332,Customer 0332,T-Shirt,Fashion,West,3,1200,3132.0,0.13,848.75
4979,2025-06-14,CUST0305,Customer 0305,Oil,Grocery,South,4,1500,5100.0,0.15,693.44
4980,2025-06-27,CUST0078,Customer 0078,Shoes,Fashion,South,5,4000,17000.0,0.15,2324.6
4981,2025-01-29,CUST0145,Customer 0145,Phone,Electronics,South,4,30000,112800.0,0.06,17690.29
4982,2025-08-14,CUST0150,Customer 0150,Laptop,Electronics,South,3,65000,191100.0,0.02,53044.71
4983,2025-05-03,CUST0235,Customer 0235,Coffee,Grocery,West,2,500,830.0,0.17,210.55
4984,2025-10-21,CUST0395,Customer 0395,Rice,Grocery,West,5,1000,4550.0,0.09,898.11
4985,2025-01-03,CUST0429,Customer 0429,Jeans,Fashion,West,3,2500,6975.0,0.07,1734.69
4986,2025-06-04,CUST0307,Customer 0307,Rice,Grocery,West,1,1000,840.0,0.16,163.47
4987,2025-09-22,CUST0261,Customer 0261,Phone,Electronics,North,3,30000,85500.0,0.05,18356.88
4988,2025-04-19,CUST0490,Customer 0490,Desk,Furniture,North,5,12000,55200.0,0.08,7855.68
4989,2025-12-12,CUST0183,Customer 0183,T-Shirt,Fashion,West,3,1200,3420.0,0.05,293.77
4990,2025-04-18,CUST0094,Customer 0094,Chair,Furniture,West,3,7000,17850.0,0.15,2674.19
4991,2025-10-30,CUST0056,Customer 0056,Phone,Electronics,East,1,30000,29400.0,0.02,8579.38
4992,2025-12-21,CUST0442,Customer 0442,Phone,Electronics,East,5,30000,142500.0,0.05,32637.37
4993,2025-11-02,CUST0114,Customer 0114,Headphones,Electronics,West,1,3000,2850.0,0.05,746.37
4994,2025-03-02,CUST0257,Customer 0257,Rice,Grocery,South,2,1000,1980.0,0.01,445.5
4995,2025-11-30,CUST0141,Customer 0141,Oil,Grocery,South,5,1500,7500.0,0.0,1852.94
4996,2025-03-17,CUST0337,Customer 0337,Shoes,Fashion,West,3,4000,11640.0,0.03,2509.16
4997,2025-12-06,CUST0478,Customer 0478,Headphones,Electronics,South,1,3000,2790.0,0.07,426.91
4998,2025-10-22,CUST0265,Customer 0265,T-Shirt,Fashion,South,5,1200,4980.0,0.17,1185.33
4999,2025-02-02,CUST0438,Customer 0438,Chair,Furniture,East,4,7000,22680.0,0.19,3088.67
5000,2025-08-17,CUST0157,Customer 0157,Shoes,Fashion,West,1,4000,3760.0,0.06,783.78
